x,y,z,x_quat,y_quat,z_quat,w_quat,speed
89669.8263483,43133.2493592,0.0,0.0,0.0,-0.8641775065970679,0.5031870796152009,1.5
89668.2388976,43130.4524223,0.0,0.0,0.0,-0.8606523117924969,0.5091930853872926,1.5
89666.8782255,43127.8822640,0.0,0.0,0.0,-0.8661705823692289,0.4997484589652586,1.5
89665.4419606,43125.6144773,0.0,0.0,0.0,-0.8717645733621451,0.4899250234788148,1.5
89663.7033241,43122.6663545,0.0,0.0,0.0,-0.923879530436657,0.3826834373736889,1.5
89660.8307943,43121.0033109,0.0,0.0,0.0,-0.9622001665890857,0.2723432382416274,1.5
89657.8070786,43119.0378958,0.0,0.0,0.0,-0.9654333509741281,0.2606500428292041,1.5
89653.9518412,43116.9968877,0.0,0.0,0.0,-0.9954353659106495,0.09543810713929381,1.5
89650.6152776,43117.6460633,0.0,0.0,0.0,0.9914527149056152,0.1304665248494224,2.0
89647.0411408,43118.8477128,0.0,0.0,0.0,0.9852326643632739,0.1712209013866136,8.333333333333334
89644.4559346,43119.8535652,0.0,0.0,0.0,0.9828388597138762,0.1844661915808084,8.333333333333334
89642.0837573,43120.7765323,0.0,0.0,0.0,0.9812502808624526,0.1927378694168793,8.333333333333334
89638.6820772,43122.2127972,0.0,0.0,0.0,0.9738941190892163,0.2270027418412373,8.333333333333334
89636.7166621,43123.4222834,0.0,0.0,0.0,0.1865735268901399,0.982441000296595,8.333333333333334
89656.3124028,43129.1596191,0.0,0.0,0.0,0.1194063298182474,0.9928454705538702,9.72
89656.0937620,43128.1515306,0.0,0.0,0.0,-0.7918599686145863,0.6107027018981547,9.72
89655.7990183,43127.2054014,0.0,0.0,0.0,-0.8196678051560653,0.5728391477462401,9.72
89655.4202040,43126.3112561,0.0,0.0,0.0,-0.8494737098946241,0.527630946967541,9.72
89654.9347945,43125.4574646,0.0,0.0,0.0,-0.8804336131580487,0.4741694347187126,9.72
89654.3248478,43124.6493941,0.0,0.0,0.0,-0.9076181566346754,0.4197967147883293,9.72
89653.6399628,43123.9336997,0.0,0.0,0.0,-0.9281620774383512,0.3721762458907394,9.72
89652.8778914,43123.2666627,0.0,0.0,0.0,-0.9424691801295585,0.3342930518361364,9.72
89652.0721947,43122.6614659,0.0,0.0,0.0,-0.954954287150566,0.296752943460978,9.72
89651.2032925,43122.1146510,0.0,0.0,0.0,-0.9681550591163542,0.2503513161687164,9.72
89650.3209937,43121.6908950,0.0,0.0,0.0,-0.9822125570687541,0.1877724493541569,9.72
89649.4057720,43121.4013058,0.0,0.0,0.0,-0.9929908395286009,0.1181913389901492,9.72
89648.4377875,43121.2361531,0.0,0.0,0.0,-0.9983512077958782,0.05740092240122391,9.72
89647.4041518,43121.1703732,0.0,0.0,0.0,-0.9998781562991551,0.01561001459968211,9.72
89646.4534061,43121.1741780,0.0,0.0,0.0,0.9999145212855285,0.01307478957124296,9.72
89645.4495242,43121.2214990,0.0,0.0,0.0,0.9995162076727289,0.0311022603604048,9.72
89644.4079722,43121.3015982,0.0,0.0,0.0,0.999031018156244,0.04401164347872694,9.72
89643.4168655,43121.4009421,0.0,0.0,0.0,0.99826886972226,0.05881550597794331,9.72
89642.4206139,43121.5365943,0.0,0.0,0.0,0.9967196848458858,0.08093126615046961,9.72
89641.4395191,43121.7241849,0.0,0.0,0.0,0.9935983219425508,0.112970680412871,9.72
89640.4505045,43121.9904587,0.0,0.0,0.0,0.9885096032280942,0.1511580772761936,9.72
89639.5025323,43122.3307576,0.0,0.0,0.0,0.9815231089109019,0.191343635049295,9.72
89638.6146491,43122.7345198,0.0,0.0,0.0,0.9724885106389635,0.2329508460495702,9.72
89637.7426566,43123.2252056,0.0,0.0,0.0,0.9619946835606634,0.273068176104465,9.72
89636.9179657,43123.7821611,0.0,0.0,0.0,0.9433150356130375,0.3318986947644925,9.72
89636.1916754,43124.4708062,0.0,0.0,0.0,0.90565604741422,0.424013117464604,9.72
89635.5923194,43125.3719207,0.0,0.0,0.0,0.8667898729597793,0.4986735566824952,9.72
89635.0462344,43126.4408131,0.0,0.0,0.0,0.8537652841488096,0.5206580831815658,9.72
89634.4824875,43127.5270521,0.0,0.0,0.0,0.8672181030741396,0.4979284704658803,9.72
89633.8686968,43128.4580350,0.0,0.0,0.0,0.9021959833448956,0.4313263354310015,9.72
89633.1520601,43129.1760764,0.0,0.0,0.0,0.9298448158762745,0.3679519240172785,9.72
89632.5561379,43129.6896930,0.0,0.0,0.0,0.9208903789254379,0.389821638704887,9.72
89632.2711804,43130.0846549,0.0,0.0,0.0,0.8472423773008242,0.5312065079662032,9.72
89632.1570146,43130.5143647,0.0,0.0,0.0,0.7860533765574133,0.6181586278639888,9.72
89632.0216543,43131.1132114,0.0,0.0,0.0,0.8255267025954284,0.5643630598310978,9.72
89631.6278209,43131.8728073,0.0,0.0,0.0,0.8777081490929618,0.4791955811730814,9.72
89630.9907971,43132.7168274,0.0,0.0,0.0,0.8974137927928577,0.4411898508637046,9.72
89630.2787702,43133.6220354,0.0,0.0,0.0,0.8998190189816578,0.4362633758165895,9.72
89629.5415352,43134.5539819,0.0,0.0,0.0,0.8885323803152665,0.4588139155815641,9.72
89628.9304614,43135.5207774,0.0,0.0,0.0,0.8515919804146836,0.5242052068545267,9.72
89628.5502817,43136.5188440,0.0,0.0,0.0,0.8305853993873862,0.5568912769333851,9.72
89628.1265965,43137.4790656,0.0,0.0,0.0,0.8750381090763834,0.4840540338268317,9.72
89627.4048797,43138.3448440,0.0,0.0,0.0,0.916385974024701,0.4002958238737947,9.72
89626.5861065,43139.1422560,0.0,0.0,0.0,0.9186395238942839,0.3950967288390064,9.72
89625.9065383,43139.9261975,0.0,0.0,0.0,0.8823041298956181,0.4706797450168599,9.72
89625.5073448,43140.7510692,0.0,0.0,0.0,0.8221802196879978,0.5692272712667548,9.72
89625.2700049,43141.6190138,0.0,0.0,0.0,0.8135420675384051,0.5815060656135387,9.72
89624.9165574,43142.4779045,0.0,0.0,0.0,0.8574411481361535,0.5145820415472686,9.72
89624.3674718,43143.3120839,0.0,0.0,0.0,0.8883947368502304,0.4590803759003536,9.72
89623.7751162,43144.0873715,0.0,0.0,0.0,0.8894388455171849,0.4570541981921371,9.72
89623.3062531,43144.7940706,0.0,0.0,0.0,0.8726182436004466,0.4884029084021426,9.72
89622.9241073,43145.4745331,0.0,0.0,0.0,0.8384124577008549,0.5450362839041197,9.72
89622.6781349,43146.2084522,0.0,0.0,0.0,0.8087167165506396,0.5881983274130864,9.72
89622.4251556,43147.0155021,0.0,0.0,0.0,0.8436118107238584,0.5369535480907197,9.72
89621.9062102,43147.8603100,0.0,0.0,0.0,0.8829738399586794,0.4694221958414667,9.72
89621.2720995,43148.7245658,0.0,0.0,0.0,0.885209941821009,0.465191744231608,9.72
89620.7236479,43149.5774323,0.0,0.0,0.0,0.8699921898114569,0.4930655024102436,9.72
89620.2578330,43150.4182441,0.0,0.0,0.0,0.855657920272819,0.5175418084313519,9.72
89619.8467923,43151.2500786,0.0,0.0,0.0,0.8507632545563149,0.5255491268157022,9.72
89619.3990775,43152.1339196,0.0,0.0,0.0,0.8584243331205095,0.5129402151387709,9.72
89618.8334661,43153.1335847,0.0,0.0,0.0,0.8679336824733522,0.4966801010995369,9.72
89618.1835197,43154.2025767,0.0,0.0,0.0,0.8762705168078904,0.4818194489362512,9.72
89617.4596944,43155.2990211,0.0,0.0,0.0,0.8829793272836368,0.469411874146507,9.72
89616.7086519,43156.3885205,0.0,0.0,0.0,0.8797475981741267,0.4754410200086391,9.72
89616.0764402,43157.4109347,0.0,0.0,0.0,0.882288659689601,0.4707087432618258,9.72
89615.4200939,43158.3104870,0.0,0.0,0.0,0.910211703023649,0.4141432791665087,9.72
89614.6266910,43159.0746152,0.0,0.0,0.0,0.9265013117869479,0.3762915349261322,9.72
89613.9212556,43159.7684671,0.0,0.0,0.0,0.9062511807284266,0.4227396331411721,9.72
89613.4191288,43160.5145148,0.0,0.0,0.0,0.8718149637512709,0.4898353488462937,9.72
89613.0192735,43161.2496086,0.0,0.0,0.0,0.852589580383158,0.5225811012867482,9.72
89612.7150892,43161.8969321,0.0,0.0,0.0,0.7979193544939087,0.602764219014387,9.72
89612.5955537,43162.7406690,0.0,0.0,0.0,0.7215659138442226,0.6923457459811188,9.72
89612.6395427,43163.7239305,0.0,0.0,0.0,0.6436209734147238,0.7653443947535536,9.72
89612.9404568,43164.7219210,0.0,0.0,0.0,0.5256134457083983,0.8507235189475748,9.72
89613.5975675,43165.6386557,0.0,0.0,0.0,0.3737178486423219,0.9275424354746011,9.72
89614.6266910,43166.3440639,0.0,0.0,0.0,0.2141296048419886,0.976805258140134,9.72
89615.9798113,43166.7358234,0.0,0.0,0.0,0.05694099171553705,0.9983775455520076,9.72
89617.4205462,43166.6637907,0.0,0.0,0.0,-0.0978278316999957,0.9952033537648862,9.72
89618.7321720,43166.1894333,0.0,0.0,0.0,-0.2061078548616161,0.9785292801773194,9.72
89619.9737258,43165.5383048,0.0,0.0,0.0,-0.2856936721023771,0.9583209930501676,9.72
89620.8144018,43164.8268273,0.0,0.0,0.0,-0.4178415392971853,0.9085199216515611,9.72
89621.1926446,43164.1163296,0.0,0.0,0.0,-0.5188543837878076,0.8548626371670331,9.72
89621.5612150,43163.3915475,0.0,0.0,0.0,-0.4801657670777228,0.8771777676883187,9.72
89622.0701477,43162.7446142,0.0,0.0,0.0,-0.4364255072660978,0.8997403940068097,9.72
89622.6095372,43162.0616582,0.0,0.0,0.0,-0.4831498469185024,0.8755376779000591,9.72
89623.0185426,43161.2395993,0.0,0.0,0.0,-0.5387918515442188,0.8424389240233101,9.72
89623.4160830,43160.3159039,0.0,0.0,0.0,-0.5219744177674712,0.8529611404960424,9.72
89623.9597073,43159.3980592,0.0,0.0,0.0,-0.445323750369561,0.8953696205237192,9.72
89624.7101198,43158.6056185,0.0,0.0,0.0,-0.4018907770004631,0.9156876123230914,9.72
89625.4664237,43157.7599268,0.0,0.0,0.0,-0.4360777811534605,0.8999089780551557,9.72
89626.1745079,43156.7508632,0.0,0.0,0.0,-0.4627461249833269,0.8864908481269929,9.72
89626.9035679,43155.6976125,0.0,0.0,0.0,-0.4761723007098226,0.8793520000754614,9.72
89627.5399019,43154.6586357,0.0,0.0,0.0,-0.5121692410058409,0.8588845490329308,9.72
89627.9930966,43153.6811533,0.0,0.0,0.0,-0.5360516618296889,0.8441851786483987,9.72
89628.4235965,43152.7780894,0.0,0.0,0.0,-0.502058708099629,0.864833540990017,9.72
89628.9923838,43151.9311619,0.0,0.0,0.0,-0.4590057479670766,0.8884332970646612,9.72
89629.6107113,43151.1048172,0.0,0.0,0.0,-0.4616453258214425,0.8870645935596878,9.72
89630.1671788,43150.2542120,0.0,0.0,0.0,-0.5103064922937126,0.8599926069001332,9.72
89630.5725783,43149.3429340,0.0,0.0,0.0,-0.5478191115598587,0.8365968091080476,9.72
89630.9199414,43148.5283296,0.0,0.0,0.0,-0.5141549984723521,0.8576972878270606,9.72
89631.3260817,43147.9328151,0.0,0.0,0.0,-0.4424194876640215,0.8968082275130534,9.72
89631.7654983,43147.4257128,0.0,0.0,0.0,-0.4308912233236601,0.9024038750263873,9.72
89632.2060540,43146.8442661,0.0,0.0,0.0,-0.4841885748639909,0.8749636700864656,9.72
89632.6232638,43146.0573282,0.0,0.0,0.0,-0.5283454090035236,0.8490295217393206,9.72
89633.0406612,43145.1490572,0.0,0.0,0.0,-0.5317705684921016,0.846888459294131,9.72
89633.4919211,43144.2563890,0.0,0.0,0.0,-0.5147391218676489,0.8573468588727212,9.72
89633.9808683,43143.3837562,0.0,0.0,0.0,-0.4950832009201084,0.8688455698032301,9.72
89634.5110665,43142.5365030,0.0,0.0,0.0,-0.4725811844994811,0.8812871405263255,9.72
89635.0825913,43141.7252814,0.0,0.0,0.0,-0.4472359620090764,0.8944160073957844,9.72
89635.6989101,43140.9525465,0.0,0.0,0.0,-0.4198118460274921,0.9076111578947172,9.72
89636.3703751,43140.2097081,0.0,0.0,0.0,-0.3915746612544128,0.9201463387219948,9.72
89637.0981653,43139.4982497,0.0,0.0,0.0,-0.3629116572415285,0.9318235503775419,9.72
89637.8701690,43138.8325931,0.0,0.0,0.0,-0.3317173696975627,0.9433788139665479,9.72
89638.6757985,43138.2322421,0.0,0.0,0.0,-0.2933972056685988,0.9559906274152785,9.72
89639.5190695,43137.7152420,0.0,0.0,0.0,-0.2392001154670779,0.9709702903593583,9.72
89640.4913112,43137.2799386,0.0,0.0,0.0,-0.1684994742965222,0.9857017435115937,9.72
89641.4232192,43137.0446412,0.0,0.0,0.0,-0.06607077993963285,0.997814938772801,9.72
89642.3676397,43137.0303604,0.0,0.0,0.0,0.0604466797861585,0.9981714276129274,9.72
89643.3146287,43137.2745621,0.0,0.0,0.0,0.1764400853557905,0.9843113817688188,9.72
89644.2270836,43137.7191101,0.0,0.0,0.0,0.2556731135957626,0.9667632900479043,9.72
89645.0744422,43138.2753704,0.0,0.0,0.0,0.3176584277185499,0.9482052115968246,9.72
89645.8271312,43138.9267053,0.0,0.0,0.0,0.3930871334761821,0.9195012264785067,9.72
89646.4331306,43139.6968314,0.0,0.0,0.0,0.4950745155367345,0.8688505188270693,9.72
89646.8178763,43140.5985874,0.0,0.0,0.0,0.5998318920087355,0.8001260533998507,9.72
89646.9749383,43141.5515578,0.0,0.0,0.0,0.6764681224121177,0.7364719134904087,9.72
89646.9821637,43142.5293788,0.0,0.0,0.0,0.723975093682236,0.6898261112249938,9.72
89646.8770600,43143.5765043,0.0,0.0,0.0,0.7555360578488203,0.6551070639905084,9.72
89646.6889076,43144.5785029,0.0,0.0,0.0,0.7809525861576686,0.6245903122636863,9.72
89646.4330776,43145.5472908,0.0,0.0,0.0,0.8021930486029383,0.5970647475551742,9.72
89646.1138662,43146.4976405,0.0,0.0,0.0,0.8210517654824947,0.570853745190551,9.72
89645.7339438,43147.4291714,0.0,0.0,0.0,0.8379179010767275,0.5457962908037867,9.72
89645.3018552,43148.3350835,0.0,0.0,0.0,0.8518918924020933,0.5237176755271683,9.72
89644.8328189,43149.2103073,0.0,0.0,0.0,0.8624605662819916,0.5061242649869163,9.72
89644.3326256,43150.0701706,0.0,0.0,0.0,0.8700622412322644,0.4929418793142747,9.72
89643.8075191,43150.9213063,0.0,0.0,0.0,0.8756667893342122,0.4829158043149059,9.72
89643.2667573,43151.7596018,0.0,0.0,0.0,0.879774741897697,0.4753907903176508,9.72
89642.7141101,43152.5902767,0.0,0.0,0.0,0.8824837127194576,0.4703429565592345,9.72
89642.1534953,43153.4171303,0.0,0.0,0.0,0.8839914516339203,0.4675030624906688,9.72
89641.5890120,43154.2423744,0.0,0.0,0.0,0.8844205064312803,0.4666908696383909,9.72
89641.0249788,43155.0677217,0.0,0.0,0.0,0.8840017145425312,0.4674836560628245,9.72
89640.4638289,43155.8944410,0.0,0.0,0.0,0.8831812928683478,0.4690317728335616,9.72
89639.9057144,43156.7235394,0.0,0.0,0.0,0.8822131016038804,0.4708503407224649,9.72
89639.3513563,43157.5549169,0.0,0.0,0.0,0.8812548681716198,0.4726413622651121,9.72
89638.8002405,43158.3881538,0.0,0.0,0.0,0.8806145740740842,0.4738332743996767,9.72
89638.2502039,43159.2227999,0.0,0.0,0.0,0.8804690352516457,0.4741036574031424,9.72
89637.6999412,43160.0569727,0.0,0.0,0.0,0.8808271758561641,0.4734379434236911,9.72
89637.1478143,43160.8893011,0.0,0.0,0.0,0.8816869357848371,0.4718348728806981,9.72
89636.5912972,43161.7197503,0.0,0.0,0.0,0.883041411281876,0.4692950734466673,9.72
89636.0292850,43162.5461599,0.0,0.0,0.0,0.8849104505545039,0.4657611990059122,9.72
89635.4601760,43163.3667112,0.0,0.0,0.0,0.8873489790419234,0.4610984595433563,9.72
89634.8806886,43164.1814192,0.0,0.0,0.0,0.8903713095896737,0.4552350283749806,9.72
89634.2897597,43164.9871546,0.0,0.0,0.0,0.8938798175910613,0.4483066714910353,9.72
89633.6865304,43165.7817668,0.0,0.0,0.0,0.8976806969579688,0.440646532165017,9.72
89633.0679362,43166.5674553,0.0,0.0,0.0,0.9016352437198797,0.432497268525702,9.72
89632.4342472,43167.3422074,0.0,0.0,0.0,0.905545430244497,0.4242493061435799,9.72
89631.7878780,43168.1041731,0.0,0.0,0.0,0.9089871598614507,0.4168241154336124,9.72
89631.1296942,43168.8572038,0.0,0.0,0.0,0.9117221172138341,0.4108074743515797,9.72
89630.4595465,43169.6061670,0.0,0.0,0.0,0.9141796012769551,0.4053093344707318,9.72
89629.7725351,43170.3550460,0.0,0.0,0.0,0.9175125798829947,0.3977067584998416,9.72
89629.0829244,43171.0757036,0.0,0.0,0.0,0.9227105488315401,0.3854935058791498,9.72
89628.3819020,43171.7627127,0.0,0.0,0.0,0.9303001543559304,0.3667991586758782,9.72
89627.6395554,43172.4233963,0.0,0.0,0.0,0.9403484831665185,0.340212771962529,9.72
89626.8564977,43173.0327152,0.0,0.0,0.0,0.9517890571974781,0.3067533057672497,9.72
89626.0268729,43173.5833942,0.0,0.0,0.0,0.9616593354026503,0.2742468279359546,9.72
89625.1654555,43174.0826066,0.0,0.0,0.0,0.9677800858342731,0.2517969528461513,9.72
89624.2743150,43174.5615713,0.0,0.0,0.0,0.9701981236004761,0.2423130226837082,9.72
89623.3742265,43175.0368732,0.0,0.0,0.0,0.9692852939587651,0.2459390552866104,9.72
89622.4881355,43175.5303655,0.0,0.0,0.0,0.9640222920391381,0.2658214070604674,9.72
89621.6580200,43176.0612182,0.0,0.0,0.0,0.9523396167666236,0.3050397586164803,9.72
89620.8943331,43176.6681000,0.0,0.0,0.0,0.9327259293606578,0.3605861071898046,9.72
89620.2111547,43177.3764904,0.0,0.0,0.0,0.9057329252228934,0.4238488742077541,9.72
89619.6218260,43178.1930085,0.0,0.0,0.0,0.8741701680783647,0.485619724930777,9.72
89619.1592527,43179.0668471,0.0,0.0,0.0,0.8384192014697446,0.5450259100325744,9.72
89618.8200709,43179.9982611,0.0,0.0,0.0,0.7962473092580482,0.60497125758115,9.72
89618.6233887,43180.9930446,0.0,0.0,0.0,0.7443026200861902,0.6678425036884313,9.72
89618.6030781,43181.9962112,0.0,0.0,0.0,0.6838223603169113,0.7296485315071966,9.72
89618.7522863,43182.9788258,0.0,0.0,0.0,0.622429442950714,0.7826759154005341,9.72
89619.0521213,43183.9393009,0.0,0.0,0.0,0.5631526799876734,0.8263528659251452,9.72
89619.4867267,43184.8479225,0.0,0.0,0.0,0.502764262592831,0.8644235629941417,9.72
89620.0445922,43185.6839615,0.0,0.0,0.0,0.4407302443715724,0.8976396001158673,9.72
89620.7082642,43186.4284624,0.0,0.0,0.0,0.3776202020366295,0.9259605731421912,9.72
89621.4635185,43187.0721530,0.0,0.0,0.0,0.3139487861358471,0.9494399189437045,9.72
89622.2914985,43187.6040500,0.0,0.0,0.0,0.2504407362336986,0.9681319319363054,9.72
89623.1868626,43188.0277009,0.0,0.0,0.0,0.1894172180099127,0.9818966939150906,9.72
89624.1432385,43188.3461013,0.0,0.0,0.0,0.1324781853963812,0.9911859212045347,9.72
89625.1443898,43188.5604901,0.0,0.0,0.0,0.08135984771380288,0.9966847922889096,9.72
89626.1639468,43188.6782171,0.0,0.0,0.0,0.03645949750445557,0.9993351314957973,9.72
89627.1658047,43188.7081843,0.0,0.0,0.0,-0.006195508911297995,0.9999808076504919,9.72
89628.1448403,43188.6536704,0.0,0.0,0.0,-0.05526112819183707,0.9984719363662483,9.72
89629.2097741,43188.4812393,0.0,0.0,0.0,-0.1085399065150797,0.9940920926622934,9.72
89630.1268217,43188.2156434,0.0,0.0,0.0,-0.1715018412198766,0.9851837993279184,9.72
89630.9755739,43187.8472419,0.0,0.0,0.0,-0.2363501340870905,0.9716679546619896,9.72
89631.8011492,43187.3498872,0.0,0.0,0.0,-0.2890219159565003,0.9573224807225795,9.72
89632.6180239,43186.7560496,0.0,0.0,0.0,-0.3162149374941439,0.9486875741283717,9.72
89633.3606652,43186.1803161,0.0,0.0,0.0,-0.3277856863982688,0.9447521070589976,9.72
89634.1660168,43185.5348839,0.0,0.0,0.0,-0.3342540477446885,0.9424830139404591,9.72
89634.9922250,43184.8565397,0.0,0.0,0.0,-0.3379963673359655,0.9411474144190649,9.72
89635.7831740,43184.2013426,0.0,0.0,0.0,-0.3363726010116141,0.9417289808053491,9.72
89636.5678403,43183.5663599,0.0,0.0,0.0,-0.3267071774481072,0.9451256108073101,9.72
89637.3298973,43182.9868961,0.0,0.0,0.0,-0.3042869097712068,0.9525804304844234,9.72
89638.2233379,43182.3885306,0.0,0.0,0.0,-0.2705480879644854,0.9627064620634688,9.72
89639.0795889,43181.9191410,0.0,0.0,0.0,-0.2219270637403533,0.9750632689110923,9.72
89639.9473464,43181.5608776,0.0,0.0,0.0,-0.1619673704885937,0.9867961141477051,9.72
89640.8892758,43181.3086293,0.0,0.0,0.0,-0.09792756084874113,0.9951935454102464,9.72
89641.9048387,43181.1718745,0.0,0.0,0.0,-0.04421363735679498,0.9990220989906489,9.72
89642.8450984,43181.1351722,0.0,0.0,0.0,0.001023331286811123,0.9999994763964016,9.72
89643.8507353,43181.1758571,0.0,0.0,0.0,0.04101569695245012,0.9991585022425145,9.72
89644.8918678,43181.3034966,0.0,0.0,0.0,0.07983385724088531,0.9968081837736095,9.72
89645.8553956,43181.4990345,0.0,0.0,0.0,0.1160272844248434,0.9932460265558561,9.72
89646.8247098,43181.7613188,0.0,0.0,0.0,0.1452767165007789,0.9893910630497692,9.72
89647.7861864,43182.0785422,0.0,0.0,0.0,0.1703716727487596,0.9853798724983119,9.72
89648.7377694,43182.4432383,0.0,0.0,0.0,0.191744209727463,0.9814449337767202,9.72
89649.6619619,43182.8405659,0.0,0.0,0.0,0.2095280324716851,0.9778026404180674,9.72
89650.5518749,43183.2581259,0.0,0.0,0.0,0.2241343642261948,0.9745582521188354,9.72
89651.4472278,43183.7075970,0.0,0.0,0.0,0.2358139660501247,0.9717982164089984,9.72
89652.3267429,43184.1733884,0.0,0.0,0.0,0.2449336091627734,0.9695398532822144,9.72
89653.1959580,43184.6513900,0.0,0.0,0.0,0.2505865698220592,0.9680941953264746,9.72
89654.0766515,43185.1443550,0.0,0.0,0.0,0.2504694963617414,0.9681244916808456,9.72
89654.9622809,43185.6309057,0.0,0.0,0.0,0.2419797302870934,0.9702813046380856,9.72
89655.8374802,43186.0808735,0.0,0.0,0.0,0.2217981341616209,0.9750926046701531,9.72
89656.8133170,43186.5189392,0.0,0.0,0.0,0.1921299275403631,0.981369497663003,9.72
89657.7463811,43186.8581029,0.0,0.0,0.0,0.148721406593234,0.9888791347889437,9.72
89658.6607568,43187.0874862,0.0,0.0,0.0,0.07108109213262274,0.9974705400868907,9.72
89659.6251681,43187.1272394,0.0,0.0,0.0,-0.04821217722551239,0.9988371168349601,9.72
89660.5570394,43186.9039980,0.0,0.0,0.0,-0.1683211072445077,0.985732217620984,9.72
89661.4233906,43186.4946753,0.0,0.0,0.0,-0.2673695104242498,0.9635940768266983,9.72
89662.2877301,43185.8634529,0.0,0.0,0.0,-0.3533918579172476,0.9354753843676464,9.72
89662.9702805,43185.1313961,0.0,0.0,0.0,-0.4354129926349084,0.9002308180931784,9.72
89663.5308824,43184.2936824,0.0,0.0,0.0,-0.5041394549597582,0.8636222611494437,9.72
89663.9597475,43183.3790606,0.0,0.0,0.0,-0.5720352851666645,0.8202290122424912,9.72
89664.2355404,43182.3800706,0.0,0.0,0.0,-0.6425684167166383,0.7662283144326322,9.72
89664.3141954,43181.3755910,0.0,0.0,0.0,-0.7157631236204191,0.6983431469307483,9.72
89664.1874288,43180.4275826,0.0,0.0,0.0,-0.7911825485981837,0.6115800640911071,9.72
89663.8329170,43179.5269190,0.0,0.0,0.0,-0.8593847315834319,0.5113295249848896,9.72
89663.2622638,43178.7232960,0.0,0.0,0.0,-0.9107033497058201,0.4130610231365322,9.72
89662.5198492,43178.0273022,0.0,0.0,0.0,-0.9417667192698005,0.3362669274189728,9.72
89661.7305071,43177.4696036,0.0,0.0,0.0,-0.9591018668574584,0.2830611400219716,9.72
89660.8592006,43176.9535569,0.0,0.0,0.0,-0.9672142303433315,0.2539618723772465,9.72
89659.9491298,43176.4648592,0.0,0.0,0.0,-0.9707770536254032,0.2399831497301031,9.72
89659.0449542,43175.9981828,0.0,0.0,0.0,-0.9726095043896782,0.2324451590609374,9.72
89658.1474555,43175.5515236,0.0,0.0,0.0,-0.974474946531776,0.2244962774343757,9.72
89657.2636730,43175.1314512,0.0,0.0,0.0,-0.9768711815825086,0.2138286570915918,9.72
89656.3299394,43174.7158043,0.0,0.0,0.0,-0.9802230679205949,0.1978957733665295,9.72
89655.4037760,43174.3485576,0.0,0.0,0.0,-0.9849161715307493,0.1730321792534894,9.72
89654.4760377,43174.0436644,0.0,0.0,0.0,-0.9899376560109101,0.1415041950318964,9.72
89653.5193016,43173.7985770,0.0,0.0,0.0,-0.9930418510905114,0.1177619717172346,9.72
89652.5464997,43173.5795002,0.0,0.0,0.0,-0.9933636983195608,0.1150154896563267,9.72
89651.5666936,43173.3402720,0.0,0.0,0.0,-0.9910365150046178,0.133591264413142,9.72
89650.6229774,43173.0513229,0.0,0.0,0.0,-0.9853910862290439,0.1703068030947237,9.72
89649.6942957,43172.6731244,0.0,0.0,0.0,-0.974944366218626,0.2224488318210765,9.72
89648.8055570,43172.1764305,0.0,0.0,0.0,-0.9582781055007433,0.2858374931983317,9.72
89647.9783387,43171.5494707,0.0,0.0,0.0,-0.9380711685986166,0.3464426108954063,9.72
89647.2546306,43170.8499515,0.0,0.0,0.0,-0.9161860780900104,0.4007531288886531,9.72
89646.6359382,43170.0972427,0.0,0.0,0.0,-0.8863292567667884,0.4630555567091625,9.72
89646.1064465,43169.1998426,0.0,0.0,0.0,-0.8414056540276216,0.5404040390026247,9.72
89645.8208254,43168.3150500,0.0,0.0,0.0,-0.7727331987372413,0.6347309694424175,9.72
89645.7493815,43167.3965214,0.0,0.0,0.0,-0.69626028851279,0.7177893915627943,9.72
89645.8797021,43166.3819625,0.0,0.0,0.0,-0.6349787967057168,0.7725295643107518,9.72
89646.1393491,43165.4203762,0.0,0.0,0.0,-0.5880198495193307,0.8088464975329148,9.72
89646.4939276,43164.4878333,0.0,0.0,0.0,-0.5446016743634585,0.8386948290531649,9.72
89646.9654997,43163.5652564,0.0,0.0,0.0,-0.4933545111896687,0.8698283315050178,9.72
89647.5443519,43162.7311296,0.0,0.0,0.0,-0.4325420817944941,0.9016137462776869,9.72
89648.2226430,43161.9984407,0.0,0.0,0.0,-0.3702329210157843,0.9289389561193566,9.72
89648.9887936,43161.3623225,0.0,0.0,0.0,-0.310997111339884,0.9504108568078585,9.72
89649.8150245,43160.8313427,0.0,0.0,0.0,-0.2553460017213054,0.9668497398277268,9.72
89650.6964109,43160.3927269,0.0,0.0,0.0,-0.2057656222153853,0.9786013022239013,9.72
89651.6384546,43160.0290658,0.0,0.0,0.0,-0.1646904046282234,0.9863453100326437,9.72
89652.5979439,43159.7395168,0.0,0.0,0.0,-0.1291087992873234,0.9916304341570934,9.72
89653.5592044,43159.5202836,0.0,0.0,0.0,-0.09223665188256863,0.9957371139259066,9.72
89654.5551215,43159.3737859,0.0,0.0,0.0,-0.05006572095957321,0.9987459254408991,9.72
89655.5773889,43159.3174364,0.0,0.0,0.0,-0.00217666058002601,0.9999976310715538,9.72
89656.6343009,43159.3647345,0.0,0.0,0.0,0.04512225333894793,0.9989814724276,9.72
89657.6505354,43159.5051001,0.0,0.0,0.0,0.09048462238358269,0.99589785275002,9.72
89658.5718695,43159.7197498,0.0,0.0,0.0,0.1471248564997375,0.9891179285605592,9.72
89659.5797618,43160.0920049,0.0,0.0,0.0,0.2149471137821007,0.9766256899532926,9.72
89660.4176019,43160.5735695,0.0,0.0,0.0,0.2931471771079529,0.9560673263707103,9.72
89661.0999522,43161.1209778,0.0,0.0,0.0,0.37063515152179,0.9287785443561989,9.72
89661.7366695,43161.8257375,0.0,0.0,0.0,0.4380006742397587,0.898974643338463,9.72
89662.3210799,43162.6812972,0.0,0.0,0.0,0.4822696763211939,0.8760228075233263,9.72
89662.8137022,43163.5272962,0.0,0.0,0.0,0.5125879262791136,0.8586347406393932,9.72
89663.2824559,43164.4647321,0.0,0.0,0.0,0.5440801410119968,0.8390332533078565,9.72
89663.6830302,43165.4728576,0.0,0.0,0.0,0.578608245561272,0.8156056020948524,9.72
89664.0010930,43166.5174608,0.0,0.0,0.0,0.5925577627358697,0.8055279621598873,9.72
89664.2808050,43167.3894346,0.0,0.0,0.0,0.5402130780125747,0.8415282706743606,9.72
89664.7447149,43168.1413941,0.0,0.0,0.0,0.3923912958788471,0.9197983860164787,9.72
89665.5536306,43168.7170379,0.0,0.0,0.0,0.2778501324447198,0.9606244343657159,9.72
89666.4056798,43169.1899472,0.0,0.0,0.0,0.2433228025151144,0.9699453663872984,9.72
89667.3192143,43169.6623663,0.0,0.0,0.0,0.2241873150840583,0.9745460726694255,9.72
89668.2644601,43170.0929309,0.0,0.0,0.0,0.1884774168488571,0.9820775240977578,9.72
89669.2700577,43170.4398011,0.0,0.0,0.0,0.1271272674103617,0.9918864137998737,9.72
89670.2261204,43170.6041698,0.0,0.0,0.0,0.03329964670484769,0.9994454129812855,9.72
89671.1519349,43170.5653417,0.0,0.0,0.0,-0.07641469193851277,0.9970761228993211,9.72
89672.0696371,43170.3199306,0.0,0.0,0.0,-0.1805842517618226,0.9835595193050711,9.72
89673.0112278,43169.8587809,0.0,0.0,0.0,-0.2600684596241535,0.9655901803087685,9.72
89673.8345854,43169.2948392,0.0,0.0,0.0,-0.3171772210922778,0.9483662849448943,9.72
89674.6143365,43168.6514272,0.0,0.0,0.0,-0.3519565971242823,0.9360163213003797,9.72
89675.3628869,43167.9562492,0.0,0.0,0.0,-0.3756653971401314,0.9267553665296724,9.72
89676.0852876,43167.2244379,0.0,0.0,0.0,-0.3965472454984951,0.9180143147508956,9.72
89676.7592997,43166.4731152,0.0,0.0,0.0,-0.4217576826852347,0.906708584439334,9.72
89677.3608660,43165.7101112,0.0,0.0,0.0,-0.452686144778035,0.8916699245382228,9.72
89677.9000609,43164.9126170,0.0,0.0,0.0,-0.4851056184169762,0.8744555671846815,9.72
89678.3887214,43164.0627183,0.0,0.0,0.0,-0.5154942708934366,0.8568930252231279,9.72
89678.8358051,43163.1482092,0.0,0.0,0.0,-0.5420224871882211,0.8403639826779196,9.72
89679.2279801,43162.2088988,0.0,0.0,0.0,-0.5658815767325688,0.8244865317970099,9.72
89679.5648223,43161.2562566,0.0,0.0,0.0,-0.5898461201373725,0.8075156683055063,9.72
89679.8408677,43160.2893729,0.0,0.0,0.0,-0.617602971799488,0.7864900312301746,9.72
89680.0430054,43159.2972560,0.0,0.0,0.0,-0.651610792733519,0.7585534752363837,9.72
89680.1494895,43158.2663058,0.0,0.0,0.0,-0.6894666251254956,0.7243174530812159,9.72
89680.1418211,43157.2941591,0.0,0.0,0.0,-0.731287630888256,0.6820692053669055,9.72
89680.0148137,43156.3349749,0.0,0.0,0.0,-0.7743964248308352,0.6327007011290731,9.72
89679.7527174,43155.3817703,0.0,0.0,0.0,-0.8142203275622873,0.5805559905679739,9.72
89679.3678686,43154.4583111,0.0,0.0,0.0,-0.8451644666946544,0.5345063369472249,9.72
89678.9110972,43153.6076542,0.0,0.0,0.0,-0.8702110728378026,0.4926790930316412,9.72
89678.3559319,43152.7719232,0.0,0.0,0.0,-0.8932110257549221,0.4496377024559216,9.72
89677.7043964,43151.9804057,0.0,0.0,0.0,-0.9147901873365323,0.4039293417824363,9.72
89677.0005330,43151.2850670,0.0,0.0,0.0,-0.9335599596695534,0.3584212629041165,9.72
89676.2238501,43150.6470096,0.0,0.0,0.0,-0.9485241641768961,0.3167047678398932,9.72
89675.3880725,43150.0731859,0.0,0.0,0.0,-0.9609157029866463,0.2768411308922129,9.72
89674.4984495,43149.5628404,0.0,0.0,0.0,-0.9704771816847381,0.2411929514501779,9.72
89673.6023074,43149.1271164,0.0,0.0,0.0,-0.9776168785846328,0.2103930576479165,9.72
89672.6911485,43148.7471630,0.0,0.0,0.0,-0.9832885918933693,0.1820536872803049,9.72
89671.7312882,43148.4096933,0.0,0.0,0.0,-0.9882341742230881,0.1529484125370741,9.72
89670.7961313,43148.1461861,0.0,0.0,0.0,-0.9926228204061839,0.1212432942841494,9.72
89669.8619495,43147.9461187,0.0,0.0,0.0,-0.9960518559341369,0.08877330843311688,9.72
89668.8847067,43147.8027459,0.0,0.0,0.0,-0.9983499809560953,0.05742225635556401,9.72
89667.8635185,43147.7154675,0.0,0.0,0.0,-0.9994268072603475,0.03385346259082161,9.72
89666.9046946,43147.6684544,0.0,0.0,0.0,-0.9996938290540012,0.02474364870728518,9.72
89665.8893700,43147.6176824,0.0,0.0,0.0,-0.9994595509124785,0.03287257351998295,9.72
89664.8482053,43147.5330306,0.0,0.0,0.0,-0.998556846161013,0.05370498100708062,9.72
89663.8360156,43147.3961722,0.0,0.0,0.0,-0.9965757429986473,0.08268487447347379,9.72
89662.8481978,43147.1988530,0.0,0.0,0.0,-0.9931369345051955,0.1169573825015897,9.72
89661.9148244,43146.9373078,0.0,0.0,0.0,-0.9866623717872482,0.1627801096545945,9.72
89660.9269448,43146.5471765,0.0,0.0,0.0,-0.976160043264103,0.2170519982276702,9.72
89660.0587041,43146.0689480,0.0,0.0,0.0,-0.9589349362584906,0.2836261412897702,9.72
89659.3096258,43145.4987429,0.0,0.0,0.0,-0.9320684053278027,0.3622823316002134,9.72
89658.6464114,43144.7756880,0.0,0.0,0.0,-0.8961225767610558,0.4438066329147478,9.72
89658.1116439,43143.9265070,0.0,0.0,0.0,-0.8595729620191559,0.5110130360035983,9.72
89657.7110052,43143.0555582,0.0,0.0,0.0,-0.8291662485170109,0.559002086150156,9.72
89657.3770644,43142.1107657,0.0,0.0,0.0,-0.8050610943422689,0.5931919034987148,9.72
89657.1051847,43141.1023684,0.0,0.0,0.0,-0.7839793319034046,0.6207869257227405,9.72
89656.9116177,43140.1345101,0.0,0.0,0.0,-0.7645183554692137,0.64460195791717,9.72
89656.7692908,43139.1431403,0.0,0.0,0.0,-0.7479328422876735,0.6637744070295887,9.72
89656.6726886,43138.1376858,0.0,0.0,0.0,-0.7335812607205228,0.6796017465543246,9.72
89656.6160731,43137.1404478,0.0,0.0,0.0,-0.7217834506494358,0.6921189568048208,9.72
89656.5888654,43136.1409274,0.0,0.0,0.0,-0.71320519846639,0.7009553087612058,9.72
89656.5814417,43135.1416264,0.0,0.0,0.0,-0.7079772791336779,0.7062352102737971,9.72
89656.5839208,43134.1339159,0.0,0.0,0.0,-0.7065364399085559,0.7076766628067818,9.72
89656.5846818,43133.1322873,0.0,0.0,0.0,-0.7093214463174862,0.7048851578761391,9.72
89656.5714230,43132.1419019,0.0,0.0,0.0,-0.7167435288286784,0.6973368725961746,9.72
89656.5294954,43131.1220670,0.0,0.0,0.0,-0.7285586356946634,0.684983440934692,9.72
89656.4468173,43130.1227713,0.0,0.0,0.0,-0.7449673285878771,0.6671009513834034,9.72
89656.3124028,43129.1596191,0.0,0.0,0.0,-0.754392929728554,0.6564231162714861,9.72
