x,y,z,x_quat,y_quat,z_quat,w_quat,speed
89639.5025323,43122.3307576,0.0,0.0,0.0,0.5584395372310499,0.8295452267701688,9.72
89638.8172972797,43123.05556285602,0.0,0.0,0.0,0.5584395372310499,0.8295452267701688,9.72
89638.1320622594,43123.78036811204,0.0,0.0,0.0,0.5584395372310499,0.8295452267701688,9.72
89637.44682723912,43124.50517336806,0.0,0.0,0.0,0.5584395372310499,0.8295452267701688,9.72
89636.76159221883,43125.229978624084,0.0,0.0,0.0,0.5584395372310499,0.8295452267701688,9.72
89636.07635719853,43125.9547838801,0.0,0.0,0.0,0.5584395372310499,0.8295452267701688,9.72
89635.39112217823,43126.679589136125,0.0,0.0,0.0,0.5584395372310499,0.8295452267701688,9.72
89634.70588715794,43127.40439439214,0.0,0.0,0.0,0.5584395372310499,0.8295452267701688,9.72
89634.02065213764,43128.12919964817,0.0,0.0,0.0,0.5584395372310499,0.8295452267701688,9.72
89633.33541711736,43128.854004904184,0.0,0.0,0.0,0.5584395372310499,0.8295452267701688,9.72
89632.65018209706,43129.57881016021,0.0,0.0,0.0,0.5584395372310499,0.8295452267701688,9.72
89631.96494707676,43130.303615416226,0.0,0.0,0.0,0.5584395372310499,0.8295452267701688,9.72
89631.27971205646,43131.02842067225,0.0,0.0,0.0,0.5584395372310499,0.8295452267701688,9.72
89630.59447703617,43131.75322592827,0.0,0.0,0.0,0.5584395372310499,0.8295452267701688,9.72
89629.90924201587,43132.47803118429,0.0,0.0,0.0,0.5584395372310499,0.8295452267701688,9.72
89629.22400699559,43133.20283644031,0.0,0.0,0.0,0.5584395372310499,0.8295452267701688,9.72
89628.53877197529,43133.92764169633,0.0,0.0,0.0,0.5584395372310499,0.8295452267701688,9.72
89627.853536955,43134.65244695235,0.0,0.0,0.0,0.5584395372310499,0.8295452267701688,9.72
89627.1683019347,43135.377252208375,0.0,0.0,0.0,0.5584395372310499,0.8295452267701688,9.72
89626.4830669144,43136.10205746439,0.0,0.0,0.0,0.5584395372310499,0.8295452267701688,9.72
89625.7978318941,43136.826862720416,0.0,0.0,0.0,0.5584395372310499,0.8295452267701688,9.72
89625.11259687382,43137.55166797643,0.0,0.0,0.0,0.5584395372310499,0.8295452267701688,9.72
89624.42736185352,43138.27647323246,0.0,0.0,0.0,0.5584395372310499,0.8295452267701688,9.72
89623.74212683323,43139.001278488475,0.0,0.0,0.0,0.5584395372310499,0.8295452267701688,9.72
89623.05689181293,43139.7260837445,0.0,0.0,0.0,0.5584395372310499,0.8295452267701688,9.72
89622.37165679263,43140.450889000516,0.0,0.0,0.0,0.5584395372310499,0.8295452267701688,9.72
89621.68642177233,43141.17569425654,0.0,0.0,0.0,0.5584395372310499,0.8295452267701688,9.72
89621.00118675205,43141.90049951256,0.0,0.0,0.0,0.5584395372310499,0.8295452267701688,9.72
89620.31595173175,43142.62530476858,0.0,0.0,0.0,0.5584395372310499,0.8295452267701688,9.72
89619.63071671146,43143.3501100246,0.0,0.0,0.0,0.5584395372310499,0.8295452267701688,9.72
89618.94548169116,43144.074915280624,0.0,0.0,0.0,0.5584395372310499,0.8295452267701688,9.72
89618.26024667086,43144.79972053664,0.0,0.0,0.0,0.5584395372310499,0.8295452267701688,9.72
89617.57501165057,43145.524525792665,0.0,0.0,0.0,0.5584395372310499,0.8295452267701688,9.72
89616.88977663028,43146.24933104868,0.0,0.0,0.0,0.5584395372310499,0.8295452267701688,9.72
89616.20454160999,43146.97413630471,0.0,0.0,0.0,0.5584395372310499,0.8295452267701688,9.72
89615.51930658969,43147.698941560724,0.0,0.0,0.0,0.5584395372310499,0.8295452267701688,9.72
89614.83407156939,43148.42374681675,0.0,0.0,0.0,0.5584395372310499,0.8295452267701688,9.72
89614.1488365491,43149.148552072766,0.0,0.0,0.0,0.5584395372310499,0.8295452267701688,9.72
89613.4636015288,43149.87335732879,0.0,0.0,0.0,0.5584395372310499,0.8295452267701688,9.72
89612.77836650852,43150.59816258481,0.0,0.0,0.0,0.5584395372310499,0.8295452267701688,9.72
89612.09313148822,43151.32296784083,0.0,0.0,0.0,0.5584395372310499,0.8295452267701688,9.72
89611.40789646792,43152.04777309685,0.0,0.0,0.0,0.5584395372310499,0.8295452267701688,9.72
89610.72266144762,43152.77257835287,0.0,0.0,0.0,0.5584395372310499,0.8295452267701688,9.72
89610.03742642733,43153.49738360889,0.0,0.0,0.0,0.5584395372310499,0.8295452267701688,9.72
89609.35219140703,43154.222188864915,0.0,0.0,0.0,0.5584395372310499,0.8295452267701688,9.72
89608.66695638675,43154.94699412093,0.0,0.0,0.0,0.5584395372310499,0.8295452267701688,9.72
89607.98172136645,43155.67179937695,0.0,0.0,0.0,0.5584395372310499,0.8295452267701688,9.72
89607.29648634615,43156.39660463297,0.0,0.0,0.0,0.5584395372310499,0.8295452267701688,9.72
89606.61125132586,43157.12140988899,0.0,0.0,0.0,0.5584395372310499,0.8295452267701688,9.72
89605.92601630556,43157.846215145015,0.0,0.0,0.0,0.5584395372310499,0.8295452267701688,9.72
89605.24078128526,43158.57102040103,0.0,0.0,0.0,0.5584395372310499,0.8295452267701688,9.72
89604.55554626498,43159.29582565706,0.0,0.0,0.0,0.5584395372310499,0.8295452267701688,9.72
89603.87031124468,43160.02063091307,0.0,0.0,0.0,0.5584395372310499,0.8295452267701688,9.72
89603.18507622438,43160.7454361691,0.0,0.0,0.0,0.5584395372310499,0.8295452267701688,9.72
89602.49984120409,43161.470241425115,0.0,0.0,0.0,0.5584395372310499,0.8295452267701688,9.72
89601.81460618379,43162.19504668114,0.0,0.0,0.0,0.5584395372310499,0.8295452267701688,9.72
89601.1293711635,43162.91985193716,0.0,0.0,0.0,0.5584395372310499,0.8295452267701688,9.72
89600.44413614321,43163.64465719318,0.0,0.0,0.0,0.5584395372310499,0.8295452267701688,9.72
89599.75890112291,43164.3694624492,0.0,0.0,0.0,0.5584395372310499,0.8295452267701688,9.72
89599.07366610262,43165.09426770522,0.0,0.0,0.0,0.5584395372310499,0.8295452267701688,9.72
89598.38843108232,43165.81907296124,0.0,0.0,0.0,0.5584395372310499,0.8295452267701688,9.72
89597.70319606202,43166.543878217264,0.0,0.0,0.0,0.5584395372310499,0.8295452267701688,9.72
89597.01796104173,43167.26868347328,0.0,0.0,0.0,0.5584395372310499,0.8295452267701688,9.72
89596.33272602144,43167.993488729306,0.0,0.0,0.0,0.5584395372310499,0.8295452267701688,9.72
89595.64749100115,43168.71829398532,0.0,0.0,0.0,0.5584395372310499,0.8295452267701688,9.72
89594.96225598085,43169.44309924135,0.0,0.0,0.0,0.5584395372310499,0.8295452267701688,9.72
89594.27702096055,43170.167904497364,0.0,0.0,0.0,0.5584395372310499,0.8295452267701688,9.72
89593.59178594025,43170.89270975339,0.0,0.0,0.0,0.5584395372310499,0.8295452267701688,9.72
89592.90655091996,43171.617515009406,0.0,0.0,0.0,0.5584395372310499,0.8295452267701688,9.72
89592.22131589967,43172.34232026543,0.0,0.0,0.0,0.5584395372310499,0.8295452267701688,9.72
89591.53608087938,43173.06712552145,0.0,0.0,0.0,0.5584395372310499,0.8295452267701688,9.72
89590.85084585908,43173.79193077747,0.0,0.0,0.0,0.5584395372310499,0.8295452267701688,9.72
89590.16561083878,43174.51673603349,0.0,0.0,0.0,0.5584395372310499,0.8295452267701688,9.72
89589.48037581849,43175.24154128951,0.0,0.0,0.0,0.5584395372310499,0.8295452267701688,9.72
89588.79514079819,43175.96634654553,0.0,0.0,0.0,0.5584395372310499,0.8295452267701688,9.72
89588.1099057779,43176.691151801555,0.0,0.0,0.0,0.5584395372310499,0.8295452267701688,9.72
89587.42467075761,43177.41595705757,0.0,0.0,0.0,0.5584395372310499,0.8295452267701688,9.72
89586.73943573731,43178.1407623136,0.0,0.0,0.0,0.5584395372310499,0.8295452267701688,9.72
89586.05420071702,43178.86556756961,0.0,0.0,0.0,0.5584395372310499,0.8295452267701688,9.72
89585.36896569672,43179.59037282564,0.0,0.0,0.0,0.5584395372310499,0.8295452267701688,9.72
89584.68373067642,43180.315178081655,0.0,0.0,0.0,0.5584395372310499,0.8295452267701688,9.72
89583.99849565614,43181.03998333768,0.0,0.0,0.0,0.5584395372310499,0.8295452267701688,9.72
89583.31326063584,43181.7647885937,0.0,0.0,0.0,0.5584395372310499,0.8295452267701688,9.72
89582.62802561554,43182.48959384972,0.0,0.0,0.0,0.5584395372310499,0.8295452267701688,9.72
89581.94279059525,43183.21439910574,0.0,0.0,0.0,0.5584395372310499,0.8295452267701688,9.72
89581.25755557495,43183.93920436176,0.0,0.0,0.0,0.5584395372310499,0.8295452267701688,9.72
89580.57232055465,43184.66400961778,0.0,0.0,0.0,0.5584395372310499,0.8295452267701688,9.72
89579.88708553437,43185.388814873804,0.0,0.0,0.0,0.5584395372310499,0.8295452267701688,9.72
89579.20185051407,43186.11362012982,0.0,0.0,0.0,0.5584395372310499,0.8295452267701688,9.72
89578.51661549378,43186.838425385846,0.0,0.0,0.0,0.5584395372310499,0.8295452267701688,9.72
89577.83138047348,43187.56323064186,0.0,0.0,0.0,0.5584395372310499,0.8295452267701688,9.72
89577.14614545318,43188.28803589788,0.0,0.0,0.0,0.5584395372310499,0.8295452267701688,9.72
89576.46091043288,43189.012841153904,0.0,0.0,0.0,0.5584395372310499,0.8295452267701688,9.72
89575.7756754126,43189.73764640992,0.0,0.0,0.0,0.5584395372310499,0.8295452267701688,9.72
89575.0904403923,43190.462451665946,0.0,0.0,0.0,0.5584395372310499,0.8295452267701688,9.72
89574.40520537201,43191.18725692196,0.0,0.0,0.0,0.5584395372310499,0.8295452267701688,9.72
89573.71997035171,43191.91206217799,0.0,0.0,0.0,0.5584395372310499,0.8295452267701688,9.72
89573.03473533141,43192.636867434005,0.0,0.0,0.0,0.5584395372310499,0.8295452267701688,9.72
89572.34950031112,43193.36167269003,0.0,0.0,0.0,0.5584395372310499,0.8295452267701688,9.72
89571.66426529083,43194.086477946046,0.0,0.0,0.0,0.5584395372310499,0.8295452267701688,9.72
89570.97903027054,43194.81128320207,0.0,0.0,0.0,0.5584395372310499,0.8295452267701688,9.72
89570.29379525024,43195.53608845809,0.0,0.0,0.0,0.5584395372310499,0.8295452267701688,9.72
89569.60856022994,43196.26089371411,0.0,0.0,0.0,0.5584395372310499,0.8295452267701688,9.72
89568.92332520965,43196.98569897013,0.0,0.0,0.0,0.5584395372310499,0.8295452267701688,9.72
89568.23809018935,43197.710504226154,0.0,0.0,0.0,0.5584395372310499,0.8295452267701688,9.72
89567.55285516907,43198.43530948217,0.0,0.0,0.0,0.5584395372310499,0.8295452267701688,9.72
89566.86762014877,43199.160114738195,0.0,0.0,0.0,0.5584395372310499,0.8295452267701688,9.72
89566.18238512847,43199.88491999421,0.0,0.0,0.0,0.5584395372310499,0.8295452267701688,9.72
89565.49715010817,43200.60972525024,0.0,0.0,0.0,0.5584395372310499,0.8295452267701688,9.72
89564.81191508788,43201.334530506254,0.0,0.0,0.0,0.5584395372310499,0.8295452267701688,9.72
89564.12668006758,43202.05933576228,0.0,0.0,0.0,0.5584395372310499,0.8295452267701688,9.72
89563.4414450473,43202.784141018295,0.0,0.0,0.0,0.5584395372310499,0.8295452267701688,9.72
89562.756210027,43203.50894627432,0.0,0.0,0.0,0.5584395372310499,0.8295452267701688,9.72
89562.0709750067,43204.23375153034,0.0,0.0,0.0,0.5584395372310499,0.8295452267701688,9.72
89561.3857399864,43204.95855678636,0.0,0.0,0.0,0.5584395372310499,0.8295452267701688,9.72
89560.70050496611,43205.68336204238,0.0,0.0,0.0,0.5584395372310499,0.8295452267701688,9.72
89560.01526994581,43206.4081672984,0.0,0.0,0.0,0.5584395372310499,0.8295452267701688,9.72
89559.33003492553,43207.13297255442,0.0,0.0,0.0,0.5584395372310499,0.8295452267701688,9.72
89558.64479990523,43207.857777810445,0.0,0.0,0.0,0.5584395372310499,0.8295452267701688,9.72
89557.95956488494,43208.58258306646,0.0,0.0,0.0,0.5584395372310499,0.8295452267701688,9.72
89557.27432986464,43209.307388322486,0.0,0.0,0.0,0.5584395372310499,0.8295452267701688,9.72
89556.58909484434,43210.0321935785,0.0,0.0,0.0,0.5584395372310499,0.8295452267701688,9.72
89555.90385982404,43210.75699883453,0.0,0.0,0.0,0.5584395372310499,0.8295452267701688,9.72
89555.21862480376,43211.481804090545,0.0,0.0,0.0,0.5584395372310499,0.8295452267701688,9.72
89554.53338978346,43212.20660934657,0.0,0.0,0.0,0.5584395372310499,0.8295452267701688,9.72
89553.84815476317,43212.931414602586,0.0,0.0,0.0,0.5584395372310499,0.8295452267701688,9.72
89553.16291974287,43213.65621985861,0.0,0.0,0.0,0.5584395372310499,0.8295452267701688,9.72
89552.47768472257,43214.38102511463,0.0,0.0,0.0,0.5584395372310499,0.8295452267701688,9.72
89551.79244970228,43215.10583037065,0.0,0.0,0.0,0.5584395372310499,0.8295452267701688,9.72
89551.107214682,43215.83063562667,0.0,0.0,0.0,0.5584395372310499,0.8295452267701688,9.72
89550.4219796617,43216.555440882694,0.0,0.0,0.0,0.5584395372310499,0.8295452267701688,9.72
89549.7367446414,43217.28024613871,0.0,0.0,0.0,0.5584395372310499,0.8295452267701688,9.72
89549.0515096211,43218.005051394735,0.0,0.0,0.0,0.5584395372310499,0.8295452267701688,9.72
89548.3662746008,43218.72985665075,0.0,0.0,0.0,0.5584395372310499,0.8295452267701688,9.72
89547.68103958052,43219.45466190677,0.0,0.0,0.0,0.5584395372310499,0.8295452267701688,9.72
89546.99580456023,43220.179467162794,0.0,0.0,0.0,0.5584395372310499,0.8295452267701688,9.72
89546.31056953993,43220.90427241881,0.0,0.0,0.0,0.5584395372310499,0.8295452267701688,9.72
89545.62533451963,43221.629077674836,0.0,0.0,0.0,0.5584395372310499,0.8295452267701688,9.72
89544.94009949933,43222.35388293085,0.0,0.0,0.0,0.5584395372310499,0.8295452267701688,9.72
89544.25486447904,43223.07868818688,0.0,0.0,0.0,0.5584395372310499,0.8295452267701688,9.72
89543.56962945875,43223.803493442894,0.0,0.0,0.0,0.5584395372310499,0.8295452267701688,9.72
89542.88439443846,43224.52829869892,0.0,0.0,0.0,0.5584395372310499,0.8295452267701688,9.72
89542.19915941816,43225.253103954936,0.0,0.0,0.0,0.5584395372310499,0.8295452267701688,9.72
89541.51392439786,43225.97790921096,0.0,0.0,0.0,0.5584395372310499,0.8295452267701688,9.72
89540.82868937757,43226.70271446698,0.0,0.0,0.0,0.5584395372310499,0.8295452267701688,9.72
89540.14345435727,43227.427519723,0.0,0.0,0.0,0.5584395372310499,0.8295452267701688,9.72
89539.45821933699,43228.15232497902,0.0,0.0,0.0,0.5584395372310499,0.8295452267701688,9.72
89538.77298431669,43228.87713023504,0.0,0.0,0.0,0.5584395372310499,0.8295452267701688,9.72
89538.08774929639,43229.60193549106,0.0,0.0,0.0,0.5584395372310499,0.8295452267701688,9.72
89537.4025142761,43230.326740747085,0.0,0.0,0.0,0.5584395372310499,0.8295452267701688,9.72
89536.7172792558,43231.0515460031,0.0,0.0,0.0,0.5584395372310499,0.8295452267701688,9.72
89536.0320442355,43231.77635125913,0.0,0.0,0.0,0.5584395372310499,0.8295452267701688,9.72
89535.34680921522,43232.50115651514,0.0,0.0,0.0,0.5584395372310499,0.8295452267701688,9.72
89534.66157419492,43233.22596177117,0.0,0.0,0.0,0.5584395372310499,0.8295452267701688,9.72
89533.97633917462,43233.950767027185,0.0,0.0,0.0,0.5584395372310499,0.8295452267701688,9.72
89533.29110415433,43234.67557228321,0.0,0.0,0.0,0.5584395372310499,0.8295452267701688,9.72
89532.60586913403,43235.40037753923,0.0,0.0,0.0,0.5584395372310499,0.8295452267701688,9.72
89531.92063411373,43236.12518279525,0.0,0.0,0.0,0.5584395372310499,0.8295452267701688,9.72
89531.23539909345,43236.84998805127,0.0,0.0,0.0,0.5584395372310499,0.8295452267701688,9.72
89530.55016407315,43237.57479330729,0.0,0.0,0.0,0.5584395372310499,0.8295452267701688,9.72
89529.86492905286,43238.29959856331,0.0,0.0,0.0,0.5584395372310499,0.8295452267701688,9.72
89529.17969403256,43239.024403819334,0.0,0.0,0.0,0.5584395372310499,0.8295452267701688,9.72
89528.49445901226,43239.74920907535,0.0,0.0,0.0,0.5584395372310499,0.8295452267701688,9.72
89527.80922399196,43240.474014331376,0.0,0.0,0.0,0.5584395372310499,0.8295452267701688,9.72
89527.12398897168,43241.19881958739,0.0,0.0,0.0,0.5584395372310499,0.8295452267701688,9.72
89526.43875395138,43241.92362484342,0.0,0.0,0.0,0.5584395372310499,0.8295452267701688,9.72
89525.75351893109,43242.648430099434,0.0,0.0,0.0,0.5584395372310499,0.8295452267701688,9.72
89525.06828391079,43243.37323535546,0.0,0.0,0.0,0.5584395372310499,0.8295452267701688,9.72
89524.3830488905,43244.098040611476,0.0,0.0,0.0,0.5584395372310499,0.8295452267701688,9.72
89523.6978138702,43244.8228458675,0.0,0.0,0.0,0.5584395372310499,0.8295452267701688,9.72
89523.01257884991,43245.54765112352,0.0,0.0,0.0,0.5584395372310499,0.8295452267701688,9.72
89522.32734382962,43246.27245637954,0.0,0.0,0.0,0.5584395372310499,0.8295452267701688,9.72
89521.64210880932,43246.99726163556,0.0,0.0,0.0,0.5584395372310499,0.8295452267701688,9.72
89520.95687378902,43247.72206689158,0.0,0.0,0.0,0.5584395372310499,0.8295452267701688,9.72
89520.27163876873,43248.4468721476,0.0,0.0,0.0,0.5584395372310499,0.8295452267701688,9.72
89519.58640374843,43249.171677403625,0.0,0.0,0.0,0.5584395372310499,0.8295452267701688,9.72
89518.90116872815,43249.89648265964,0.0,0.0,0.0,0.5584395372310499,0.8295452267701688,9.72
89518.21593370785,43250.62128791567,0.0,0.0,0.0,0.5584395372310499,0.8295452267701688,9.72
89517.53069868755,43251.34609317168,0.0,0.0,0.0,0.5584395372310499,0.8295452267701688,9.72
89516.84546366725,43252.0708984277,0.0,0.0,0.0,0.5584395372310499,0.8295452267701688,9.72
89516.16022864696,43252.795703683725,0.0,0.0,0.0,0.5584395372310499,0.8295452267701688,9.72
89515.47499362666,43253.52050893974,0.0,0.0,0.0,0.5584395372310499,0.8295452267701688,9.72
89514.78975860638,43254.24531419577,0.0,0.0,0.0,0.5584395372310499,0.8295452267701688,9.72
89514.10452358608,43254.970119451784,0.0,0.0,0.0,0.5584395372310499,0.8295452267701688,9.72
89513.41928856578,43255.69492470781,0.0,0.0,0.0,0.5584395372310499,0.8295452267701688,9.72
89512.73405354549,43256.419729963825,0.0,0.0,0.0,0.5584395372310499,0.8295452267701688,9.72
89512.04881852519,43257.14453521985,0.0,0.0,0.0,0.5584395372310499,0.8295452267701688,9.72
89511.36358350489,43257.86934047587,0.0,0.0,0.0,0.5584395372310499,0.8295452267701688,9.72
89510.67834848461,43258.59414573189,0.0,0.0,0.0,0.5584395372310499,0.8295452267701688,9.72
89509.99311346431,43259.31895098791,0.0,0.0,0.0,0.5584395372310499,0.8295452267701688,9.72
89509.30787844401,43260.04375624393,0.0,0.0,0.0,0.5584395372310499,0.8295452267701688,9.72
89508.62264342372,43260.76856149995,0.0,0.0,0.0,0.5584395372310499,0.8295452267701688,9.72
89507.93740840342,43261.493366755974,0.0,0.0,0.0,0.5584395372310499,0.8295452267701688,9.72
89507.25217338312,43262.21817201199,0.0,0.0,0.0,0.5584395372310499,0.8295452267701688,9.72
89506.56693836284,43262.942977268016,0.0,0.0,0.0,0.5584395372310499,0.8295452267701688,9.72
89505.88170334254,43263.66778252403,0.0,0.0,0.0,0.5584395372310499,0.8295452267701688,9.72
89505.19646832225,43264.39258778006,0.0,0.0,0.0,0.5584395372310499,0.8295452267701688,9.72
89504.51123330195,43265.117393036075,0.0,0.0,0.0,0.5584395372310499,0.8295452267701688,9.72
89503.82599828165,43265.8421982921,0.0,0.0,0.0,0.5584395372310499,0.8295452267701688,9.72
89503.14076326136,43266.567003548116,0.0,0.0,0.0,0.5584395372310499,0.8295452267701688,9.72
89502.45552824107,43267.29180880414,0.0,0.0,0.0,0.5584395372310499,0.8295452267701688,9.72
89501.77029322078,43268.01661406016,0.0,0.0,0.0,0.5584395372310499,0.8295452267701688,9.72
89501.08505820048,43268.74141931618,0.0,0.0,0.0,0.5584395372310499,0.8295452267701688,9.72
89500.39982318018,43269.4662245722,0.0,0.0,0.0,0.5584395372310499,0.8295452267701688,9.72
89499.71458815988,43270.191029828224,0.0,0.0,0.0,0.5584395372310499,0.8295452267701688,9.72
89499.02935313959,43270.91583508424,0.0,0.0,0.0,0.5584395372310499,0.8295452267701688,9.72
89498.3441181193,43271.640640340265,0.0,0.0,0.0,0.5584395372310499,0.8295452267701688,9.72
89497.65888309901,43272.36544559628,0.0,0.0,0.0,0.5584395372310499,0.8295452267701688,9.72
89496.97364807871,43273.09025085231,0.0,0.0,0.0,0.5584395372310499,0.8295452267701688,9.72
89496.28841305841,43273.815056108324,0.0,0.0,0.0,0.5584395372310499,0.8295452267701688,9.72
89495.60317803812,43274.53986136435,0.0,0.0,0.0,0.5584395372310499,0.8295452267701688,9.72
89494.91794301782,43275.264666620365,0.0,0.0,0.0,0.5584395372310499,0.8295452267701688,9.72
89494.23270799754,43275.98947187639,0.0,0.0,0.0,0.5584395372310499,0.8295452267701688,9.72
89493.54747297724,43276.71427713241,0.0,0.0,0.0,0.5584395372310499,0.8295452267701688,9.72
89492.86223795694,43277.43908238843,0.0,0.0,0.0,0.5584395372310499,0.8295452267701688,9.72
89492.17700293665,43278.16388764445,0.0,0.0,0.0,0.5584395372310499,0.8295452267701688,9.72
89491.49176791635,43278.88869290047,0.0,0.0,0.0,0.5584395372310499,0.8295452267701688,9.72
89490.80653289605,43279.61349815649,0.0,0.0,0.0,0.5584395372310499,0.8295452267701688,9.72
89490.12129787577,43280.338303412515,0.0,0.0,0.0,0.5584395372310499,0.8295452267701688,9.72
89489.43606285547,43281.06310866853,0.0,0.0,0.0,0.5584395372310499,0.8295452267701688,9.72
89488.75082783517,43281.787913924556,0.0,0.0,0.0,0.5584395372310499,0.8295452267701688,9.72
89488.06559281488,43282.51271918057,0.0,0.0,0.0,0.5584395372310499,0.8295452267701688,9.72
89487.38035779458,43283.2375244366,0.0,0.0,0.0,0.5584395372310499,0.8295452267701688,9.72
89486.69512277428,43283.962329692615,0.0,0.0,0.0,0.5584395372310499,0.8295452267701688,9.72
89486.009887754,43284.68713494863,0.0,0.0,0.0,0.5584395372310499,0.8295452267701688,9.72
89485.3246527337,43285.411940204656,0.0,0.0,0.0,0.5584395372310499,0.8295452267701688,9.72
89484.6394177134,43286.13674546067,0.0,0.0,0.0,0.5584395372310499,0.8295452267701688,9.72
89483.95418269311,43286.8615507167,0.0,0.0,0.0,0.5584395372310499,0.8295452267701688,9.72
89483.26894767281,43287.586355972715,0.0,0.0,0.0,0.5584395372310499,0.8295452267701688,9.72
89482.58371265251,43288.31116122874,0.0,0.0,0.0,0.5584395372310499,0.8295452267701688,9.72
89481.89847763223,43289.03596648476,0.0,0.0,0.0,0.5584395372310499,0.8295452267701688,9.72
89481.21324261194,43289.76077174078,0.0,0.0,0.0,0.5584395372310499,0.8295452267701688,9.72
89480.52800759164,43290.4855769968,0.0,0.0,0.0,0.5584395372310499,0.8295452267701688,9.72
89479.84277257134,43291.21038225282,0.0,0.0,0.0,0.5584395372310499,0.8295452267701688,9.72
89479.15753755104,43291.93518750884,0.0,0.0,0.0,0.5584395372310499,0.8295452267701688,9.72
89478.47230253075,43292.659992764864,0.0,0.0,0.0,0.5584395372310499,0.8295452267701688,9.72
89477.78706751046,43293.38479802088,0.0,0.0,0.0,0.5584395372310499,0.8295452267701688,9.72
89477.10183249017,43294.109603276906,0.0,0.0,0.0,0.5584395372310499,0.8295452267701688,9.72
89476.41659746987,43294.83440853292,0.0,0.0,0.0,0.5584395372310499,0.8295452267701688,9.72
89475.73136244957,43295.55921378895,0.0,0.0,0.0,0.5584395372310499,0.8295452267701688,9.72
89475.04612742928,43296.284019044964,0.0,0.0,0.0,0.5584395372310499,0.8295452267701688,9.72
89474.36089240898,43297.00882430099,0.0,0.0,0.0,0.5584395372310499,0.8295452267701688,9.72
89473.6756573887,43297.733629557006,0.0,0.0,0.0,0.5584395372310499,0.8295452267701688,9.72
89472.9904223684,43298.45843481303,0.0,0.0,0.0,0.5584395372310499,0.8295452267701688,9.72
89472.3051873481,43299.18324006905,0.0,0.0,0.0,0.5584395372310499,0.8295452267701688,9.72
89471.6199523278,43299.90804532507,0.0,0.0,0.0,0.5584395372310499,0.8295452267701688,9.72
89470.93471730751,43300.63285058109,0.0,0.0,0.0,0.5584395372310499,0.8295452267701688,9.72
89470.24948228721,43301.35765583711,0.0,0.0,0.0,0.5584395372310499,0.8295452267701688,9.72
89469.56424726693,43302.08246109313,0.0,0.0,0.0,0.5584395372310499,0.8295452267701688,9.72
89468.87901224663,43302.807266349155,0.0,0.0,0.0,0.5584395372310499,0.8295452267701688,9.72
89468.19377722633,43303.53207160517,0.0,0.0,0.0,0.5584395372310499,0.8295452267701688,9.72
89467.50854220604,43304.256876861196,0.0,0.0,0.0,0.5584395372310499,0.8295452267701688,9.72
89466.82330718574,43304.98168211721,0.0,0.0,0.0,0.5584395372310499,0.8295452267701688,9.72
89466.13807216544,43305.70648737324,0.0,0.0,0.0,0.5584395372310499,0.8295452267701688,9.72
89465.45283714516,43306.431292629255,0.0,0.0,0.0,0.5584395372310499,0.8295452267701688,9.72
89464.76760212486,43307.15609788528,0.0,0.0,0.0,0.5584395372310499,0.8295452267701688,9.72
89464.08236710457,43307.8809031413,0.0,0.0,0.0,0.5584395372310499,0.8295452267701688,9.72
89463.39713208427,43308.60570839732,0.0,0.0,0.0,0.5584395372310499,0.8295452267701688,9.72
89462.71189706397,43309.33051365334,0.0,0.0,0.0,0.5584395372310499,0.8295452267701688,9.72
89462.02666204369,43310.05531890936,0.0,0.0,0.0,0.5584395372310499,0.8295452267701688,9.72
89461.34142702339,43310.78012416538,0.0,0.0,0.0,0.5584395372310499,0.8295452267701688,9.72
89460.6561920031,43311.504929421404,0.0,0.0,0.0,0.5584395372310499,0.8295452267701688,9.72
89459.9709569828,43312.22973467742,0.0,0.0,0.0,0.5584395372310499,0.8295452267701688,9.72
89459.2857219625,43312.954539933446,0.0,0.0,0.0,0.5584395372310499,0.8295452267701688,9.72
89458.6004869422,43313.67934518946,0.0,0.0,0.0,0.5584395372310499,0.8295452267701688,9.72
89457.91525192192,43314.40415044549,0.0,0.0,0.0,0.5584395372310499,0.8295452267701688,9.72
89457.23001690162,43315.128955701504,0.0,0.0,0.0,0.5584395372310499,0.8295452267701688,9.72
89456.54478188133,43315.85376095753,0.0,0.0,0.0,0.5584395372310499,0.8295452267701688,9.72
89455.85954686103,43316.578566213546,0.0,0.0,0.0,0.5584395372310499,0.8295452267701688,9.72
89455.17431184073,43317.30337146956,0.0,0.0,0.0,0.5584395372310499,0.8295452267701688,9.72
89454.48907682044,43318.02817672559,0.0,0.0,0.0,0.5584395372310499,0.8295452267701688,9.72
89453.80384180015,43318.752981981605,0.0,0.0,0.0,0.5584395372310499,0.8295452267701688,9.72
89453.11860677986,43319.47778723763,0.0,0.0,0.0,0.5584395372310499,0.8295452267701688,9.72
89452.43337175956,43320.202592493646,0.0,0.0,0.0,0.5584395372310499,0.8295452267701688,9.72
89451.74813673926,43320.92739774967,0.0,0.0,0.0,0.5584395372310499,0.8295452267701688,9.72
89451.06290171896,43321.65220300569,0.0,0.0,0.0,0.5584395372310499,0.8295452267701688,9.72
89450.37766669867,43322.37700826171,0.0,0.0,0.0,0.5584395372310499,0.8295452267701688,9.72
89449.69243167838,43323.10181351773,0.0,0.0,0.0,0.5584395372310499,0.8295452267701688,9.72
89449.00719665809,43323.82661877375,0.0,0.0,0.0,0.5584395372310499,0.8295452267701688,9.72
89448.32196163779,43324.55142402977,0.0,0.0,0.0,0.5584395372310499,0.8295452267701688,9.72
89447.6367266175,43325.276229285795,0.0,0.0,0.0,0.5584395372310499,0.8295452267701688,9.72
89446.9514915972,43326.00103454181,0.0,0.0,0.0,0.5584395372310499,0.8295452267701688,9.72
89446.2662565769,43326.72583979784,0.0,0.0,0.0,0.5584395372310499,0.8295452267701688,9.72
89445.58102155662,43327.450645053854,0.0,0.0,0.0,0.5584395372310499,0.8295452267701688,9.72
89444.89578653632,43328.17545030988,0.0,0.0,0.0,0.5584395372310499,0.8295452267701688,9.72
89444.21055151602,43328.900255565895,0.0,0.0,0.0,0.5584395372310499,0.8295452267701688,9.72
89443.52531649572,43329.62506082192,0.0,0.0,0.0,0.5584395372310499,0.8295452267701688,9.72
89442.84008147543,43330.34986607794,0.0,0.0,0.0,0.5584395372310499,0.8295452267701688,9.72
89442.15484645513,43331.07467133396,0.0,0.0,0.0,0.5584395372310499,0.8295452267701688,9.72
89441.46961143485,43331.79947658998,0.0,0.0,0.0,0.5584395372310499,0.8295452267701688,9.72
89440.78437641455,43332.524281846,0.0,0.0,0.0,0.5584395372310499,0.8295452267701688,9.72
89440.09914139425,43333.24908710202,0.0,0.0,0.0,0.5584395372310499,0.8295452267701688,9.72
89439.41390637396,43333.973892358044,0.0,0.0,0.0,0.5584395372310499,0.8295452267701688,9.72
89438.72867135366,43334.69869761406,0.0,0.0,0.0,0.5584395372310499,0.8295452267701688,9.72
89438.04343633336,43335.423502870086,0.0,0.0,0.0,0.5584395372310499,0.8295452267701688,9.72
89437.35820131308,43336.1483081261,0.0,0.0,0.0,0.5584395372310499,0.8295452267701688,9.72
89436.67296629278,43336.87311338213,0.0,0.0,0.0,0.5584395372310499,0.8295452267701688,9.72
89435.98773127249,43337.597918638145,0.0,0.0,0.0,0.5584395372310499,0.8295452267701688,9.72
89435.30249625219,43338.32272389417,0.0,0.0,0.0,0.5584395372310499,0.8295452267701688,9.72
89434.61726123189,43339.047529150186,0.0,0.0,0.0,0.5584395372310499,0.8295452267701688,9.72
89433.9320262116,43339.77233440621,0.0,0.0,0.0,0.5584395372310499,0.8295452267701688,9.72
89433.24679119131,43340.49713966223,0.0,0.0,0.0,0.5584395372310499,0.8295452267701688,9.72
89432.56155617101,43341.22194491825,0.0,0.0,0.0,0.5584395372310499,0.8295452267701688,9.72
89431.87632115072,43341.94675017427,0.0,0.0,0.0,0.5584395372310499,0.8295452267701688,9.72
89431.19108613042,43342.671555430294,0.0,0.0,0.0,0.5584395372310499,0.8295452267701688,9.72
89430.50585111012,43343.39636068631,0.0,0.0,0.0,0.5584395372310499,0.8295452267701688,9.72
89429.82061608983,43344.121165942335,0.0,0.0,0.0,0.5584395372310499,0.8295452267701688,9.72
89429.13538106954,43344.84597119835,0.0,0.0,0.0,0.5584395372310499,0.8295452267701688,9.72
89428.45014604925,43345.57077645438,0.0,0.0,0.0,0.5584395372310499,0.8295452267701688,9.72
89427.76491102895,43346.295581710394,0.0,0.0,0.0,0.5584395372310499,0.8295452267701688,9.72
89427.07967600865,43347.02038696642,0.0,0.0,0.0,0.5584395372310499,0.8295452267701688,9.72
89426.39444098836,43347.745192222435,0.0,0.0,0.0,0.5584395372310499,0.8295452267701688,9.72
89425.70920596806,43348.46999747846,0.0,0.0,0.0,0.5584395372310499,0.8295452267701688,9.72
89425.02397094778,43349.19480273448,0.0,0.0,0.0,0.5584395372310499,0.8295452267701688,9.72
89424.33873592748,43349.919607990494,0.0,0.0,0.0,0.5584395372310499,0.8295452267701688,9.72
89423.65350090718,43350.64441324652,0.0,0.0,0.0,0.5584395372310499,0.8295452267701688,9.72
89422.96826588688,43351.369218502536,0.0,0.0,0.0,0.5584395372310499,0.8295452267701688,9.72
89422.28303086659,43352.09402375856,0.0,0.0,0.0,0.5584395372310499,0.8295452267701688,9.72
89421.59779584629,43352.81882901458,0.0,0.0,0.0,0.5584395372310499,0.8295452267701688,9.72
89420.91256082601,43353.5436342706,0.0,0.0,0.0,0.5584395372310499,0.8295452267701688,9.72
89420.22732580571,43354.26843952662,0.0,0.0,0.0,0.5584395372310499,0.8295452267701688,9.72
89419.54209078541,43354.99324478264,0.0,0.0,0.0,0.5584395372310499,0.8295452267701688,9.72
89418.85685576512,43355.71805003866,0.0,0.0,0.0,0.5584395372310499,0.8295452267701688,9.72
89418.17162074482,43356.442855294685,0.0,0.0,0.0,0.5584395372310499,0.8295452267701688,9.72
89417.48638572452,43357.1676605507,0.0,0.0,0.0,0.5584395372310499,0.8295452267701688,9.72
89416.80115070424,43357.892465806726,0.0,0.0,0.0,0.5584395372310499,0.8295452267701688,9.72
89416.11591568394,43358.61727106274,0.0,0.0,0.0,0.5584395372310499,0.8295452267701688,9.72
89415.43068066365,43359.34207631877,0.0,0.0,0.0,0.5584395372310499,0.8295452267701688,9.72
89414.74544564335,43360.066881574785,0.0,0.0,0.0,0.5584395372310499,0.8295452267701688,9.72
89414.06021062305,43360.79168683081,0.0,0.0,0.0,0.5584395372310499,0.8295452267701688,9.72
89413.37497560275,43361.51649208683,0.0,0.0,0.0,0.5584395372310499,0.8295452267701688,9.72
89412.68974058247,43362.24129734285,0.0,0.0,0.0,0.5584395372310499,0.8295452267701688,9.72
89412.00450556217,43362.96610259887,0.0,0.0,0.0,0.5584395372310499,0.8295452267701688,9.72
89411.31927054188,43363.69090785489,0.0,0.0,0.0,0.5584395372310499,0.8295452267701688,9.72
89410.63403552158,43364.41571311091,0.0,0.0,0.0,0.5584395372310499,0.8295452267701688,9.72
89409.94880050128,43365.140518366934,0.0,0.0,0.0,0.5584395372310499,0.8295452267701688,9.72
89409.26356548099,43365.86532362295,0.0,0.0,0.0,0.5584395372310499,0.8295452267701688,9.72
89408.5783304607,43366.590128878976,0.0,0.0,0.0,0.5584395372310499,0.8295452267701688,9.72
89407.8930954404,43367.31493413499,0.0,0.0,0.0,0.5584395372310499,0.8295452267701688,9.72
89407.20786042011,43368.03973939102,0.0,0.0,0.0,0.5584395372310499,0.8295452267701688,9.72
89406.52262539981,43368.764544647034,0.0,0.0,0.0,0.5584395372310499,0.8295452267701688,9.72
89405.83739037951,43369.48934990306,0.0,0.0,0.0,0.5584395372310499,0.8295452267701688,9.72
89405.15215535922,43370.214155159076,0.0,0.0,0.0,0.5584395372310499,0.8295452267701688,9.72
89404.46692033893,43370.9389604151,0.0,0.0,0.0,0.5584395372310499,0.8295452267701688,9.72
89403.78168531864,43371.66376567112,0.0,0.0,0.0,0.5584395372310499,0.8295452267701688,9.72
89403.09645029834,43372.38857092714,0.0,0.0,0.0,0.5584395372310499,0.8295452267701688,9.72
89402.41121527804,43373.11337618316,0.0,0.0,0.0,0.5584395372310499,0.8295452267701688,9.72
89401.72598025775,43373.83818143918,0.0,0.0,0.0,0.5584395372310499,0.8295452267701688,9.72
89401.04074523745,43374.5629866952,0.0,0.0,0.0,0.5584395372310499,0.8295452267701688,9.72
89400.35551021717,43375.287791951225,0.0,0.0,0.0,0.5584395372310499,0.8295452267701688,9.72
89399.67027519687,43376.01259720724,0.0,0.0,0.0,0.5584395372310499,0.8295452267701688,9.72
89398.98504017657,43376.737402463266,0.0,0.0,0.0,0.5584395372310499,0.8295452267701688,9.72
89398.29980515628,43377.46220771928,0.0,0.0,0.0,0.5584395372310499,0.8295452267701688,9.72
89397.61457013598,43378.18701297531,0.0,0.0,0.0,0.5584395372310499,0.8295452267701688,9.72
89396.92933511568,43378.911818231325,0.0,0.0,0.0,0.5584395372310499,0.8295452267701688,9.72
89396.2441000954,43379.63662348735,0.0,0.0,0.0,0.5584395372310499,0.8295452267701688,9.72
89395.5588650751,43380.36142874337,0.0,0.0,0.0,0.5584395372310499,0.8295452267701688,9.72
89394.8736300548,43381.08623399939,0.0,0.0,0.0,0.5584395372310499,0.8295452267701688,9.72
89394.1883950345,43381.81103925541,0.0,0.0,0.0,0.5584395372310499,0.8295452267701688,9.72
89393.50316001421,43382.535844511425,0.0,0.0,0.0,0.5584395372310499,0.8295452267701688,9.72
89392.81792499391,43383.26064976745,0.0,0.0,0.0,0.5584395372310499,0.8295452267701688,9.72
89392.13268997363,43383.98545502347,0.0,0.0,0.0,0.5584395372310499,0.8295452267701688,9.72
89391.44745495333,43384.71026027949,0.0,0.0,0.0,0.5584395372310499,0.8295452267701688,9.72
89390.76221993304,43385.43506553551,0.0,0.0,0.0,0.5584395372310499,0.8295452267701688,9.72
89390.07698491274,43386.15987079153,0.0,0.0,0.0,0.5584395372310499,0.8295452267701688,9.72
89389.39174989244,43386.88467604755,0.0,0.0,0.0,0.5584395372310499,0.8295452267701688,9.72
89388.70651487214,43387.609481303574,0.0,0.0,0.0,0.5584395372310499,0.8295452267701688,9.72
89388.02127985186,43388.33428655959,0.0,0.0,0.0,0.5584395372310499,0.8295452267701688,9.72
89387.33604483157,43389.059091815616,0.0,0.0,0.0,0.5584395372310499,0.8295452267701688,9.72
89386.65080981127,43389.78389707163,0.0,0.0,0.0,0.5584395372310499,0.8295452267701688,9.72
89385.96557479097,43390.50870232766,0.0,0.0,0.0,0.5584395372310499,0.8295452267701688,9.72
89385.28033977067,43391.233507583675,0.0,0.0,0.0,0.5584395372310499,0.8295452267701688,9.72
89384.59510475038,43391.9583128397,0.0,0.0,0.0,0.5584395372310499,0.8295452267701688,9.72
89383.9098697301,43392.683118095716,0.0,0.0,0.0,0.5584395372310499,0.8295452267701688,9.72
89383.2246347098,43393.40792335174,0.0,0.0,0.0,0.5584395372310499,0.8295452267701688,9.72
89382.5393996895,43394.13272860776,0.0,0.0,0.0,0.5584395372310499,0.8295452267701688,9.72
89381.8541646692,43394.85753386378,0.0,0.0,0.0,0.5584395372310499,0.8295452267701688,9.72
89381.1689296489,43395.5823391198,0.0,0.0,0.0,0.5584395372310499,0.8295452267701688,9.72
89380.48369462861,43396.30714437582,0.0,0.0,0.0,0.5584395372310499,0.8295452267701688,9.72
89379.79845960833,43397.03194963184,0.0,0.0,0.0,0.5584395372310499,0.8295452267701688,9.72
89379.11322458803,43397.756754887865,0.0,0.0,0.0,0.5584395372310499,0.8295452267701688,9.72
89378.42798956773,43398.48156014388,0.0,0.0,0.0,0.5584395372310499,0.8295452267701688,9.72
89377.74275454743,43399.20636539991,0.0,0.0,0.0,0.5584395372310499,0.8295452267701688,9.72
89377.05751952714,43399.931170655924,0.0,0.0,0.0,0.5584395372310499,0.8295452267701688,9.72
89376.37228450684,43400.65597591195,0.0,0.0,0.0,0.5584395372310499,0.8295452267701688,9.72
89375.68704948656,43401.380781167965,0.0,0.0,0.0,0.5584395372310499,0.8295452267701688,9.72
89375.00181446626,43402.10558642399,0.0,0.0,0.0,0.5584395372310499,0.8295452267701688,9.72
89374.31657944596,43402.83039168001,0.0,0.0,0.0,0.5584395372310499,0.8295452267701688,9.72
89373.63134442567,43403.55519693603,0.0,0.0,0.0,0.5584395372310499,0.8295452267701688,9.72
89372.94610940537,43404.28000219205,0.0,0.0,0.0,0.5584395372310499,0.8295452267701688,9.72
89372.26087438509,43405.00480744807,0.0,0.0,0.0,0.5584395372310499,0.8295452267701688,9.72
89371.57563936479,43405.72961270409,0.0,0.0,0.0,0.5584395372310499,0.8295452267701688,9.72
89370.89040434449,43406.454417960114,0.0,0.0,0.0,0.5584395372310499,0.8295452267701688,9.72
89370.2051693242,43407.17922321613,0.0,0.0,0.0,0.5584395372310499,0.8295452267701688,9.72
89369.5199343039,43407.904028472156,0.0,0.0,0.0,0.5584395372310499,0.8295452267701688,9.72
89368.8346992836,43408.62883372817,0.0,0.0,0.0,0.5584395372310499,0.8295452267701688,9.72
89368.14946426332,43409.3536389842,0.0,0.0,0.0,0.5584395372310499,0.8295452267701688,9.72
89367.46422924302,43410.078444240215,0.0,0.0,0.0,0.5584395372310499,0.8295452267701688,9.72
89366.77899422272,43410.80324949624,0.0,0.0,0.0,0.5584395372310499,0.8295452267701688,9.72
89366.09375920243,43411.528054752256,0.0,0.0,0.0,0.5584395372310499,0.8295452267701688,9.72
89365.40852418213,43412.25286000828,0.0,0.0,0.0,0.5584395372310499,0.8295452267701688,9.72
89364.72328916183,43412.9776652643,0.0,0.0,0.0,0.5584395372310499,0.8295452267701688,9.72
89364.03805414155,43413.70247052032,0.0,0.0,0.0,0.5584395372310499,0.8295452267701688,9.72
89363.35281912125,43414.42727577634,0.0,0.0,0.0,0.5584395372310499,0.8295452267701688,9.72
89362.66758410096,43415.15208103236,0.0,0.0,0.0,0.5584395372310499,0.8295452267701688,9.72
89361.98234908066,43415.87688628838,0.0,0.0,0.0,0.5584395372310499,0.8295452267701688,9.72
89361.29711406036,43416.6016915444,0.0,0.0,0.0,0.5584395372310499,0.8295452267701688,9.72
89360.61187904007,43417.32649680042,0.0,0.0,0.0,0.5584395372310499,0.8295452267701688,9.72
89359.92664401978,43418.05130205644,0.0,0.0,0.0,0.5584395372310499,0.8295452267701688,9.72
89359.24140899949,43418.776107312464,0.0,0.0,0.0,0.5584395372310499,0.8295452267701688,9.72
89358.55617397919,43419.50091256848,0.0,0.0,0.0,0.5584395372310499,0.8295452267701688,9.72
89357.87093895889,43420.225717824505,0.0,0.0,0.0,0.5584395372310499,0.8295452267701688,9.72
89357.1857039386,43420.95052308052,0.0,0.0,0.0,0.5584395372310499,0.8295452267701688,9.72
89356.5004689183,43421.67532833655,0.0,0.0,0.0,0.5584395372310499,0.8295452267701688,9.72
89355.81523389801,43422.400133592564,0.0,0.0,0.0,0.5584395372310499,0.8295452267701688,9.72
89355.12999887772,43423.12493884859,0.0,0.0,0.0,0.5584395372310499,0.8295452267701688,9.72
89354.44476385742,43423.849744104606,0.0,0.0,0.0,0.5584395372310499,0.8295452267701688,9.72
89353.75952883712,43424.57454936063,0.0,0.0,0.0,0.5584395372310499,0.8295452267701688,9.72
89353.07429381683,43425.29935461665,0.0,0.0,0.0,0.5584395372310499,0.8295452267701688,9.72
89352.38905879653,43426.02415987267,0.0,0.0,0.0,0.5584395372310499,0.8295452267701688,9.72
89351.70382377625,43426.74896512869,0.0,0.0,0.0,0.5584395372310499,0.8295452267701688,9.72
89351.01858875595,43427.47377038471,0.0,0.0,0.0,0.5584395372310499,0.8295452267701688,9.72
89350.33335373565,43428.19857564073,0.0,0.0,0.0,0.5584395372310499,0.8295452267701688,9.72
89349.64811871535,43428.923380896755,0.0,0.0,0.0,0.5584395372310499,0.8295452267701688,9.72
89348.96288369506,43429.64818615277,0.0,0.0,0.0,0.5584395372310499,0.8295452267701688,9.72
89348.27764867476,43430.372991408796,0.0,0.0,0.0,0.5584395372310499,0.8295452267701688,9.72
89347.59241365448,43431.09779666481,0.0,0.0,0.0,0.5584395372310499,0.8295452267701688,9.72
89346.90717863418,43431.82260192084,0.0,0.0,0.0,0.5584395372310499,0.8295452267701688,9.72
89346.22194361388,43432.547407176855,0.0,0.0,0.0,0.5584395372310499,0.8295452267701688,9.72
89345.53670859359,43433.27221243288,0.0,0.0,0.0,0.5584395372310499,0.8295452267701688,9.72
89344.85147357329,43433.9970176889,0.0,0.0,0.0,0.5584395372310499,0.8295452267701688,9.72
89344.16623855299,43434.72182294492,0.0,0.0,0.0,0.5584395372310499,0.8295452267701688,9.72
89343.48100353271,43435.44662820094,0.0,0.0,0.0,0.5584395372310499,0.8295452267701688,9.72
89342.79576851241,43436.17143345696,0.0,0.0,0.0,0.5584395372310499,0.8295452267701688,9.72
89342.11053349212,43436.89623871298,0.0,0.0,0.0,0.5584395372310499,0.8295452267701688,9.72
89341.42529847182,43437.621043969004,0.0,0.0,0.0,0.5584395372310499,0.8295452267701688,9.72
89340.74006345152,43438.34584922502,0.0,0.0,0.0,0.5584395372310499,0.8295452267701688,9.72
89340.05482843122,43439.070654481045,0.0,0.0,0.0,0.5584395372310499,0.8295452267701688,9.72
89339.36959341094,43439.79545973706,0.0,0.0,0.0,0.5584395372310499,0.8295452267701688,9.72
89338.68435839064,43440.52026499309,0.0,0.0,0.0,0.5584395372310499,0.8295452267701688,9.72
89337.99912337035,43441.245070249104,0.0,0.0,0.0,0.5584395372310499,0.8295452267701688,9.72
89337.31388835005,43441.96987550513,0.0,0.0,0.0,0.5584395372310499,0.8295452267701688,9.72
89336.62865332975,43442.694680761146,0.0,0.0,0.0,0.5584395372310499,0.8295452267701688,9.72
89335.94341830946,43443.41948601717,0.0,0.0,0.0,0.5584395372310499,0.8295452267701688,9.72
89335.25818328917,43444.14429127319,0.0,0.0,0.0,0.5584395372310499,0.8295452267701688,9.72
89334.57294826888,43444.86909652921,0.0,0.0,0.0,0.5584395372310499,0.8295452267701688,9.72
89333.88771324858,43445.59390178523,0.0,0.0,0.0,0.5584395372310499,0.8295452267701688,9.72
89333.20247822828,43446.318707041246,0.0,0.0,0.0,0.5584395372310499,0.8295452267701688,9.72
89332.51724320799,43447.04351229727,0.0,0.0,0.0,0.5584395372310499,0.8295452267701688,9.72
89331.83200818769,43447.76831755329,0.0,0.0,0.0,0.5584395372310499,0.8295452267701688,9.72
89331.1467731674,43448.49312280931,0.0,0.0,0.0,0.5584395372310499,0.8295452267701688,9.72
89330.46153814711,43449.21792806533,0.0,0.0,0.0,0.5584395372310499,0.8295452267701688,9.72
89329.77630312681,43449.94273332135,0.0,0.0,0.0,0.5584395372310499,0.8295452267701688,9.72
89329.09106810651,43450.66753857737,0.0,0.0,0.0,0.5584395372310499,0.8295452267701688,9.72
89328.40583308622,43451.392343833395,0.0,0.0,0.0,0.5584395372310499,0.8295452267701688,9.72
89327.72059806592,43452.11714908941,0.0,0.0,0.0,0.5584395372310499,0.8295452267701688,9.72
89327.03536304564,43452.84195434544,0.0,0.0,0.0,0.5584395372310499,0.8295452267701688,9.72
89326.35012802534,43453.566759601454,0.0,0.0,0.0,0.5584395372310499,0.8295452267701688,9.72
89325.66489300504,43454.29156485748,0.0,0.0,0.0,0.5584395372310499,0.8295452267701688,9.72
89324.97965798475,43455.016370113495,0.0,0.0,0.0,0.5584395372310499,0.8295452267701688,9.72
89324.29442296445,43455.74117536952,0.0,0.0,0.0,0.5584395372310499,0.8295452267701688,9.72
89323.60918794415,43456.46598062554,0.0,0.0,0.0,0.5584395372310499,0.8295452267701688,9.72
89322.92395292387,43457.19078588156,0.0,0.0,0.0,0.5584395372310499,0.8295452267701688,9.72
89322.23871790357,43457.91559113758,0.0,0.0,0.0,0.5584395372310499,0.8295452267701688,9.72
89321.55348288328,43458.6403963936,0.0,0.0,0.0,0.5584395372310499,0.8295452267701688,9.72
89320.86824786298,43459.36520164962,0.0,0.0,0.0,0.5584395372310499,0.8295452267701688,9.72
89320.18301284268,43460.090006905644,0.0,0.0,0.0,0.5584395372310499,0.8295452267701688,9.72
89319.49777782238,43460.81481216166,0.0,0.0,0.0,0.5584395372310499,0.8295452267701688,9.72
89318.8125428021,43461.539617417686,0.0,0.0,0.0,0.5584395372310499,0.8295452267701688,9.72
89318.1273077818,43462.2644226737,0.0,0.0,0.0,0.5584395372310499,0.8295452267701688,9.72
89317.4420727615,43462.98922792973,0.0,0.0,0.0,0.5584395372310499,0.8295452267701688,9.72
89316.75683774121,43463.714033185744,0.0,0.0,0.0,0.5584395372310499,0.8295452267701688,9.72
89316.07160272091,43464.43883844177,0.0,0.0,0.0,0.5584395372310499,0.8295452267701688,9.72
89315.38636770062,43465.163643697786,0.0,0.0,0.0,0.5584395372310499,0.8295452267701688,9.72
89314.70113268033,43465.88844895381,0.0,0.0,0.0,0.5584395372310499,0.8295452267701688,9.72
89314.01589766004,43466.61325420983,0.0,0.0,0.0,0.5584395372310499,0.8295452267701688,9.72
89313.33066263974,43467.33805946585,0.0,0.0,0.0,0.5584395372310499,0.8295452267701688,9.72
89312.64542761944,43468.06286472187,0.0,0.0,0.0,0.5584395372310499,0.8295452267701688,9.72
89311.96019259914,43468.78766997789,0.0,0.0,0.0,0.5584395372310499,0.8295452267701688,9.72
89311.27495757885,43469.51247523391,0.0,0.0,0.0,0.5584395372310499,0.8295452267701688,9.72
89310.58972255856,43470.237280489935,0.0,0.0,0.0,0.5584395372310499,0.8295452267701688,9.72
89309.90448753827,43470.96208574595,0.0,0.0,0.0,0.5584395372310499,0.8295452267701688,9.72
89309.21925251797,43471.68689100198,0.0,0.0,0.0,0.5584395372310499,0.8295452267701688,9.72
89308.53401749767,43472.411696257994,0.0,0.0,0.0,0.5584395372310499,0.8295452267701688,9.72
89307.84878247738,43473.13650151402,0.0,0.0,0.0,0.5584395372310499,0.8295452267701688,9.72
89307.16354745708,43473.861306770035,0.0,0.0,0.0,0.5584395372310499,0.8295452267701688,9.72
89306.4783124368,43474.58611202606,0.0,0.0,0.0,0.5584395372310499,0.8295452267701688,9.72
89305.7930774165,43475.31091728208,0.0,0.0,0.0,0.5584395372310499,0.8295452267701688,9.72
89305.1078423962,43476.0357225381,0.0,0.0,0.0,0.5584395372310499,0.8295452267701688,9.72
89304.4226073759,43476.76052779412,0.0,0.0,0.0,0.5584395372310499,0.8295452267701688,9.72
89303.73737235561,43477.48533305014,0.0,0.0,0.0,0.5584395372310499,0.8295452267701688,9.72
89303.05213733531,43478.21013830616,0.0,0.0,0.0,0.5584395372310499,0.8295452267701688,9.72
89302.36690231503,43478.93494356218,0.0,0.0,0.0,0.5584395372310499,0.8295452267701688,9.72
89301.68166729473,43479.6597488182,0.0,0.0,0.0,0.5584395372310499,0.8295452267701688,9.72
89300.99643227443,43480.38455407422,0.0,0.0,0.0,0.5584395372310499,0.8295452267701688,9.72
89300.31119725414,43481.10935933024,0.0,0.0,0.0,0.5584395372310499,0.8295452267701688,9.72
89299.62596223384,43481.83416458626,0.0,0.0,0.0,0.5584395372310499,0.8295452267701688,9.72
89298.94072721354,43482.558969842285,0.0,0.0,0.0,0.5584395372310499,0.8295452267701688,9.72
89298.25549219326,43483.2837750983,0.0,0.0,0.0,0.5584395372310499,0.8295452267701688,9.72
89297.57025717296,43484.008580354326,0.0,0.0,0.0,0.5584395372310499,0.8295452267701688,9.72
89296.88502215267,43484.73338561034,0.0,0.0,0.0,0.5584395372310499,0.8295452267701688,9.72
89296.19978713237,43485.45819086637,0.0,0.0,0.0,0.5584395372310499,0.8295452267701688,9.72
89295.51455211207,43486.182996122385,0.0,0.0,0.0,0.5584395372310499,0.8295452267701688,9.72
89294.82931709178,43486.90780137841,0.0,0.0,0.0,0.5584395372310499,0.8295452267701688,9.72
89294.14408207149,43487.632606634426,0.0,0.0,0.0,0.5584395372310499,0.8295452267701688,9.72
89293.4588470512,43488.35741189045,0.0,0.0,0.0,0.5584395372310499,0.8295452267701688,9.72
89292.7736120309,43489.08221714647,0.0,0.0,0.0,0.5584395372310499,0.8295452267701688,9.72
89292.0883770106,43489.80702240249,0.0,0.0,0.0,0.5584395372310499,0.8295452267701688,9.72
89291.4031419903,43490.53182765851,0.0,0.0,0.0,0.5584395372310499,0.8295452267701688,9.72
89290.71790697,43491.256632914534,0.0,0.0,0.0,0.5584395372310499,0.8295452267701688,9.72
89290.03267194972,43491.98143817055,0.0,0.0,0.0,0.5584395372310499,0.8295452267701688,9.72
89289.34743692943,43492.706243426575,0.0,0.0,0.0,0.5584395372310499,0.8295452267701688,9.72
89288.66220190913,43493.43104868259,0.0,0.0,0.0,0.5584395372310499,0.8295452267701688,9.72
89287.97696688883,43494.15585393862,0.0,0.0,0.0,0.5584395372310499,0.8295452267701688,9.72
89287.29173186854,43494.880659194634,0.0,0.0,0.0,0.5584395372310499,0.8295452267701688,9.72
89286.60649684825,43495.60546445066,0.0,0.0,0.0,0.5584395372310499,0.8295452267701688,9.72
89285.92126182796,43496.330269706676,0.0,0.0,0.0,0.5584395372310499,0.8295452267701688,9.72
89285.23602680766,43497.0550749627,0.0,0.0,0.0,0.5584395372310499,0.8295452267701688,9.72
89284.55079178736,43497.77988021872,0.0,0.0,0.0,0.5584395372310499,0.8295452267701688,9.72
89283.86555676706,43498.50468547474,0.0,0.0,0.0,0.5584395372310499,0.8295452267701688,9.72
89283.18032174677,43499.22949073076,0.0,0.0,0.0,0.5584395372310499,0.8295452267701688,9.72
89282.49508672649,43499.95429598678,0.0,0.0,0.0,0.5584395372310499,0.8295452267701688,9.72
89281.80985170619,43500.6791012428,0.0,0.0,0.0,0.5584395372310499,0.8295452267701688,9.72
89281.12461668589,43501.403906498825,0.0,0.0,0.0,0.5584395372310499,0.8295452267701688,9.72
89280.4393816656,43502.12871175484,0.0,0.0,0.0,0.5584395372310499,0.8295452267701688,9.72
89279.7541466453,43502.853517010866,0.0,0.0,0.0,0.5584395372310499,0.8295452267701688,9.72
89279.068911625,43503.57832226688,0.0,0.0,0.0,0.5584395372310499,0.8295452267701688,9.72
89278.38367660472,43504.30312752291,0.0,0.0,0.0,0.5584395372310499,0.8295452267701688,9.72
89277.69844158442,43505.027932778925,0.0,0.0,0.0,0.5584395372310499,0.8295452267701688,9.72
89277.01320656412,43505.75273803495,0.0,0.0,0.0,0.5584395372310499,0.8295452267701688,9.72
89276.32797154383,43506.47754329097,0.0,0.0,0.0,0.5584395372310499,0.8295452267701688,9.72
89275.64273652353,43507.20234854699,0.0,0.0,0.0,0.5584395372310499,0.8295452267701688,9.72
89274.95750150323,43507.92715380301,0.0,0.0,0.0,0.5584395372310499,0.8295452267701688,9.72
89274.27226648295,43508.65195905903,0.0,0.0,0.0,0.5584395372310499,0.8295452267701688,9.72
89273.58703146265,43509.37676431505,0.0,0.0,0.0,0.5584395372310499,0.8295452267701688,9.72
89272.90179644235,43510.101569571074,0.0,0.0,0.0,0.5584395372310499,0.8295452267701688,9.72
89272.21656142206,43510.82637482709,0.0,0.0,0.0,0.5584395372310499,0.8295452267701688,9.72
89271.53132640176,43511.55118008311,0.0,0.0,0.0,0.5584395372310499,0.8295452267701688,9.72
89270.84609138146,43512.27598533913,0.0,0.0,0.0,0.5584395372310499,0.8295452267701688,9.72
89270.16085636118,43513.00079059515,0.0,0.0,0.0,0.5584395372310499,0.8295452267701688,9.72
89269.47562134088,43513.725595851174,0.0,0.0,0.0,0.5584395372310499,0.8295452267701688,9.72
89268.79038632059,43514.45040110719,0.0,0.0,0.0,0.5584395372310499,0.8295452267701688,9.72
89268.10515130029,43515.175206363216,0.0,0.0,0.0,0.5584395372310499,0.8295452267701688,9.72
89267.41991627999,43515.90001161923,0.0,0.0,0.0,0.5584395372310499,0.8295452267701688,9.72
89266.7346812597,43516.62481687526,0.0,0.0,0.0,0.5584395372310499,0.8295452267701688,9.72
89266.04944623941,43517.349622131274,0.0,0.0,0.0,0.5584395372310499,0.8295452267701688,9.72
89265.36421121912,43518.0744273873,0.0,0.0,0.0,0.5584395372310499,0.8295452267701688,9.72
89264.67897619882,43518.799232643316,0.0,0.0,0.0,0.5584395372310499,0.8295452267701688,9.72
89263.99374117852,43519.52403789934,0.0,0.0,0.0,0.5584395372310499,0.8295452267701688,9.72
89263.30850615822,43520.24884315536,0.0,0.0,0.0,0.5584395372310499,0.8295452267701688,9.72
89262.62327113793,43520.97364841138,0.0,0.0,0.0,0.5584395372310499,0.8295452267701688,9.72
89261.93803611764,43521.6984536674,0.0,0.0,0.0,0.5584395372310499,0.8295452267701688,9.72
89261.25280109735,43522.42325892342,0.0,0.0,0.0,0.5584395372310499,0.8295452267701688,9.72
89260.56756607705,43523.14806417944,0.0,0.0,0.0,0.5584395372310499,0.8295452267701688,9.72
89259.88233105675,43523.872869435465,0.0,0.0,0.0,0.5584395372310499,0.8295452267701688,9.72
89259.19709603646,43524.59767469148,0.0,0.0,0.0,0.5584395372310499,0.8295452267701688,9.72
89258.51186101616,43525.32247994751,0.0,0.0,0.0,0.5584395372310499,0.8295452267701688,9.72
89257.82662599588,43526.047285203524,0.0,0.0,0.0,0.5584395372310499,0.8295452267701688,9.72
89257.14139097558,43526.77209045955,0.0,0.0,0.0,0.5584395372310499,0.8295452267701688,9.72
89256.45615595528,43527.496895715565,0.0,0.0,0.0,0.5584395372310499,0.8295452267701688,9.72
89255.77092093499,43528.22170097159,0.0,0.0,0.0,0.5584395372310499,0.8295452267701688,9.72
89255.08568591469,43528.94650622761,0.0,0.0,0.0,0.5584395372310499,0.8295452267701688,9.72
89254.40045089439,43529.67131148363,0.0,0.0,0.0,0.5584395372310499,0.8295452267701688,9.72
89253.71521587411,43530.39611673965,0.0,0.0,0.0,0.5584395372310499,0.8295452267701688,9.72
89253.02998085381,43531.12092199567,0.0,0.0,0.0,0.5584395372310499,0.8295452267701688,9.72
89252.34474583351,43531.84572725169,0.0,0.0,0.0,0.5584395372310499,0.8295452267701688,9.72
89251.65951081322,43532.570532507714,0.0,0.0,0.0,0.5584395372310499,0.8295452267701688,9.72
89250.97427579292,43533.29533776373,0.0,0.0,0.0,0.5584395372310499,0.8295452267701688,9.72
89250.28904077262,43534.020143019756,0.0,0.0,0.0,0.5584395372310499,0.8295452267701688,9.72
89249.60380575234,43534.74494827577,0.0,0.0,0.0,0.5584395372310499,0.8295452267701688,9.72
89248.91857073204,43535.4697535318,0.0,0.0,0.0,0.5584395372310499,0.8295452267701688,9.72
89248.23333571175,43536.194558787814,0.0,0.0,0.0,0.5584395372310499,0.8295452267701688,9.72
89247.54810069145,43536.91936404384,0.0,0.0,0.0,0.5584395372310499,0.8295452267701688,9.72
89246.86286567115,43537.644169299856,0.0,0.0,0.0,0.5584395372310499,0.8295452267701688,9.72
89246.17763065085,43538.36897455588,0.0,0.0,0.0,0.5584395372310499,0.8295452267701688,9.72
89245.49239563057,43539.0937798119,0.0,0.0,0.0,0.5584395372310499,0.8295452267701688,9.72
89244.80716061027,43539.81858506792,0.0,0.0,0.0,0.5584395372310499,0.8295452267701688,9.72
89244.12192558998,43540.54339032394,0.0,0.0,0.0,0.5584395372310499,0.8295452267701688,9.72
89243.43669056968,43541.26819557996,0.0,0.0,0.0,0.5584395372310499,0.8295452267701688,9.72
89242.75145554938,43541.99300083598,0.0,0.0,0.0,0.5584395372310499,0.8295452267701688,9.72
89242.06622052909,43542.717806092005,0.0,0.0,0.0,0.5584395372310499,0.8295452267701688,9.72
89241.3809855088,43543.44261134802,0.0,0.0,0.0,0.5584395372310499,0.8295452267701688,9.72
89240.6957504885,43544.16741660404,0.0,0.0,0.0,0.5584395372310499,0.8295452267701688,9.72
89240.01051546821,43544.892221860064,0.0,0.0,0.0,0.5584395372310499,0.8295452267701688,9.72
89239.32528044791,43545.61702711608,0.0,0.0,0.0,0.5584395372310499,0.8295452267701688,9.72
89238.64004542762,43546.341832372105,0.0,0.0,0.0,0.5584395372310499,0.8295452267701688,9.72
89237.95481040732,43547.06663762812,0.0,0.0,0.0,0.5584395372310499,0.8295452267701688,9.72
89237.26957538704,43547.79144288415,0.0,0.0,0.0,0.5584395372310499,0.8295452267701688,9.72
89236.58434036674,43548.516248140164,0.0,0.0,0.0,0.5584395372310499,0.8295452267701688,9.72
89235.89910534644,43549.24105339619,0.0,0.0,0.0,0.5584395372310499,0.8295452267701688,9.72
89235.21387032614,43549.965858652205,0.0,0.0,0.0,0.5584395372310499,0.8295452267701688,9.72
89234.52863530585,43550.69066390823,0.0,0.0,0.0,0.5584395372310499,0.8295452267701688,9.72
89233.84340028555,43551.41546916425,0.0,0.0,0.0,0.5584395372310499,0.8295452267701688,9.72
89233.15816526527,43552.14027442027,0.0,0.0,0.0,0.5584395372310499,0.8295452267701688,9.72
89232.47293024497,43552.86507967629,0.0,0.0,0.0,0.5584395372310499,0.8295452267701688,9.72
89231.78769522467,43553.58988493231,0.0,0.0,0.0,0.5584395372310499,0.8295452267701688,9.72
89231.10246020438,43554.31469018833,0.0,0.0,0.0,0.5584395372310499,0.8295452267701688,9.72
89230.41722518408,43555.039495444355,0.0,0.0,0.0,0.5584395372310499,0.8295452267701688,9.72
89229.73199016378,43555.76430070037,0.0,0.0,0.0,0.5584395372310499,0.8295452267701688,9.72
89229.0467551435,43556.489105956396,0.0,0.0,0.0,0.5584395372310499,0.8295452267701688,9.72
89228.3615201232,43557.21391121241,0.0,0.0,0.0,0.5584395372310499,0.8295452267701688,9.72
89227.6762851029,43557.93871646844,0.0,0.0,0.0,0.5584395372310499,0.8295452267701688,9.72
89226.99105008261,43558.663521724455,0.0,0.0,0.0,0.5584395372310499,0.8295452267701688,9.72
89226.30581506231,43559.38832698048,0.0,0.0,0.0,0.5584395372310499,0.8295452267701688,9.72
89225.62058004201,43560.113132236496,0.0,0.0,0.0,0.5584395372310499,0.8295452267701688,9.72
89224.93534502173,43560.83793749252,0.0,0.0,0.0,0.5584395372310499,0.8295452267701688,9.72
89224.25011000143,43561.56274274854,0.0,0.0,0.0,0.5584395372310499,0.8295452267701688,9.72
89223.56487498114,43562.28754800456,0.0,0.0,0.0,0.5584395372310499,0.8295452267701688,9.72
89222.87963996084,43563.01235326058,0.0,0.0,0.0,0.5584395372310499,0.8295452267701688,9.72
89222.19440494054,43563.737158516604,0.0,0.0,0.0,0.5584395372310499,0.8295452267701688,9.72
89221.50916992025,43564.46196377262,0.0,0.0,0.0,0.5584395372310499,0.8295452267701688,9.72
89220.82393489996,43565.186769028645,0.0,0.0,0.0,0.5584395372310499,0.8295452267701688,9.72
89220.13869987967,43565.91157428466,0.0,0.0,0.0,0.5584395372310499,0.8295452267701688,9.72
89219.45346485937,43566.63637954069,0.0,0.0,0.0,0.5584395372310499,0.8295452267701688,9.72
89218.76822983907,43567.361184796704,0.0,0.0,0.0,0.5584395372310499,0.8295452267701688,9.72
89218.08299481877,43568.08599005273,0.0,0.0,0.0,0.5584395372310499,0.8295452267701688,9.72
89217.39775979848,43568.810795308746,0.0,0.0,0.0,0.5584395372310499,0.8295452267701688,9.72
89216.7125247782,43569.53560056477,0.0,0.0,0.0,0.5584395372310499,0.8295452267701688,9.72
89216.0272897579,43570.26040582079,0.0,0.0,0.0,0.5584395372310499,0.8295452267701688,9.72
89215.3420547376,43570.98521107681,0.0,0.0,0.0,0.5584395372310499,0.8295452267701688,9.72
89214.6568197173,43571.71001633283,0.0,0.0,0.0,0.5584395372310499,0.8295452267701688,9.72
89213.971584697,43572.43482158885,0.0,0.0,0.0,0.5584395372310499,0.8295452267701688,9.72
89213.28634967671,43573.15962684487,0.0,0.0,0.0,0.5584395372310499,0.8295452267701688,9.72
89212.60111465643,43573.884432100895,0.0,0.0,0.0,0.5584395372310499,0.8295452267701688,9.72
89211.91587963613,43574.60923735691,0.0,0.0,0.0,0.5584395372310499,0.8295452267701688,9.72
89211.23064461583,43575.33404261293,0.0,0.0,0.0,0.5584395372310499,0.8295452267701688,9.72
89210.54540959554,43576.05884786895,0.0,0.0,0.0,0.5584395372310499,0.8295452267701688,9.72
89209.86017457524,43576.78365312497,0.0,0.0,0.0,0.5584395372310499,0.8295452267701688,9.72
89209.17493955494,43577.508458380995,0.0,0.0,0.0,0.5584395372310499,0.8295452267701688,9.72
89208.48970453466,43578.23326363701,0.0,0.0,0.0,0.5584395372310499,0.8295452267701688,9.72
89207.80446951436,43578.95806889304,0.0,0.0,0.0,0.5584395372310499,0.8295452267701688,9.72
89207.11923449406,43579.68287414905,0.0,0.0,0.0,0.5584395372310499,0.8295452267701688,9.72
89206.43399947377,43580.40767940508,0.0,0.0,0.0,0.5584395372310499,0.8295452267701688,9.72
89205.74876445347,43581.132484661095,0.0,0.0,0.0,0.5584395372310499,0.8295452267701688,9.72
89205.06352943317,43581.85728991712,0.0,0.0,0.0,0.5584395372310499,0.8295452267701688,9.72
89204.37829441289,43582.58209517314,0.0,0.0,0.0,0.5584395372310499,0.8295452267701688,9.72
89203.6930593926,43583.30690042916,0.0,0.0,0.0,0.5584395372310499,0.8295452267701688,9.72
89203.0078243723,43584.03170568518,0.0,0.0,0.0,0.5584395372310499,0.8295452267701688,9.72
89202.322589352,43584.7565109412,0.0,0.0,0.0,0.5584395372310499,0.8295452267701688,9.72
89201.6373543317,43585.48131619722,0.0,0.0,0.0,0.5584395372310499,0.8295452267701688,9.72
89200.9521193114,43586.206121453244,0.0,0.0,0.0,0.5584395372310499,0.8295452267701688,9.72
89200.26688429112,43586.93092670926,0.0,0.0,0.0,0.5584395372310499,0.8295452267701688,9.72
89199.58164927083,43587.655731965286,0.0,0.0,0.0,0.5584395372310499,0.8295452267701688,9.72
89198.89641425053,43588.3805372213,0.0,0.0,0.0,0.5584395372310499,0.8295452267701688,9.72
89198.21117923023,43589.10534247733,0.0,0.0,0.0,0.5584395372310499,0.8295452267701688,9.72
89197.52594420993,43589.830147733344,0.0,0.0,0.0,0.5584395372310499,0.8295452267701688,9.72
89196.84070918965,43590.55495298937,0.0,0.0,0.0,0.5584395372310499,0.8295452267701688,9.72
89196.15547416935,43591.279758245386,0.0,0.0,0.0,0.5584395372310499,0.8295452267701688,9.72
89195.47023914906,43592.00456350141,0.0,0.0,0.0,0.5584395372310499,0.8295452267701688,9.72
89194.78500412876,43592.72936875743,0.0,0.0,0.0,0.5584395372310499,0.8295452267701688,9.72
89194.09976910846,43593.45417401345,0.0,0.0,0.0,0.5584395372310499,0.8295452267701688,9.72
89193.41453408817,43594.17897926947,0.0,0.0,0.0,0.5584395372310499,0.8295452267701688,9.72
89192.72929906788,43594.90378452549,0.0,0.0,0.0,0.5584395372310499,0.8295452267701688,9.72
89192.04406404759,43595.62858978151,0.0,0.0,0.0,0.5584395372310499,0.8295452267701688,9.72
89191.35882902729,43596.353395037535,0.0,0.0,0.0,0.5584395372310499,0.8295452267701688,9.72
89190.67359400699,43597.07820029355,0.0,0.0,0.0,0.5584395372310499,0.8295452267701688,9.72
89189.9883589867,43597.80300554958,0.0,0.0,0.0,0.5584395372310499,0.8295452267701688,9.72
89189.3031239664,43598.52781080559,0.0,0.0,0.0,0.5584395372310499,0.8295452267701688,9.72
89188.61788894612,43599.25261606162,0.0,0.0,0.0,0.5584395372310499,0.8295452267701688,9.72
89187.93265392582,43599.977421317635,0.0,0.0,0.0,0.5584395372310499,0.8295452267701688,9.72
89187.24741890552,43600.70222657366,0.0,0.0,0.0,0.5584395372310499,0.8295452267701688,9.72
89186.56218388522,43601.42703182968,0.0,0.0,0.0,0.5584395372310499,0.8295452267701688,9.72
89185.87694886493,43602.1518370857,0.0,0.0,0.0,0.5584395372310499,0.8295452267701688,9.72
89185.19171384463,43602.87664234172,0.0,0.0,0.0,0.5584395372310499,0.8295452267701688,9.72
89184.50647882435,43603.60144759774,0.0,0.0,0.0,0.5584395372310499,0.8295452267701688,9.72
89183.82124380405,43604.32625285376,0.0,0.0,0.0,0.5584395372310499,0.8295452267701688,9.72
89183.13600878375,43605.051058109784,0.0,0.0,0.0,0.5584395372310499,0.8295452267701688,9.72
89182.45077376346,43605.7758633658,0.0,0.0,0.0,0.5584395372310499,0.8295452267701688,9.72
89181.76553874316,43606.500668621826,0.0,0.0,0.0,0.5584395372310499,0.8295452267701688,9.72
89181.08030372286,43607.22547387784,0.0,0.0,0.0,0.5584395372310499,0.8295452267701688,9.72
89180.39506870258,43607.95027913386,0.0,0.0,0.0,0.5584395372310499,0.8295452267701688,9.72
89179.70983368228,43608.675084389884,0.0,0.0,0.0,0.5584395372310499,0.8295452267701688,9.72
89179.02459866198,43609.3998896459,0.0,0.0,0.0,0.5584395372310499,0.8295452267701688,9.72
89178.33936364169,43610.124694901926,0.0,0.0,0.0,0.5584395372310499,0.8295452267701688,9.72
89177.65412862139,43610.84950015794,0.0,0.0,0.0,0.5584395372310499,0.8295452267701688,9.72
89176.9688936011,43611.57430541397,0.0,0.0,0.0,0.5584395372310499,0.8295452267701688,9.72
89176.28365858081,43612.299110669985,0.0,0.0,0.0,0.5584395372310499,0.8295452267701688,9.72
89175.59842356051,43613.02391592601,0.0,0.0,0.0,0.5584395372310499,0.8295452267701688,9.72
89174.91318854022,43613.748721182026,0.0,0.0,0.0,0.5584395372310499,0.8295452267701688,9.72
89174.22795351992,43614.47352643805,0.0,0.0,0.0,0.5584395372310499,0.8295452267701688,9.72
89173.54271849962,43615.19833169407,0.0,0.0,0.0,0.5584395372310499,0.8295452267701688,9.72
89172.85748347933,43615.92313695009,0.0,0.0,0.0,0.5584395372310499,0.8295452267701688,9.72
89172.17224845904,43616.64794220611,0.0,0.0,0.0,0.5584395372310499,0.8295452267701688,9.72
89171.48701343875,43617.372747462134,0.0,0.0,0.0,0.5584395372310499,0.8295452267701688,9.72
89170.80177841845,43618.09755271815,0.0,0.0,0.0,0.5584395372310499,0.8295452267701688,9.72
89170.11654339815,43618.822357974175,0.0,0.0,0.0,0.5584395372310499,0.8295452267701688,9.72
89169.43130837785,43619.54716323019,0.0,0.0,0.0,0.5584395372310499,0.8295452267701688,9.72
89168.74607335756,43620.27196848622,0.0,0.0,0.0,0.5584395372310499,0.8295452267701688,9.72
89168.06083833727,43620.996773742234,0.0,0.0,0.0,0.5584395372310499,0.8295452267701688,9.72
89167.37560331698,43621.72157899826,0.0,0.0,0.0,0.5584395372310499,0.8295452267701688,9.72
89166.69036829668,43622.446384254275,0.0,0.0,0.0,0.5584395372310499,0.8295452267701688,9.72
89166.00513327638,43623.1711895103,0.0,0.0,0.0,0.5584395372310499,0.8295452267701688,9.72
89165.31989825609,43623.89599476632,0.0,0.0,0.0,0.5584395372310499,0.8295452267701688,9.72
89164.63466323579,43624.62080002234,0.0,0.0,0.0,0.5584395372310499,0.8295452267701688,9.72
89163.9494282155,43625.34560527836,0.0,0.0,0.0,0.5584395372310499,0.8295452267701688,9.72
89163.26419319521,43626.07041053438,0.0,0.0,0.0,0.5584395372310499,0.8295452267701688,9.72
89162.57895817491,43626.7952157904,0.0,0.0,0.0,0.5584395372310499,0.8295452267701688,9.72
89161.89372315462,43627.520021046425,0.0,0.0,0.0,0.5584395372310499,0.8295452267701688,9.72
89161.20848813432,43628.24482630244,0.0,0.0,0.0,0.5584395372310499,0.8295452267701688,9.72
89160.52325311402,43628.969631558466,0.0,0.0,0.0,0.5584395372310499,0.8295452267701688,9.72
89159.83801809374,43629.69443681448,0.0,0.0,0.0,0.5584395372310499,0.8295452267701688,9.72
89159.15278307344,43630.41924207051,0.0,0.0,0.0,0.5584395372310499,0.8295452267701688,9.72
89158.46754805314,43631.144047326525,0.0,0.0,0.0,0.5584395372310499,0.8295452267701688,9.72
89157.78231303285,43631.86885258255,0.0,0.0,0.0,0.5584395372310499,0.8295452267701688,9.72
89157.09707801255,43632.593657838566,0.0,0.0,0.0,0.5584395372310499,0.8295452267701688,9.72
89156.41184299225,43633.31846309459,0.0,0.0,0.0,0.5584395372310499,0.8295452267701688,9.72
89155.72660797197,43634.04326835061,0.0,0.0,0.0,0.5584395372310499,0.8295452267701688,9.72
89155.04137295167,43634.76807360663,0.0,0.0,0.0,0.5584395372310499,0.8295452267701688,9.72
89154.35613793138,43635.49287886265,0.0,0.0,0.0,0.5584395372310499,0.8295452267701688,9.72
89153.67090291108,43636.217684118674,0.0,0.0,0.0,0.5584395372310499,0.8295452267701688,9.72
89152.98566789078,43636.94248937469,0.0,0.0,0.0,0.5584395372310499,0.8295452267701688,9.72
89152.30043287048,43637.667294630715,0.0,0.0,0.0,0.5584395372310499,0.8295452267701688,9.72
89151.6151978502,43638.39209988673,0.0,0.0,0.0,0.5584395372310499,0.8295452267701688,9.72
89150.9299628299,43639.11690514276,0.0,0.0,0.0,0.5584395372310499,0.8295452267701688,9.72
89150.24472780961,43639.841710398774,0.0,0.0,0.0,0.5584395372310499,0.8295452267701688,9.72
89149.55949278931,43640.56651565479,0.0,0.0,0.0,0.5584395372310499,0.8295452267701688,9.72
89148.87425776901,43641.291320910816,0.0,0.0,0.0,0.5584395372310499,0.8295452267701688,9.72
89148.18902274872,43642.01612616683,0.0,0.0,0.0,0.5584395372310499,0.8295452267701688,9.72
89147.50378772843,43642.74093142286,0.0,0.0,0.0,0.5584395372310499,0.8295452267701688,9.72
89146.81855270814,43643.465736678874,0.0,0.0,0.0,0.5584395372310499,0.8295452267701688,9.72
89146.13331768784,43644.1905419349,0.0,0.0,0.0,0.5584395372310499,0.8295452267701688,9.72
89145.44808266754,43644.915347190916,0.0,0.0,0.0,0.5584395372310499,0.8295452267701688,9.72
89144.76284764725,43645.64015244694,0.0,0.0,0.0,0.5584395372310499,0.8295452267701688,9.72
89144.07761262695,43646.36495770296,0.0,0.0,0.0,0.5584395372310499,0.8295452267701688,9.72
89143.39237760667,43647.08976295898,0.0,0.0,0.0,0.5584395372310499,0.8295452267701688,9.72
89142.70714258637,43647.814568215,0.0,0.0,0.0,0.5584395372310499,0.8295452267701688,9.72
89142.02190756607,43648.53937347102,0.0,0.0,0.0,0.5584395372310499,0.8295452267701688,9.72
89141.33667254577,43649.26417872704,0.0,0.0,0.0,0.5584395372310499,0.8295452267701688,9.72
89140.65143752548,43649.988983983065,0.0,0.0,0.0,0.5584395372310499,0.8295452267701688,9.72
89139.96620250518,43650.71378923908,0.0,0.0,0.0,0.5584395372310499,0.8295452267701688,9.72
89139.2809674849,43651.43859449511,0.0,0.0,0.0,0.5584395372310499,0.8295452267701688,9.72
89138.5957324646,43652.16339975112,0.0,0.0,0.0,0.5584395372310499,0.8295452267701688,9.72
89137.9104974443,43652.88820500715,0.0,0.0,0.0,0.5584395372310499,0.8295452267701688,9.72
89137.225262424,43653.613010263165,0.0,0.0,0.0,0.5584395372310499,0.8295452267701688,9.72
89136.54002740371,43654.33781551919,0.0,0.0,0.0,0.5584395372310499,0.8295452267701688,9.72
89135.85479238341,43655.06262077521,0.0,0.0,0.0,0.5584395372310499,0.8295452267701688,9.72
89135.16955736313,43655.78742603123,0.0,0.0,0.0,0.5584395372310499,0.8295452267701688,9.72
89134.48432234283,43656.51223128725,0.0,0.0,0.0,0.5584395372310499,0.8295452267701688,9.72
89133.79908732254,43657.23703654327,0.0,0.0,0.0,0.5584395372310499,0.8295452267701688,9.72
89133.11385230224,43657.96184179929,0.0,0.0,0.0,0.5584395372310499,0.8295452267701688,9.72
89132.42861728194,43658.686647055314,0.0,0.0,0.0,0.5584395372310499,0.8295452267701688,9.72
89131.74338226164,43659.41145231133,0.0,0.0,0.0,0.5584395372310499,0.8295452267701688,9.72
89131.05814724136,43660.136257567356,0.0,0.0,0.0,0.5584395372310499,0.8295452267701688,9.72
89130.37291222106,43660.86106282337,0.0,0.0,0.0,0.5584395372310499,0.8295452267701688,9.72
89129.68767720077,43661.5858680794,0.0,0.0,0.0,0.5584395372310499,0.8295452267701688,9.72
89129.00244218047,43662.310673335414,0.0,0.0,0.0,0.5584395372310499,0.8295452267701688,9.72
89128.31720716017,43663.03547859144,0.0,0.0,0.0,0.5584395372310499,0.8295452267701688,9.72
89127.63197213988,43663.760283847456,0.0,0.0,0.0,0.5584395372310499,0.8295452267701688,9.72
89126.9467371196,43664.48508910348,0.0,0.0,0.0,0.5584395372310499,0.8295452267701688,9.72
89126.2615020993,43665.2098943595,0.0,0.0,0.0,0.5584395372310499,0.8295452267701688,9.72
89125.576267079,43665.93469961552,0.0,0.0,0.0,0.5584395372310499,0.8295452267701688,9.72
89124.8910320587,43666.65950487154,0.0,0.0,0.0,0.5584395372310499,0.8295452267701688,9.72
89124.2057970384,43667.38431012756,0.0,0.0,0.0,0.5584395372310499,0.8295452267701688,9.72
89123.52056201811,43668.10911538358,0.0,0.0,0.0,0.5584395372310499,0.8295452267701688,9.72
89122.83532699783,43668.833920639605,0.0,0.0,0.0,0.5584395372310499,0.8295452267701688,9.72
89122.15009197753,43669.55872589562,0.0,0.0,0.0,0.5584395372310499,0.8295452267701688,9.72
89121.46485695723,43670.28353115165,0.0,0.0,0.0,0.5584395372310499,0.8295452267701688,9.72
89120.77962193693,43671.00833640766,0.0,0.0,0.0,0.5584395372310499,0.8295452267701688,9.72
89120.09438691664,43671.73314166369,0.0,0.0,0.0,0.5584395372310499,0.8295452267701688,9.72
89119.40915189634,43672.457946919705,0.0,0.0,0.0,0.5584395372310499,0.8295452267701688,9.72
89118.72391687606,43673.18275217572,0.0,0.0,0.0,0.5584395372310499,0.8295452267701688,9.72
89118.03868185576,43673.90755743175,0.0,0.0,0.0,0.5584395372310499,0.8295452267701688,9.72
89117.35344683546,43674.632362687764,0.0,0.0,0.0,0.5584395372310499,0.8295452267701688,9.72
89116.66821181517,43675.35716794379,0.0,0.0,0.0,0.5584395372310499,0.8295452267701688,9.72
89115.98297679487,43676.081973199805,0.0,0.0,0.0,0.5584395372310499,0.8295452267701688,9.72
89115.29774177457,43676.80677845583,0.0,0.0,0.0,0.5584395372310499,0.8295452267701688,9.72
89114.61250675429,43677.53158371185,0.0,0.0,0.0,0.5584395372310499,0.8295452267701688,9.72
89113.92727173399,43678.25638896787,0.0,0.0,0.0,0.5584395372310499,0.8295452267701688,9.72
89113.2420367137,43678.98119422389,0.0,0.0,0.0,0.5584395372310499,0.8295452267701688,9.72
89112.5568016934,43679.70599947991,0.0,0.0,0.0,0.5584395372310499,0.8295452267701688,9.72
89111.8715666731,43680.43080473593,0.0,0.0,0.0,0.5584395372310499,0.8295452267701688,9.72
89111.1863316528,43681.155609991954,0.0,0.0,0.0,0.5584395372310499,0.8295452267701688,9.72
89110.50109663252,43681.88041524797,0.0,0.0,0.0,0.5584395372310499,0.8295452267701688,9.72
89109.81586161222,43682.605220503996,0.0,0.0,0.0,0.5584395372310499,0.8295452267701688,9.72
89109.13062659193,43683.33002576001,0.0,0.0,0.0,0.5584395372310499,0.8295452267701688,9.72
89108.44539157163,43684.05483101604,0.0,0.0,0.0,0.5584395372310499,0.8295452267701688,9.72
89107.76015655133,43684.779636272055,0.0,0.0,0.0,0.5584395372310499,0.8295452267701688,9.72
89107.07492153105,43685.50444152808,0.0,0.0,0.0,0.5584395372310499,0.8295452267701688,9.72
89106.38968651075,43686.229246784096,0.0,0.0,0.0,0.5584395372310499,0.8295452267701688,9.72
89105.70445149046,43686.95405204012,0.0,0.0,0.0,0.5584395372310499,0.8295452267701688,9.72
89105.01921647016,43687.67885729614,0.0,0.0,0.0,0.5584395372310499,0.8295452267701688,9.72
89104.33398144986,43688.40366255216,0.0,0.0,0.0,0.5584395372310499,0.8295452267701688,9.72
89103.64874642956,43689.12846780818,0.0,0.0,0.0,0.5584395372310499,0.8295452267701688,9.72
89102.96351140928,43689.853273064204,0.0,0.0,0.0,0.5584395372310499,0.8295452267701688,9.72
89102.27827638898,43690.57807832022,0.0,0.0,0.0,0.5584395372310499,0.8295452267701688,9.72
89101.59304136869,43691.302883576245,0.0,0.0,0.0,0.5584395372310499,0.8295452267701688,9.72
89100.90780634839,43692.02768883226,0.0,0.0,0.0,0.5584395372310499,0.8295452267701688,9.72
89100.2225713281,43692.75249408829,0.0,0.0,0.0,0.5584395372310499,0.8295452267701688,9.72
89099.5373363078,43693.477299344304,0.0,0.0,0.0,0.5584395372310499,0.8295452267701688,9.72
89098.85210128751,43694.20210460033,0.0,0.0,0.0,0.5584395372310499,0.8295452267701688,9.72
89098.16686626722,43694.926909856345,0.0,0.0,0.0,0.5584395372310499,0.8295452267701688,9.72
89097.48163124692,43695.65171511237,0.0,0.0,0.0,0.5584395372310499,0.8295452267701688,9.72
89096.79639622662,43696.37652036839,0.0,0.0,0.0,0.5584395372310499,0.8295452267701688,9.72
89096.11116120633,43697.10132562441,0.0,0.0,0.0,0.5584395372310499,0.8295452267701688,9.72
89095.42592618603,43697.82613088043,0.0,0.0,0.0,0.5584395372310499,0.8295452267701688,9.72
89094.74069116575,43698.55093613645,0.0,0.0,0.0,0.5584395372310499,0.8295452267701688,9.72
89094.05545614545,43699.27574139247,0.0,0.0,0.0,0.5584395372310499,0.8295452267701688,9.72
89093.37022112515,43700.000546648494,0.0,0.0,0.0,0.5584395372310499,0.8295452267701688,9.72
89092.68498610485,43700.72535190451,0.0,0.0,0.0,0.5584395372310499,0.8295452267701688,9.72
89091.99975108456,43701.450157160536,0.0,0.0,0.0,0.5584395372310499,0.8295452267701688,9.72
89091.31451606426,43702.17496241655,0.0,0.0,0.0,0.5584395372310499,0.8295452267701688,9.72
89090.62928104398,43702.89976767258,0.0,0.0,0.0,0.5584395372310499,0.8295452267701688,9.72
89089.94404602368,43703.624572928595,0.0,0.0,0.0,0.5584395372310499,0.8295452267701688,9.72
89089.25881100338,43704.34937818462,0.0,0.0,0.0,0.5584395372310499,0.8295452267701688,9.72
89088.57357598309,43705.074183440636,0.0,0.0,0.0,0.5584395372310499,0.8295452267701688,9.72
89087.88834096279,43705.79898869665,0.0,0.0,0.0,0.5584395372310499,0.8295452267701688,9.72
89087.20310594249,43706.52379395268,0.0,0.0,0.0,0.5584395372310499,0.8295452267701688,9.72
89086.51787092221,43707.248599208695,0.0,0.0,0.0,0.5584395372310499,0.8295452267701688,9.72
89085.83263590191,43707.97340446472,0.0,0.0,0.0,0.5584395372310499,0.8295452267701688,9.72
89085.14740088161,43708.69820972074,0.0,0.0,0.0,0.5584395372310499,0.8295452267701688,9.72
89084.46216586132,43709.42301497676,0.0,0.0,0.0,0.5584395372310499,0.8295452267701688,9.72
89083.77693084102,43710.14782023278,0.0,0.0,0.0,0.5584395372310499,0.8295452267701688,9.72
89083.09169582072,43710.8726254888,0.0,0.0,0.0,0.5584395372310499,0.8295452267701688,9.72
89082.40646080044,43711.59743074482,0.0,0.0,0.0,0.5584395372310499,0.8295452267701688,9.72
89081.72122578014,43712.322236000844,0.0,0.0,0.0,0.5584395372310499,0.8295452267701688,9.72
89081.03599075985,43713.04704125686,0.0,0.0,0.0,0.5584395372310499,0.8295452267701688,9.72
89080.35075573955,43713.771846512886,0.0,0.0,0.0,0.5584395372310499,0.8295452267701688,9.72
89079.66552071925,43714.4966517689,0.0,0.0,0.0,0.5584395372310499,0.8295452267701688,9.72
89078.98028569896,43715.22145702493,0.0,0.0,0.0,0.5584395372310499,0.8295452267701688,9.72
89078.29505067867,43715.946262280944,0.0,0.0,0.0,0.5584395372310499,0.8295452267701688,9.72
89077.60981565838,43716.67106753697,0.0,0.0,0.0,0.5584395372310499,0.8295452267701688,9.72
89076.92458063808,43717.395872792986,0.0,0.0,0.0,0.5584395372310499,0.8295452267701688,9.72
89076.23934561778,43718.12067804901,0.0,0.0,0.0,0.5584395372310499,0.8295452267701688,9.72
89075.55411059748,43718.84548330503,0.0,0.0,0.0,0.5584395372310499,0.8295452267701688,9.72
89074.86887557719,43719.57028856105,0.0,0.0,0.0,0.5584395372310499,0.8295452267701688,9.72
89074.1836405569,43720.29509381707,0.0,0.0,0.0,0.5584395372310499,0.8295452267701688,9.72
89073.49840553661,43721.01989907309,0.0,0.0,0.0,0.5584395372310499,0.8295452267701688,9.72
89072.81317051631,43721.74470432911,0.0,0.0,0.0,0.5584395372310499,0.8295452267701688,9.72
89072.12793549601,43722.469509585135,0.0,0.0,0.0,0.5584395372310499,0.8295452267701688,9.72
89071.44270047572,43723.19431484115,0.0,0.0,0.0,0.5584395372310499,0.8295452267701688,9.72
89070.75746545542,43723.919120097176,0.0,0.0,0.0,0.5584395372310499,0.8295452267701688,9.72
89070.07223043514,43724.64392535319,0.0,0.0,0.0,0.5584395372310499,0.8295452267701688,9.72
89069.38699541484,43725.36873060922,0.0,0.0,0.0,0.5584395372310499,0.8295452267701688,9.72
89068.70176039454,43726.093535865235,0.0,0.0,0.0,0.5584395372310499,0.8295452267701688,9.72
89068.01652537425,43726.81834112126,0.0,0.0,0.0,0.5584395372310499,0.8295452267701688,9.72
89067.33129035395,43727.54314637728,0.0,0.0,0.0,0.5584395372310499,0.8295452267701688,9.72
89066.64605533365,43728.2679516333,0.0,0.0,0.0,0.5584395372310499,0.8295452267701688,9.72
89065.96082031337,43728.99275688932,0.0,0.0,0.0,0.5584395372310499,0.8295452267701688,9.72
89065.27558529307,43729.71756214534,0.0,0.0,0.0,0.5584395372310499,0.8295452267701688,9.72
89064.59035027277,43730.44236740136,0.0,0.0,0.0,0.5584395372310499,0.8295452267701688,9.72
89063.90511525248,43731.167172657384,0.0,0.0,0.0,0.5584395372310499,0.8295452267701688,9.72
89063.21988023218,43731.8919779134,0.0,0.0,0.0,0.5584395372310499,0.8295452267701688,9.72
89062.53464521188,43732.616783169426,0.0,0.0,0.0,0.5584395372310499,0.8295452267701688,9.72
89061.8494101916,43733.34158842544,0.0,0.0,0.0,0.5584395372310499,0.8295452267701688,9.72
89061.1641751713,43734.06639368147,0.0,0.0,0.0,0.5584395372310499,0.8295452267701688,9.72
89060.478940151,43734.791198937484,0.0,0.0,0.0,0.5584395372310499,0.8295452267701688,9.72
89059.79370513071,43735.51600419351,0.0,0.0,0.0,0.5584395372310499,0.8295452267701688,9.72
89059.10847011041,43736.240809449526,0.0,0.0,0.0,0.5584395372310499,0.8295452267701688,9.72
89058.42323509011,43736.96561470555,0.0,0.0,0.0,0.5584395372310499,0.8295452267701688,9.72
89057.73800006983,43737.69041996157,0.0,0.0,0.0,0.5584395372310499,0.8295452267701688,9.72
89057.05276504954,43738.415225217585,0.0,0.0,0.0,0.5584395372310499,0.8295452267701688,9.72
89056.36753002924,43739.14003047361,0.0,0.0,0.0,0.5584395372310499,0.8295452267701688,9.72
89055.68229500894,43739.864835729626,0.0,0.0,0.0,0.5584395372310499,0.8295452267701688,9.72
89054.99705998864,43740.58964098565,0.0,0.0,0.0,0.5584395372310499,0.8295452267701688,9.72
89054.31182496835,43741.31444624167,0.0,0.0,0.0,0.5584395372310499,0.8295452267701688,9.72
89053.62658994806,43742.03925149769,0.0,0.0,0.0,0.5584395372310499,0.8295452267701688,9.72
89052.94135492777,43742.76405675371,0.0,0.0,0.0,0.5584395372310499,0.8295452267701688,9.72
89052.25611990747,43743.48886200973,0.0,0.0,0.0,0.5584395372310499,0.8295452267701688,9.72
89051.57088488717,43744.21366726575,0.0,0.0,0.0,0.5584395372310499,0.8295452267701688,9.72
89050.88564986688,43744.938472521775,0.0,0.0,0.0,0.5584395372310499,0.8295452267701688,9.72
89050.20041484658,43745.66327777779,0.0,0.0,0.0,0.5584395372310499,0.8295452267701688,9.72
89049.5151798263,43746.38808303382,0.0,0.0,0.0,0.5584395372310499,0.8295452267701688,9.72
89048.829944806,43747.112888289834,0.0,0.0,0.0,0.5584395372310499,0.8295452267701688,9.72
89048.1447097857,43747.83769354586,0.0,0.0,0.0,0.5584395372310499,0.8295452267701688,9.72
89047.4594747654,43748.562498801875,0.0,0.0,0.0,0.5584395372310499,0.8295452267701688,9.72
89046.77423974511,43749.2873040579,0.0,0.0,0.0,0.5584395372310499,0.8295452267701688,9.72
89046.08900472481,43750.01210931392,0.0,0.0,0.0,0.5584395372310499,0.8295452267701688,9.72
89045.40376970453,43750.73691456994,0.0,0.0,0.0,0.5584395372310499,0.8295452267701688,9.72
89044.71853468423,43751.46171982596,0.0,0.0,0.0,0.5584395372310499,0.8295452267701688,9.72
89044.03329966393,43752.18652508198,0.0,0.0,0.0,0.5584395372310499,0.8295452267701688,9.72
89043.34806464364,43752.911330338,0.0,0.0,0.0,0.5584395372310499,0.8295452267701688,9.72
89042.66282962334,43753.636135594024,0.0,0.0,0.0,0.5584395372310499,0.8295452267701688,9.72
89041.97759460304,43754.36094085004,0.0,0.0,0.0,0.5584395372310499,0.8295452267701688,9.72
89041.29235958276,43755.085746106066,0.0,0.0,0.0,0.5584395372310499,0.8295452267701688,9.72
89040.60712456246,43755.81055136208,0.0,0.0,0.0,0.5584395372310499,0.8295452267701688,9.72
89039.92188954217,43756.53535661811,0.0,0.0,0.0,0.5584395372310499,0.8295452267701688,9.72
89039.23665452187,43757.260161874125,0.0,0.0,0.0,0.5584395372310499,0.8295452267701688,9.72
89038.55141950157,43757.98496713015,0.0,0.0,0.0,0.5584395372310499,0.8295452267701688,9.72
89037.86618448127,43758.709772386166,0.0,0.0,0.0,0.5584395372310499,0.8295452267701688,9.72
89037.18094946099,43759.43457764219,0.0,0.0,0.0,0.5584395372310499,0.8295452267701688,9.72
89036.4957144407,43760.15938289821,0.0,0.0,0.0,0.5584395372310499,0.8295452267701688,9.72
89035.8104794204,43760.88418815423,0.0,0.0,0.0,0.5584395372310499,0.8295452267701688,9.72
89035.1252444001,43761.60899341025,0.0,0.0,0.0,0.5584395372310499,0.8295452267701688,9.72
89034.4400093798,43762.333798666274,0.0,0.0,0.0,0.5584395372310499,0.8295452267701688,9.72
89033.7547743595,43763.05860392229,0.0,0.0,0.0,0.5584395372310499,0.8295452267701688,9.72
89033.06953933922,43763.783409178315,0.0,0.0,0.0,0.5584395372310499,0.8295452267701688,9.72
89032.38430431893,43764.50821443433,0.0,0.0,0.0,0.5584395372310499,0.8295452267701688,9.72
89031.69906929863,43765.23301969036,0.0,0.0,0.0,0.5584395372310499,0.8295452267701688,9.72
89031.01383427833,43765.957824946374,0.0,0.0,0.0,0.5584395372310499,0.8295452267701688,9.72
89030.32859925803,43766.6826302024,0.0,0.0,0.0,0.5584395372310499,0.8295452267701688,9.72
89029.64336423774,43767.407435458415,0.0,0.0,0.0,0.5584395372310499,0.8295452267701688,9.72
89028.95812921746,43768.13224071444,0.0,0.0,0.0,0.5584395372310499,0.8295452267701688,9.72
89028.27289419716,43768.85704597046,0.0,0.0,0.0,0.5584395372310499,0.8295452267701688,9.72
89027.58765917686,43769.58185122648,0.0,0.0,0.0,0.5584395372310499,0.8295452267701688,9.72
89026.90242415656,43770.3066564825,0.0,0.0,0.0,0.5584395372310499,0.8295452267701688,9.72
89026.21718913627,43771.031461738516,0.0,0.0,0.0,0.5584395372310499,0.8295452267701688,9.72
89025.53195411597,43771.75626699454,0.0,0.0,0.0,0.5584395372310499,0.8295452267701688,9.72
89024.84671909569,43772.48107225056,0.0,0.0,0.0,0.5584395372310499,0.8295452267701688,9.72
89024.16148407539,43773.20587750658,0.0,0.0,0.0,0.5584395372310499,0.8295452267701688,9.72
89023.4762490551,43773.9306827626,0.0,0.0,0.0,0.5584395372310499,0.8295452267701688,9.72
89022.7910140348,43774.65548801862,0.0,0.0,0.0,0.5584395372310499,0.8295452267701688,9.72
89022.1057790145,43775.38029327464,0.0,0.0,0.0,0.5584395372310499,0.8295452267701688,9.72
89021.4205439942,43776.105098530665,0.0,0.0,0.0,0.5584395372310499,0.8295452267701688,9.72
89020.73530897392,43776.82990378668,0.0,0.0,0.0,0.5584395372310499,0.8295452267701688,9.72
89020.05007395362,43777.554709042706,0.0,0.0,0.0,0.5584395372310499,0.8295452267701688,9.72
89019.36483893332,43778.27951429872,0.0,0.0,0.0,0.5584395372310499,0.8295452267701688,9.72
89018.67960391303,43779.00431955475,0.0,0.0,0.0,0.5584395372310499,0.8295452267701688,9.72
89017.99436889273,43779.729124810765,0.0,0.0,0.0,0.5584395372310499,0.8295452267701688,9.72
89017.30913387245,43780.45393006679,0.0,0.0,0.0,0.5584395372310499,0.8295452267701688,9.72
89016.62389885215,43781.17873532281,0.0,0.0,0.0,0.5584395372310499,0.8295452267701688,9.72
89015.93866383185,43781.90354057883,0.0,0.0,0.0,0.5584395372310499,0.8295452267701688,9.72
89015.25342881156,43782.62834583485,0.0,0.0,0.0,0.5584395372310499,0.8295452267701688,9.72
89014.56819379126,43783.35315109087,0.0,0.0,0.0,0.5584395372310499,0.8295452267701688,9.72
89013.88295877096,43784.07795634689,0.0,0.0,0.0,0.5584395372310499,0.8295452267701688,9.72
89013.19772375068,43784.802761602914,0.0,0.0,0.0,0.5584395372310499,0.8295452267701688,9.72
89012.51248873038,43785.52756685893,0.0,0.0,0.0,0.5584395372310499,0.8295452267701688,9.72
89011.82725371009,43786.252372114956,0.0,0.0,0.0,0.5584395372310499,0.8295452267701688,9.72
89011.14201868979,43786.97717737097,0.0,0.0,0.0,0.5584395372310499,0.8295452267701688,9.72
89010.45678366949,43787.701982627,0.0,0.0,0.0,0.5584395372310499,0.8295452267701688,9.72
89009.7715486492,43788.426787883014,0.0,0.0,0.0,0.5584395372310499,0.8295452267701688,9.72
89009.08631362891,43789.15159313904,0.0,0.0,0.0,0.5584395372310499,0.8295452267701688,9.72
89008.40107860861,43789.876398395056,0.0,0.0,0.0,0.5584395372310499,0.8295452267701688,9.72
89007.71584358832,43790.60120365108,0.0,0.0,0.0,0.5584395372310499,0.8295452267701688,9.72
89007.03060856802,43791.3260089071,0.0,0.0,0.0,0.5584395372310499,0.8295452267701688,9.72
89006.34537354772,43792.05081416312,0.0,0.0,0.0,0.5584395372310499,0.8295452267701688,9.72
89005.66013852743,43792.77561941914,0.0,0.0,0.0,0.5584395372310499,0.8295452267701688,9.72
89004.97490350714,43793.50042467516,0.0,0.0,0.0,0.5584395372310499,0.8295452267701688,9.72
89004.28966848685,43794.22522993118,0.0,0.0,0.0,0.5584395372310499,0.8295452267701688,9.72
89003.60443346655,43794.950035187205,0.0,0.0,0.0,0.5584395372310499,0.8295452267701688,9.72
89002.91919844625,43795.67484044322,0.0,0.0,0.0,0.5584395372310499,0.8295452267701688,9.72
89002.23396342596,43796.399645699246,0.0,0.0,0.0,0.5584395372310499,0.8295452267701688,9.72
89001.54872840566,43797.12445095526,0.0,0.0,0.0,0.5584395372310499,0.8295452267701688,9.72
89000.86349338538,43797.84925621129,0.0,0.0,0.0,0.5584395372310499,0.8295452267701688,9.72
89000.17825836508,43798.574061467305,0.0,0.0,0.0,0.5584395372310499,0.8295452267701688,9.72
88999.49302334478,43799.29886672333,0.0,0.0,0.0,0.5584395372310499,0.8295452267701688,9.72
88998.80778832448,43800.02367197935,0.0,0.0,0.0,0.5584395372310499,0.8295452267701688,9.72
88998.12255330419,43800.74847723537,0.0,0.0,0.0,0.5584395372310499,0.8295452267701688,9.72
88997.43731828389,43801.47328249139,0.0,0.0,0.0,0.5584395372310499,0.8295452267701688,9.72
88996.75208326361,43802.19808774741,0.0,0.0,0.0,0.5584395372310499,0.8295452267701688,9.72
88996.06684824331,43802.92289300343,0.0,0.0,0.0,0.5584395372310499,0.8295452267701688,9.72
88995.38161322301,43803.64769825945,0.0,0.0,0.0,0.5584395372310499,0.8295452267701688,9.72
88994.69637820272,43804.37250351547,0.0,0.0,0.0,0.5584395372310499,0.8295452267701688,9.72
88994.01114318242,43805.09730877149,0.0,0.0,0.0,0.5584395372310499,0.8295452267701688,9.72
88993.32590816212,43805.82211402751,0.0,0.0,0.0,0.5584395372310499,0.8295452267701688,9.72
88992.64067314184,43806.54691928353,0.0,0.0,0.0,0.5584395372310499,0.8295452267701688,9.72
88991.95543812154,43807.271724539554,0.0,0.0,0.0,0.5584395372310499,0.8295452267701688,9.72
88991.27020310124,43807.99652979557,0.0,0.0,0.0,0.5584395372310499,0.8295452267701688,9.72
88990.58496808095,43808.721335051596,0.0,0.0,0.0,0.5584395372310499,0.8295452267701688,9.72
88989.89973306065,43809.44614030761,0.0,0.0,0.0,0.5584395372310499,0.8295452267701688,9.72
88989.21449804035,43810.17094556364,0.0,0.0,0.0,0.5584395372310499,0.8295452267701688,9.72
88988.52926302007,43810.895750819654,0.0,0.0,0.0,0.5584395372310499,0.8295452267701688,9.72
88987.84402799977,43811.62055607568,0.0,0.0,0.0,0.5584395372310499,0.8295452267701688,9.72
88987.15879297948,43812.345361331696,0.0,0.0,0.0,0.5584395372310499,0.8295452267701688,9.72
88986.47355795918,43813.07016658772,0.0,0.0,0.0,0.5584395372310499,0.8295452267701688,9.72
88985.78832293888,43813.79497184374,0.0,0.0,0.0,0.5584395372310499,0.8295452267701688,9.72
88985.10308791859,43814.51977709976,0.0,0.0,0.0,0.5584395372310499,0.8295452267701688,9.72
88984.4178528983,43815.24458235578,0.0,0.0,0.0,0.5584395372310499,0.8295452267701688,9.72
88983.732617878,43815.9693876118,0.0,0.0,0.0,0.5584395372310499,0.8295452267701688,9.72
88983.04738285771,43816.69419286782,0.0,0.0,0.0,0.5584395372310499,0.8295452267701688,9.72
88982.36214783741,43817.418998123845,0.0,0.0,0.0,0.5584395372310499,0.8295452267701688,9.72
88981.67691281711,43818.14380337986,0.0,0.0,0.0,0.5584395372310499,0.8295452267701688,9.72
88980.99167779682,43818.86860863589,0.0,0.0,0.0,0.5584395372310499,0.8295452267701688,9.72
88980.30644277653,43819.593413891904,0.0,0.0,0.0,0.5584395372310499,0.8295452267701688,9.72
88979.62120775624,43820.31821914793,0.0,0.0,0.0,0.5584395372310499,0.8295452267701688,9.72
88978.93597273594,43821.043024403945,0.0,0.0,0.0,0.5584395372310499,0.8295452267701688,9.72
88978.25073771564,43821.76782965997,0.0,0.0,0.0,0.5584395372310499,0.8295452267701688,9.72
88977.56550269535,43822.49263491599,0.0,0.0,0.0,0.5584395372310499,0.8295452267701688,9.72
88976.88026767505,43823.21744017201,0.0,0.0,0.0,0.5584395372310499,0.8295452267701688,9.72
88976.19503265477,43823.94224542803,0.0,0.0,0.0,0.5584395372310499,0.8295452267701688,9.72
88975.50979763447,43824.66705068405,0.0,0.0,0.0,0.5584395372310499,0.8295452267701688,9.72
88974.82456261417,43825.39185594007,0.0,0.0,0.0,0.5584395372310499,0.8295452267701688,9.72
88974.13932759388,43826.116661196094,0.0,0.0,0.0,0.5584395372310499,0.8295452267701688,9.72
88973.45409257358,43826.84146645211,0.0,0.0,0.0,0.5584395372310499,0.8295452267701688,9.72
88972.76885755328,43827.566271708136,0.0,0.0,0.0,0.5584395372310499,0.8295452267701688,9.72
88972.083622533,43828.29107696415,0.0,0.0,0.0,0.5584395372310499,0.8295452267701688,9.72
88971.3983875127,43829.01588222018,0.0,0.0,0.0,0.5584395372310499,0.8295452267701688,9.72
88970.7131524924,43829.740687476195,0.0,0.0,0.0,0.5584395372310499,0.8295452267701688,9.72
88970.0279174721,43830.46549273222,0.0,0.0,0.0,0.5584395372310499,0.8295452267701688,9.72
88969.34268245181,43831.190297988236,0.0,0.0,0.0,0.5584395372310499,0.8295452267701688,9.72
88968.65744743151,43831.91510324426,0.0,0.0,0.0,0.5584395372310499,0.8295452267701688,9.72
88967.97221241123,43832.63990850028,0.0,0.0,0.0,0.5584395372310499,0.8295452267701688,9.72
88967.28697739093,43833.3647137563,0.0,0.0,0.0,0.5584395372310499,0.8295452267701688,9.72
88966.60174237064,43834.08951901232,0.0,0.0,0.0,0.5584395372310499,0.8295452267701688,9.72
88965.91650735034,43834.814324268336,0.0,0.0,0.0,0.5584395372310499,0.8295452267701688,9.72
88965.23127233004,43835.53912952436,0.0,0.0,0.0,0.5584395372310499,0.8295452267701688,9.72
88964.54603730974,43836.26393478038,0.0,0.0,0.0,0.5584395372310499,0.8295452267701688,9.72
88963.86080228946,43836.9887400364,0.0,0.0,0.0,0.5584395372310499,0.8295452267701688,9.72
88963.17556726917,43837.71354529242,0.0,0.0,0.0,0.5584395372310499,0.8295452267701688,9.72
88962.49033224887,43838.438350548444,0.0,0.0,0.0,0.5584395372310499,0.8295452267701688,9.72
88961.80509722857,43839.16315580446,0.0,0.0,0.0,0.5584395372310499,0.8295452267701688,9.72
88961.11986220827,43839.887961060485,0.0,0.0,0.0,0.5584395372310499,0.8295452267701688,9.72
88960.43462718798,43840.6127663165,0.0,0.0,0.0,0.5584395372310499,0.8295452267701688,9.72
88959.7493921677,43841.33757157253,0.0,0.0,0.0,0.5584395372310499,0.8295452267701688,9.72
88959.0641571474,43842.062376828544,0.0,0.0,0.0,0.5584395372310499,0.8295452267701688,9.72
88958.3789221271,43842.78718208457,0.0,0.0,0.0,0.5584395372310499,0.8295452267701688,9.72
88957.6936871068,43843.511987340586,0.0,0.0,0.0,0.5584395372310499,0.8295452267701688,9.72
88957.0084520865,43844.23679259661,0.0,0.0,0.0,0.5584395372310499,0.8295452267701688,9.72
88956.32321706621,43844.96159785263,0.0,0.0,0.0,0.5584395372310499,0.8295452267701688,9.72
88955.63798204593,43845.68640310865,0.0,0.0,0.0,0.5584395372310499,0.8295452267701688,9.72
88954.95274702563,43846.41120836467,0.0,0.0,0.0,0.5584395372310499,0.8295452267701688,9.72
