time,x,y,s,e_y,e_psi,v,delta,ref_x,ref_y
0,89629.9,43131.1,0.097217,-0.124766,8.22364e-12,9.7217,0.659839,89630.1,43130.7
0.01,89629.9,43131.1,0.140146,-0.124766,0.0628546,4.30136,0.66274,89630.1,43130.7
0.02,89629.9,43131.2,0.217027,-0.122064,0.0908315,7.71998,0.603113,89630,43130.9
0.03,89629.8,43131.2,0.313356,-0.115062,0.135139,9.72147,0.368211,89630,43130.9
0.04,89629.8,43131.3,0.378589,-0.101964,0.166394,6.6147,0.10232,89629.8,43131
0.05,89629.7,43131.3,0.428429,-0.0910087,0.172054,5.05871,-0.0220547,89629.8,43131
0.06,89629.7,43131.4,0.475236,-0.0823479,0.171124,4.75012,-0.0891123,89629.8,43131
0.07,89629.6,43131.4,0.520915,-0.0742589,0.167587,4.6328,-0.128984,89629.8,43131
0.08,89629.6,43131.4,0.565527,-0.0665312,0.16258,4.52076,-0.165014,89629.7,43131.2
0.09,89629.6,43131.5,0.609967,-0.0592137,0.156306,4.49888,-0.197206,89629.7,43131.2
0.1,89629.6,43131.5,0.655007,-0.0522103,0.148815,4.5543,-0.226194,89629.7,43131.2
0.11,89629.5,43131.5,0.701442,-0.0454578,0.140081,4.6894,-0.237564,89629.7,43131.2
0.12,89629.5,43131.6,0.748864,-0.0389103,0.130619,4.78295,-0.243367,89629.6,43131.3
0.13,89629.5,43131.6,0.797487,-0.0326806,0.120723,4.89802,-0.244684,89629.6,43131.3
0.14,89629.4,43131.6,0.847557,-0.0267819,0.110531,5.03776,-0.242153,89629.6,43131.3
0.15,89629.4,43131.7,0.899337,-0.021225,0.100162,5.20406,-0.236302,89629.6,43131.3
0.16,89629.3,43131.7,0.953119,-0.0160212,0.089719,5.39991,-0.227579,89629.6,43131.3
0.17,89629.3,43131.7,1.00924,-0.011183,0.0792976,5.62961,-0.216375,89629.5,43131.5
0.18,89629.3,43131.8,1.06809,-0.0067235,0.0689852,5.89911,-0.203044,89629.5,43131.5
0.19,89629.2,43131.8,1.13015,-0.00265721,0.0588643,6.21647,-0.187914,89629.5,43131.5
0.2,89629.2,43131.9,1.196,0.000999957,0.0490134,6.59284,-0.171301,89629.4,43131.7
0.21,89629.1,43131.9,1.26638,0.00423004,0.0395089,7.04384,-0.153514,89629.4,43131.7
0.22,89629.1,43132,1.34226,0.00701226,0.0304264,7.59196,-0.134864,89629.4,43131.7
0.23,89629.1,43132.1,1.42495,0.00932186,0.0218419,8.27061,-0.115666,89629.2,43131.8
0.24,89629,43132.1,1.51626,0.0111282,0.0138343,9.13197,-0.0962503,89629.2,43131.8
0.25,89628.9,43132.2,1.61348,0.0123915,0.00648694,9.7217,-0.0769636,89629.1,43132
0.26,89628.9,43132.3,1.71069,0.0130221,0.000239456,9.7217,-0.0591723,89629.1,43132
0.27,89628.8,43132.4,1.80791,0.0130454,-0.00455994,9.7217,-0.0443191,89629,43132.2
0.28,89628.8,43132.5,1.90512,0.0126021,-0.00815277,9.7217,-0.0322407,89629,43132.2
0.29,89628.7,43132.5,2.00233,0.0118095,-0.0107656,9.7217,-0.0226591,89628.9,43132.3
0.3,89628.7,43132.6,2.09954,0.0107629,-0.0126017,9.7217,-0.0152421,89628.9,43132.3
0.31,89628.6,43132.7,2.19675,0.00953787,-0.0138366,9.7217,-0.00964505,89628.9,43132.3
0.32,89628.5,43132.8,2.29396,0.00819276,-0.014618,9.7217,-0.00553795,89628.8,43132.5
0.33,89628.5,43132.9,2.39116,0.0067717,-0.0150666,9.7217,-0.00262059,89628.8,43132.5
0.34,89628.4,43132.9,2.48837,0.00530702,-0.0152789,9.7217,-0.000630507,89628.7,43132.6
0.35,89628.4,43133,2.58557,0.0038217,-0.01533,9.7217,0.000654642,89628.7,43132.6
0.36,89628.3,43133.1,2.68278,0.00233142,-0.015277,9.7217,0.00141815,89628.5,43132.8
0.37,89628.3,43133.2,2.77999,0.000846299,-0.0151621,9.7217,0.00180736,89628.5,43132.8
0.38,89628.2,43133.3,2.87719,-0.000333507,-0.0139133,9.7217,0.00193794,89628.4,43133
0.39,89628.2,43133.3,2.9744,-0.00168607,-0.0137563,9.7217,0.00189847,89628.4,43133
0.4,89628.1,43133.4,3.07162,0.000338705,-0.000733957,9.7217,0.00175503,89628.3,43133.1
0.41,89628,43133.5,3.16883,0.000267352,-0.000591774,9.7217,0.0740737,89628.3,43133.1
0.42,89628,43133.6,3.26605,0.000209821,0.00542024,9.7217,0.0385584,89628.2,43133.3
0.43,89627.9,43133.7,3.36326,0.000736758,0.00854556,9.7217,0.0138597,89628.2,43133.3
0.44,89627.9,43133.7,3.46048,0.00156752,0.00966847,9.7217,-0.00247792,89628.1,43133.4
0.45,89627.8,43133.8,3.55769,0.00250745,0.00946772,9.7217,-0.0125494,89628.1,43133.4
0.46,89627.8,43133.9,3.6549,0.00342786,0.00845099,9.7217,-0.0180679,89628,43133.6
0.47,89627.7,43134,3.75212,0.00424943,0.00698707,9.7217,-0.020392,89628,43133.6
0.48,89627.6,43134,3.84933,0.00492868,0.0053348,9.7217,-0.0205718,89627.8,43133.8
0.49,89627.6,43134.1,3.94655,0.00544731,0.00366796,9.7217,-0.0193979,89627.8,43133.8
0.5,89627.5,43134.2,4.04377,0.0058039,0.00209626,9.7217,-0.0174502,89627.7,43133.9
0.51,89627.5,43134.3,4.14098,0.00600769,0.000682402,9.7217,-0.0151396,89627.7,43133.9
0.52,89627.4,43134.4,4.2382,0.00607403,-0.000544212,9.7217,-0.0127463,89627.6,43134.1
0.53,89627.4,43134.4,4.33542,0.00602113,-0.0015769,9.7217,-0.010451,89627.6,43134.1
0.54,89627.3,43134.5,4.43263,0.00586782,-0.00242361,9.7217,-0.00836051,89627.5,43134.3
0.55,89627.3,43134.6,4.52985,0.00563221,-0.00310095,9.7217,-0.00652899,89627.5,43134.3
0.56,89627.2,43134.7,4.62707,0.00533074,-0.0036299,9.7217,-0.00497415,89627.4,43134.4
0.57,89627.1,43134.8,4.72428,0.00497786,-0.00403288,9.7217,-0.00368975,89627.4,43134.4
0.58,89627.1,43134.8,4.8215,0.00458579,-0.0043318,9.7217,-0.00265498,89627.3,43134.6
0.59,89627,43134.9,4.91871,0.00416467,-0.00454689,9.7217,-0.00184119,89627.3,43134.6
0.6,89627,43135,5.01593,0.00372264,-0.00469605,9.7217,-0.00121663,89627.2,43134.8
0.61,89626.9,43135.1,5.11315,0.0032661,-0.00479462,9.7217,-0.000749579,89627.2,43134.8
0.62,89626.9,43135.2,5.21036,0.00279999,-0.00485534,9.7217,-0.000410343,89627,43134.9
0.63,89626.8,43135.2,5.30758,0.00232797,-0.00488859,9.7217,-0.000172329,89627,43134.9
0.64,89626.8,43135.3,5.40479,0.00185272,-0.00490255,9.7217,-1.25635e-05,89626.9,43135.1
0.65,89626.7,43135.4,5.50201,0.00137611,-0.00490357,9.7217,8.82288e-05,89626.9,43135.1
0.66,89626.6,43135.5,5.59923,0.000899399,-0.00489642,9.7217,0.000145802,89626.8,43135.2
0.67,89626.6,43135.6,5.69644,0.000423386,-0.00488461,9.7217,0.000172721,89626.8,43135.2
0.68,89626.5,43135.6,5.79366,-5.14792e-05,-0.00487061,9.7217,0.000178768,89626.8,43135.2
0.69,89626.5,43135.7,5.89087,-0.000311396,-0.00409474,9.7217,0.000171371,89626.7,43135.4
0.7,89626.4,43135.8,5.98809,-0.000709474,-0.00408086,9.7217,0.000156022,89626.7,43135.4
0.71,89626.4,43135.9,6.08531,-1.49473e-06,-5.05043e-05,9.7217,-0.00237209,89626.6,43135.6
0.72,89626.3,43136,6.18252,-6.40461e-06,-0.000242677,9.7217,-0.00115761,89626.6,43135.6
0.73,89626.3,43136,6.27974,-2.9997e-05,-0.00033646,9.7217,-0.000324997,89626.5,43135.7
0.74,89626.2,43136.1,6.37696,-6.27066e-05,-0.00036279,9.7217,0.000216515,89626.5,43135.7
0.75,89626.1,43136.2,6.47417,-9.7976e-05,-0.000345249,9.7217,0.000541936,89626.3,43135.9
0.76,89626.1,43136.3,6.57139,-0.00013154,-0.000301344,9.7217,0.000711739,89626.3,43135.9
0.77,89626,43136.4,6.66861,-0.000160836,-0.000243684,9.7217,0.000773511,89626.2,43136.1
0.78,89626,43136.4,6.76582,-0.000184526,-0.000181018,9.7217,0.000763796,89626.2,43136.1
0.79,89625.9,43136.5,6.86304,-0.000202124,-0.00011914,9.7217,0.000709941,89626.1,43136.2
0.8,89625.9,43136.6,6.96026,-0.000213706,-6.16247e-05,9.7217,0.000631825,89626.1,43136.2
0.81,89625.8,43136.7,7.05748,-0.000219697,-1.04378e-05,9.7217,0.000543409,89626,43136.4
0.82,89625.8,43136.8,7.15469,-0.000220712,3.3586e-05,9.7217,0.000454075,89626,43136.4
0.83,89625.7,43136.8,7.25191,-0.000217447,7.03725e-05,9.7217,0.000369754,89625.9,43136.6
0.84,89625.6,43136.9,7.34913,-0.000210606,0.000100328,9.7217,0.000293845,89625.9,43136.6
0.85,89625.6,43137,7.44634,-0.000200852,0.000124133,9.7217,0.000227951,89625.8,43136.7
0.86,89625.5,43137.1,7.54356,-0.000188784,0.000142601,9.7217,0.000172445,89625.8,43136.7
0.87,89625.5,43137.2,7.64078,-0.000174921,0.000156571,9.7217,0.000126915,89625.7,43136.9
0.88,89625.4,43137.2,7.73799,-0.0001597,0.000166853,9.7217,9.04772e-05,89625.7,43136.9
0.89,89625.4,43137.3,7.83521,-0.000143479,0.000174183,9.7217,6.20092e-05,89625.5,43137.1
0.9,89625.3,43137.4,7.93243,-0.000126545,0.000179207,9.7217,4.0311e-05,89625.5,43137.1
0.91,89625.3,43137.5,8.02965,-0.000109123,0.000182472,9.7217,2.42074e-05,89625.4,43137.2
0.92,89625.2,43137.6,8.12686,-9.13838e-05,0.000184434,9.7217,1.26131e-05,89625.4,43137.2
0.93,89625.1,43137.6,8.22408,-7.34537e-05,0.000185455,9.7217,4.56667e-06,89625.3,43137.4
0.94,89625.1,43137.7,8.3213,-5.54243e-05,0.000185825,9.7217,-7.55715e-07,89625.3,43137.4
0.95,89625,43137.8,8.41851,-3.73589e-05,0.000185764,9.7217,-4.04005e-06,89625.2,43137.5
0.96,89625,43137.9,8.51573,-1.92995e-05,0.000185437,9.7217,-5.84316e-06,89625.2,43137.5
0.97,89624.9,43138,8.61295,-1.27189e-06,0.000184963,9.7217,-6.60636e-06,89625.1,43137.7
0.98,89624.9,43138,8.71016,1.67097e-05,0.000184428,9.7217,-6.67085e-06,89625.1,43137.7
0.99,89624.8,43138.1,8.80738,2.60774e-05,0.000140434,9.7217,-6.29403e-06,89625,43137.9
1,89624.8,43138.2,8.9046,3.973e-05,0.000139924,9.7217,-5.66448e-06,89625,43137.9
1.01,89624.7,43138.3,9.00182,2.69695e-05,1.77496e-06,9.7217,-4.91606e-06,89624.9,43138
1.02,89624.6,43138.4,9.09903,2.71421e-05,1.37669e-06,9.7217,0.0396323,89624.9,43138
1.03,89624.6,43138.4,9.19625,2.72759e-05,0.00321383,9.7217,0.020353,89624.9,43138
1.04,89624.5,43138.5,9.29346,0.000339715,0.00486294,9.7217,0.0070032,89624.7,43138.2
1.05,89624.5,43138.6,9.39068,0.000812473,0.00543031,9.7217,-0.00179277,89624.7,43138.2
1.06,89624.4,43138.7,9.4879,0.00134039,0.00528507,9.7217,-0.00718649,89624.6,43138.4
1.07,89624.4,43138.7,9.58511,0.00185418,0.00470285,9.7217,-0.0101131,89624.6,43138.4
1.08,89624.3,43138.8,9.68233,0.00231138,0.00388352,9.7217,-0.0113124,89624.5,43138.5
1.09,89624.2,43138.9,9.77954,0.00268892,0.00296701,9.7217,-0.0113557,89624.5,43138.5
1.1,89624.2,43139,9.87676,0.00297737,0.002047,9.7217,-0.0106726,89624.4,43138.7
1.11,89624.1,43139.1,9.97398,0.00317637,0.00118234,9.7217,-0.00957745,89624.4,43138.7
1.12,89624.1,43139.1,10.0712,0.00329131,0.000406406,9.7217,-0.00829293,89624.3,43138.9
1.13,89624,43139.2,10.1684,0.00333082,-0.000265453,9.7217,-0.00697017,89624.3,43138.9
1.14,89624,43139.3,10.2656,0.00330502,-0.000830145,9.7217,-0.00570621,89624.2,43139
1.15,89623.9,43139.4,10.3628,0.00322431,-0.00129243,9.7217,-0.00455811,89624.2,43139
1.16,89623.9,43139.5,10.4601,0.00309866,-0.00166171,9.7217,-0.00355434,89624.1,43139.2
1.17,89623.8,43139.5,10.5573,0.00293712,-0.00194966,9.7217,-0.00270371,89624.1,43139.2
1.18,89623.7,43139.6,10.6545,0.00274758,-0.0021687,9.7217,-0.00200213,89623.9,43139.3
1.19,89623.7,43139.7,10.7517,0.00253674,-0.0023309,9.7217,-0.00143775,89623.9,43139.3
1.2,89623.6,43139.8,10.8489,0.00231014,-0.00244738,9.7217,-0.000994536,89623.8,43139.5
1.21,89623.6,43139.9,10.9461,0.00207221,-0.00252795,9.7217,-0.000654899,89623.8,43139.5
1.22,89623.5,43139.9,11.0434,0.00182646,-0.00258101,9.7217,-0.000401338,89623.7,43139.7
1.23,89623.5,43140,11.1406,0.00157554,-0.00261352,9.7217,-0.000217516,89623.7,43139.7
1.24,89623.4,43140.1,11.2378,0.00132146,-0.00263114,9.7217,-8.88468e-05,89623.6,43139.8
1.25,89623.4,43140.2,11.335,0.00106567,-0.00263834,9.7217,-2.74777e-06,89623.6,43139.8
1.26,89623.3,43140.3,11.4322,0.000809177,-0.00263856,9.7217,5.13184e-05,89623.5,43140
1.27,89623.3,43140.3,11.5294,0.000552665,-0.0026344,9.7217,8.19517e-05,89623.5,43140
1.28,89623.2,43140.4,11.6267,0.000296556,-0.00262777,9.7217,9.60009e-05,89623.4,43140.2
1.29,89623.1,43140.5,11.7239,4.10929e-05,-0.00261999,9.7217,9.87906e-05,89623.4,43140.2
1.3,89623.1,43140.6,11.8211,-4.03975e-05,-0.00179008,9.7217,9.43578e-05,89623.3,43140.3
1.31,89623,43140.7,11.9183,-0.000214424,-0.00178244,9.7217,8.5681e-05,89623.3,43140.3
1.32,89623,43140.7,12.0155,-2.90526e-05,-2.7534e-05,9.7217,7.48905e-05,89623.1,43140.5
1.33,89622.9,43140.8,12.1127,-3.17294e-05,-2.14668e-05,9.7217,0.0127377,89623.1,43140.5
1.34,89622.9,43140.9,12.21,-3.38163e-05,0.00101052,9.7217,0.00658669,89623,43140.7
1.35,89622.8,43141,12.3072,6.44236e-05,0.00154414,9.7217,0.00232416,89623,43140.7
1.36,89622.8,43141.1,12.4044,0.000214541,0.00173243,9.7217,-0.000489431,89622.9,43140.8
1.37,89622.7,43141.1,12.5016,0.000382963,0.00169278,9.7217,-0.00222001,89622.9,43140.8
1.38,89622.6,43141.2,12.5988,0.00054753,0.00151293,9.7217,-0.00316441,89622.8,43141
1.39,89622.6,43141.3,12.696,0.000694613,0.00125657,9.7217,-0.00355764,89622.8,43141
1.4,89622.5,43141.4,12.7933,0.000816772,0.000968348,9.7217,-0.00358127,89622.8,43141
1.41,89622.5,43141.5,12.8905,0.000910912,0.000678213,9.7217,-0.00337206,89622.7,43141.2
1.42,89622.4,43141.5,12.9877,0.000976846,0.000405028,9.7217,-0.00303019,89622.7,43141.2
1.43,89622.4,43141.6,13.0849,0.00101622,0.000159539,9.7217,-0.00262666,89622.6,43141.3
1.44,89622.3,43141.7,13.1821,0.00103173,-5.32589e-05,9.7217,-0.00220978,89622.6,43141.3
1.45,89622.3,43141.8,13.2794,0.00102655,-0.000232283,9.7217,-0.00181061,89622.5,43141.5
1.46,89622.2,43141.9,13.3766,0.00100397,-0.000378968,9.7217,-0.0014475,89622.5,43141.5
1.47,89622.1,43141.9,13.4738,0.00096713,-0.000496236,9.7217,-0.00112967,89622.3,43141.6
1.48,89622.1,43142,13.571,0.000918887,-0.000587755,9.7217,-0.000860062,89622.3,43141.6
1.49,89622,43142.1,13.6682,0.000861747,-0.000657433,9.7217,-0.000637504,89622.2,43141.8
1.5,89622,43142.2,13.7654,0.000797834,-0.00070908,9.7217,-0.000458318,89622.2,43141.8
1.51,89621.9,43142.3,13.8627,0.000728899,-0.00074621,9.7217,-0.000317488,89622.1,43142
1.52,89621.9,43142.3,13.9599,0.000656355,-0.000771931,9.7217,-0.000209476,89622.1,43142
1.53,89621.8,43142.4,14.0571,0.00058131,-0.000788901,9.7217,-0.000128763,89622,43142.1
1.54,89621.8,43142.5,14.1543,0.000504616,-0.000799333,9.7217,-7.01861e-05,89622,43142.1
1.55,89621.7,43142.6,14.2515,0.000426907,-0.000805019,9.7217,-2.91295e-05,89621.9,43142.3
1.56,89621.6,43142.7,14.3487,0.000348645,-0.000807379,9.7217,-1.60775e-06,89621.9,43142.3
1.57,89621.6,43142.7,14.446,0.000270154,-0.000807509,9.7217,1.57202e-05,89621.8,43142.5
1.58,89621.5,43142.8,14.5432,0.000191651,-0.000806236,9.7217,2.55836e-05,89621.8,43142.5
1.59,89621.5,43142.9,14.6404,0.000113271,-0.000804163,9.7217,3.01574e-05,89621.7,43142.6
1.6,89621.4,43143,14.7376,3.50928e-05,-0.00080172,9.7217,3.11342e-05,89621.7,43142.6
1.61,89621.4,43143.1,14.8348,2.73475e-05,-0.000486489,9.7217,2.97982e-05,89621.5,43142.8
1.62,89621.3,43143.1,14.932,-1.99475e-05,-0.000484075,9.7217,2.70981e-05,89621.5,43142.8
1.63,89621.3,43143.2,15.0293,3.65662e-05,-8.74379e-06,9.7217,0.120218,89621.4,43143
1.64,89621.2,43143.3,15.1265,3.57161e-05,0.0097778,9.7217,0.0621014,89621.4,43143
1.65,89621.1,43143.4,15.2237,0.00098627,0.0148154,9.7217,0.0215963,89621.3,43143.1
1.66,89621.1,43143.5,15.3209,0.00242652,0.0165653,9.7217,-0.00515306,89621.3,43143.1
1.67,89621,43143.5,15.4181,0.00403687,0.0161478,9.7217,-0.0215732,89621.2,43143.3
1.68,89621,43143.6,15.5153,0.00560664,0.0143998,9.7217,-0.0304979,89621.2,43143.3
1.69,89620.9,43143.7,15.6125,0.0070065,0.0119282,9.7217,-0.0341766,89621.1,43143.5
1.7,89620.9,43143.8,15.7097,0.0081661,0.00915838,9.7217,-0.0343435,89621.1,43143.5
1.71,89620.8,43143.9,15.8069,0.00905644,0.00637498,9.7217,-0.0323017,89621,43143.6
1.72,89620.7,43143.9,15.9041,0.00967619,0.00375717,9.7217,-0.0290045,89621,43143.6
1.73,89620.7,43144,16.0014,0.0100414,0.00140674,9.7217,-0.0251269,89620.9,43143.8
1.74,89620.6,43144.1,16.0986,0.0101782,-0.000629323,9.7217,-0.0211282,89620.9,43143.8
1.75,89620.6,43144.2,16.1958,0.010117,-0.00234127,9.7217,-0.0173036,89620.9,43143.8
1.76,89620.5,43144.3,16.293,0.00988941,-0.00374325,9.7217,-0.0138272,89620.8,43143.9
1.77,89620.5,43144.3,16.3902,0.00952551,-0.00486351,9.7217,-0.0107861,89620.8,43143.9
1.78,89620.4,43144.4,16.4874,0.00905269,-0.00573737,9.7217,-0.00820777,89620.6,43144.1
1.79,89620.4,43144.5,16.5847,0.00849493,-0.00640233,9.7217,-0.00608043,89620.6,43144.1
1.8,89620.3,43144.6,16.6819,0.00787252,-0.00689494,9.7217,-0.00436846,89620.5,43144.3
1.81,89620.3,43144.7,16.7791,0.00720222,-0.00724885,9.7217,-0.00302358,89620.5,43144.3
1.82,89620.2,43144.7,16.8763,0.00649751,-0.0074938,9.7217,-0.00199263,89620.4,43144.4
1.83,89620.1,43144.8,16.9735,0.00576899,-0.00765523,9.7217,-0.00122265,89620.4,43144.4
1.84,89620.1,43144.9,17.0707,0.00502478,-0.00775429,9.7217,-0.000664209,89620.3,43144.6
1.85,89620,43145,17.1679,0.00427094,-0.0078081,9.7217,-0.000273101,89620.3,43144.6
1.86,89620,43145.1,17.2652,0.00351187,-0.00783022,9.7217,-1.12014e-05,89620.2,43144.8
1.87,89619.9,43145.1,17.3624,0.00275065,-0.00783113,9.7217,0.000153437,89620.2,43144.8
1.88,89619.9,43145.2,17.4596,0.00198933,-0.0078187,9.7217,0.000246897,89620.1,43144.9
1.89,89619.8,43145.3,17.5568,0.00122923,-0.0077987,9.7217,0.000289956,89620.1,43144.9
1.9,89619.8,43145.4,17.654,0.000471074,-0.00777521,9.7217,0.000298773,89620,43145.1
1.91,89619.7,43145.5,17.7512,-0.0002848,-0.007751,9.7217,0.000285604,89620,43145.1
1.92,89619.7,43145.5,17.8484,-0.000173553,-0.00409588,9.7217,0.0002595,89619.8,43145.3
1.93,89619.6,43145.6,17.9457,-0.000571741,-0.00407486,9.7217,0.000226926,89619.8,43145.3
1.94,89619.5,43145.7,18.0429,-3.9764e-05,-6.51458e-05,9.7217,0.153807,89619.7,43145.4
1.95,89619.5,43145.8,18.1401,-4.60972e-05,0.0124946,9.72166,0.0795613,89619.7,43145.4
1.96,89619.4,43145.9,18.2373,0.00116856,0.0189538,9.7217,0.0276012,89619.6,43145.6
1.97,89619.4,43145.9,18.3345,0.00301108,0.0211905,9.7217,-0.00674282,89619.6,43145.6
1.98,89619.3,43146,18.4317,0.005071,0.0206442,9.7217,-0.0278156,89619.5,43145.8
1.99,89619.3,43146.1,18.5289,0.00707782,0.0183902,9.7217,-0.0392576,89619.5,43145.8
2,89619.2,43146.2,18.6261,0.00886556,0.0152081,9.7217,-0.0439639,89619.4,43145.9
2.01,89619.1,43146.3,18.7233,0.010344,0.0116441,9.7217,-0.0441638,89619.4,43145.9
2.02,89619.1,43146.3,18.8205,0.011476,0.00806389,9.7217,-0.0415306,89619.3,43146.1
2.03,89619,43146.4,18.9177,0.0122599,0.00469739,9.7217,-0.0372873,89619.3,43146.1
2.04,89619,43146.5,19.0149,0.0127166,0.00167519,9.7217,-0.0323001,89619.2,43146.3
2.05,89618.9,43146.6,19.1122,0.0128794,-0.000942484,9.7217,-0.0271583,89619.2,43146.3
2.06,89618.9,43146.7,19.2094,0.0127878,-0.00314323,9.7217,-0.0222409,89619.1,43146.4
2.07,89618.8,43146.7,19.3066,0.0124822,-0.00494536,9.7217,-0.0177715,89619.1,43146.4
2.08,89618.8,43146.8,19.4038,0.0120015,-0.00638526,9.7217,-0.013862,89618.9,43146.6
2.09,89618.7,43146.9,19.501,0.0113807,-0.00750834,9.7217,-0.0105476,89618.9,43146.6
2.1,89618.7,43147,19.5982,0.0106508,-0.00836288,9.7217,-0.00781311,89618.8,43146.8
2.11,89618.6,43147.1,19.6954,0.00983777,-0.00899587,9.7217,-0.00561268,89618.8,43146.8
2.12,89618.5,43147.1,19.7927,0.00896323,-0.00945058,9.7217,-0.00388422,89618.8,43146.8
2.13,89618.5,43147.2,19.8899,0.00804449,-0.00976526,9.7217,-0.00255932,89618.7,43146.9
2.14,89618.4,43147.3,19.9871,0.00709515,-0.0099726,9.7217,-0.0015699,89618.7,43146.9
2.15,89618.4,43147.4,20.0843,0.00612566,-0.0100998,9.7217,-0.000852369,89618.6,43147.1
2.16,89618.3,43147.5,20.1815,0.00514381,-0.0101688,9.7217,-0.000349911,89618.6,43147.1
2.17,89618.3,43147.5,20.2787,0.00415524,-0.0101972,9.7217,-1.3507e-05,89618.5,43147.2
2.18,89618.2,43147.6,20.3759,0.00316392,-0.0101983,9.7217,0.000197913,89618.5,43147.2
2.19,89618.2,43147.7,20.4731,0.00217249,-0.0101822,9.7217,0.000317872,89618.4,43147.4
2.2,89618.1,43147.8,20.5704,0.00118262,-0.0101565,9.7217,0.000373081,89618.4,43147.4
2.21,89618.1,43147.9,20.6676,0.000195255,-0.0101263,9.7217,0.0003843,89618.3,43147.6
2.22,89618,43148,20.7648,-0.000789173,-0.0100951,9.7217,0.000367289,89618.3,43147.6
2.23,89618,43148,20.862,-0.000378105,-0.00453217,9.7217,0.000333682,89618.2,43147.7
2.24,89617.9,43148.1,20.9592,-0.000818707,-0.00450513,9.7217,0.000291761,89618.2,43147.7
2.25,89617.8,43148.2,21.0564,-0.000174409,-8.37248e-05,9.7217,0.426044,89618,43147.9
2.26,89617.8,43148.3,21.1536,-0.000182549,0.0366839,9.7215,0.229068,89618,43147.9
2.27,89617.7,43148.3,21.2506,0.00338288,0.0555728,9.72153,0.0803027,89617.9,43148.1
2.28,89617.7,43148.4,21.3263,0.00878262,0.0620923,7.57761,-0.0200886,89617.9,43148.1
2.29,89617.6,43148.5,21.3934,0.0134847,0.0608236,6.72656,-0.0680598,89617.8,43148.2
2.3,89617.6,43148.5,21.4588,0.0175735,0.0570027,6.54966,-0.0953524,89617.8,43148.2
2.31,89617.6,43148.6,21.5243,0.021305,0.0517825,6.55467,-0.111866,89617.8,43148.2
2.32,89617.5,43148.6,21.5907,0.0246976,0.0456464,6.65587,-0.120828,89617.7,43148.4
2.33,89617.5,43148.7,21.659,0.0277348,0.0389118,6.83317,-0.124054,89617.7,43148.4
2.34,89617.4,43148.7,21.7298,0.030393,0.0318113,7.08209,-0.122786,89617.7,43148.4
2.35,89617.4,43148.8,21.8039,0.0326455,0.0245282,7.40643,-0.117947,89617.6,43148.6
2.36,89617.4,43148.9,21.882,0.034462,0.0172145,7.81697,-0.110269,89617.6,43148.6
2.37,89617.3,43148.9,21.9653,0.0358076,0.0100022,8.33231,-0.100366,89617.6,43148.6
2.38,89617.3,43149,22.0552,0.036641,0.00300967,8.98186,-0.0887755,89617.5,43148.7
2.39,89617.2,43149.1,22.1524,0.0369113,-0.00365259,9.7217,-0.075989,89617.5,43148.7
2.4,89617.2,43149.2,22.2496,0.0365562,-0.00982065,9.7217,-0.0625985,89617.4,43148.9
2.41,89617.1,43149.2,22.3468,0.0356015,-0.0148986,9.7217,-0.0502962,89617.4,43148.9
2.42,89617.1,43149.3,22.444,0.0341532,-0.0189768,9.7217,-0.0394448,89617.3,43149.1
2.43,89617,43149.4,22.5412,0.0323084,-0.022174,9.7217,-0.0301816,89617.3,43149.1
2.44,89616.9,43149.5,22.6384,0.0301529,-0.0246199,9.7217,-0.0224933,89617.2,43149.2
2.45,89616.9,43149.6,22.7356,0.0277597,-0.0264425,9.7217,-0.0162726,89617.2,43149.2
2.46,89616.8,43149.7,22.8327,0.0251893,-0.0277609,9.7217,-0.0113603,89617,43149.4
2.47,89616.8,43149.7,22.9299,0.0224908,-0.0286813,9.7217,-0.00757453,89617,43149.4
2.48,89616.7,43149.8,23.0271,0.0197029,-0.029295,9.7217,-0.00473093,89616.9,43149.6
2.49,89616.7,43149.9,23.1243,0.0168553,-0.0296782,9.7217,-0.00265499,89616.9,43149.6
2.5,89616.6,43150,23.2214,0.0139705,-0.0298933,9.7217,-0.00118947,89616.8,43149.7
2.51,89616.6,43150.1,23.3186,0.0110648,-0.0299897,9.7217,-0.000197707,89616.8,43149.7
2.52,89616.5,43150.2,23.4158,0.00814973,-0.0300057,9.7217,0.000435466,89616.7,43149.9
2.53,89616.5,43150.2,23.5129,0.0052331,-0.0299704,9.7217,0.000804563,89616.7,43149.9
2.54,89616.4,43150.3,23.6101,0.0023199,-0.0299053,9.7217,0.000985302,89616.6,43150.1
2.55,89616.4,43150.4,23.7073,-0.000586965,-0.0298254,9.7217,0.00103678,89616.6,43150.1
2.56,89616.3,43150.5,23.8045,0.000181048,-0.0108588,9.7217,0.00100413,89616.5,43150.2
2.57,89616.3,43150.6,23.9017,-0.000874595,-0.0107775,9.7217,0.000920919,89616.5,43150.2
2.58,89616.2,43150.6,23.9989,3.95619e-05,-0.000304079,9.7217,0.659828,89616.4,43150.4
2.59,89616.2,43150.7,24.0304,1.00003e-05,0.0625491,3.1516,0.660224,89616.4,43150.4
2.6,89616.2,43150.7,24.0996,0.00198001,0.0829416,6.94915,0.660025,89616.4,43150.4
2.61,89616.1,43150.8,24.1961,0.00773714,0.127888,9.72146,0.4871,89616.4,43150.4
2.62,89616.1,43150.8,24.2496,0.0201358,0.170797,5.42836,0.194196,89616.3,43150.6
2.63,89616,43150.9,24.2889,0.0293623,0.179694,4.00129,0.0664811,89616.3,43150.6
2.64,89616,43150.9,24.3272,0.0365138,0.181914,3.88918,-0.0151398,89616.3,43150.6
2.65,89616,43150.9,24.3647,0.0435498,0.181424,3.81541,-0.0857153,89616.2,43150.7
2.66,89616,43151,24.4016,0.0504339,0.178691,3.7448,-0.142925,89616.2,43150.7
2.67,89615.9,43151,24.438,0.05709,0.174201,3.69785,-0.188735,89616.2,43150.7
2.68,89615.9,43151,24.4741,0.0634992,0.168315,3.66863,-0.225201,89616.2,43150.7
2.69,89615.9,43151,24.5102,0.0696449,0.161311,3.65302,-0.254689,89616.2,43150.7
2.7,89615.9,43151.1,24.5462,0.0755121,0.153386,3.64378,-0.280739,89616.1,43150.9
2.71,89615.8,43151.1,24.5821,0.0810792,0.14463,3.62475,-0.301448,89616.1,43150.9
2.72,89615.8,43151.1,24.6178,0.0863034,0.135238,3.6096,-0.317401,89616.1,43150.9
2.73,89615.8,43151.2,24.6535,0.0911701,0.125357,3.5979,-0.329205,89616.1,43150.9
2.74,89615.8,43151.2,24.6892,0.0956685,0.115113,3.58918,-0.337376,89616.1,43150.9
2.75,89615.8,43151.2,24.7248,0.099791,0.104621,3.58309,-0.342354,89616.1,43150.9
2.76,89615.7,43151.2,24.7605,0.103533,0.09398,3.57932,-0.344519,89616,43151.1
2.77,89615.7,43151.3,24.7961,0.106892,0.083277,3.57759,-0.358024,89616,43151.1
2.78,89615.7,43151.3,24.833,0.109868,0.0721224,3.69891,-0.374523,89616,43151.1
2.79,89615.7,43151.3,24.8721,0.112533,0.0600062,3.91172,-0.389047,89616,43151.1
2.8,89615.6,43151.4,24.9141,0.114879,0.046643,4.2095,-0.401701,89616,43151.1
2.81,89615.6,43151.4,24.9607,0.116842,0.0317414,4.65868,-0.377743,89615.8,43151.3
2.82,89615.6,43151.4,25.0104,0.11832,0.0163368,4.97429,-0.34443,89615.8,43151.3
2.83,89615.6,43151.5,25.0634,0.119133,0.00146663,5.2998,-0.310192,89615.8,43151.3
2.84,89615.5,43151.5,25.1203,0.11921,-0.01269,5.68769,-0.275522,89615.8,43151.3
2.85,89615.5,43151.6,25.1818,0.118489,-0.0260898,6.15449,-0.24065,89615.7,43151.4
2.86,89615.5,43151.6,25.249,0.116883,-0.0386761,6.72926,-0.205859,89615.7,43151.4
2.87,89615.4,43151.7,25.3235,0.114281,-0.0503859,7.45776,-0.171453,89615.7,43151.4
2.88,89615.4,43151.8,25.4076,0.110525,-0.0611471,8.41825,-0.137766,89615.6,43151.6
2.89,89615.3,43151.9,25.5045,0.105381,-0.0708733,9.7217,-0.105158,89615.6,43151.6
2.9,89615.3,43152,25.6014,0.0984966,-0.0794241,9.7217,-0.0741333,89615.5,43151.8
2.91,89615.3,43152,25.6983,0.0907833,-0.085441,9.7217,-0.0500037,89615.5,43151.8
2.92,89615.2,43152.1,25.7951,0.0824871,-0.0894954,9.7217,-0.0317415,89615.5,43151.8
2.93,89615.2,43152.2,25.8919,0.0737982,-0.0920678,9.7217,-0.0183137,89615.4,43151.9
2.94,89615.1,43152.3,25.9887,0.0648603,-0.0935516,9.7217,-0.00875874,89615.4,43151.9
2.95,89615.1,43152.4,26.0855,0.0557788,-0.0942612,9.7217,-0.00222946,89615.3,43152.1
2.96,89615,43152.5,26.1823,0.0466286,-0.0944418,9.7217,0.00199773,89615.3,43152.1
2.97,89615,43152.6,26.2791,0.0374609,-0.09428,9.7217,0.00451851,89615.2,43152.3
2.98,89614.9,43152.7,26.3759,0.0283088,-0.0939139,9.7217,0.00581407,89615.2,43152.3
2.99,89614.9,43152.7,26.4727,0.0191922,-0.0934429,9.7217,0.00626174,89615.1,43152.4
3,89614.9,43152.8,26.5695,0.0101212,-0.0929356,9.7217,0.00614989,89615.1,43152.4
3.01,89614.8,43152.9,26.6663,0.00109927,-0.0924373,9.7217,0.0056969,89615,43152.6
3.02,89614.8,43153,26.7631,-0.00787442,-0.0919758,9.7217,0.00505516,89615,43152.6
3.03,89614.7,43153.1,26.8602,-0.000182459,-0.0251847,9.7217,0.00433283,89614.9,43152.8
3.04,89614.7,43153.2,26.9574,-0.00263058,-0.0248336,9.7217,0.659459,89614.9,43152.8
3.05,89614.7,43153.2,26.9852,0.000756787,0.0616369,2.7816,0.660922,89614.8,43153
3.06,89614.7,43153.2,27.0129,0.00247019,0.0796613,2.7788,0.660237,89614.8,43153
3.07,89614.6,43153.2,27.0406,0.00468148,0.0976421,2.77925,0.661484,89614.8,43153
3.08,89614.6,43153.3,27.0681,0.00739088,0.115672,2.77733,0.660123,89614.8,43153
3.09,89614.6,43153.3,27.0955,0.0105963,0.133639,2.76059,0.660062,89614.8,43153
3.1,89614.6,43153.3,27.1254,0.0142746,0.151496,3.01923,0.659448,89614.8,43153
3.11,89614.6,43153.3,27.1602,0.0188311,0.171,3.54045,0.661314,89614.7,43153.1
3.12,89614.5,43153.4,27.2059,0.0248558,0.193961,4.65826,0.658104,89614.7,43153.1
3.13,89614.5,43153.5,27.3007,0.0338345,0.22397,9.72133,0.658708,89614.7,43153.1
3.14,89614.5,43153.5,27.3459,0.0554258,0.286676,4.71001,0.328077,89614.6,43153.3
3.15,89614.4,43153.5,27.3768,0.0687441,0.300036,3.23207,0.134453,89614.6,43153.3
3.16,89614.4,43153.5,27.4062,0.0782966,0.303679,3.0868,0.0128223,89614.6,43153.3
3.17,89614.4,43153.6,27.435,0.0875272,0.304009,3.01265,-0.0853899,89614.6,43153.3
3.18,89614.4,43153.6,27.4634,0.0965455,0.30186,2.97027,-0.170827,89614.6,43153.3
3.19,89614.3,43153.6,27.4914,0.105376,0.29759,2.93754,-0.244641,89614.6,43153.3
3.2,89614.3,43153.6,27.5193,0.113989,0.291479,2.91252,-0.305726,89614.6,43153.3
3.21,89614.3,43153.6,27.5472,0.122359,0.283819,2.8985,-0.355882,89614.5,43153.5
3.22,89614.3,43153.7,27.575,0.130476,0.27484,2.89316,-0.397042,89614.5,43153.5
3.23,89614.3,43153.7,27.6029,0.138327,0.264731,2.89552,-0.43065,89614.5,43153.5
3.24,89614.2,43153.7,27.6311,0.145904,0.253646,2.90465,-0.457701,89614.5,43153.5
3.25,89614.2,43153.7,27.6594,0.153192,0.241722,2.91956,-0.478518,89614.5,43153.5
3.26,89614.2,43153.8,27.688,0.160181,0.229102,2.93722,-0.494759,89614.5,43153.5
3.27,89614.2,43153.8,27.7169,0.166851,0.215896,2.95978,-0.507011,89614.5,43153.5
3.28,89614.2,43153.8,27.7462,0.173192,0.202196,2.987,-0.51579,89614.4,43153.7
3.29,89614.2,43153.8,27.7758,0.179191,0.188083,3.01844,-0.521492,89614.4,43153.7
3.3,89614.1,43153.8,27.8059,0.184834,0.173631,3.05406,-0.524404,89614.4,43153.7
3.31,89614.1,43153.9,27.8365,0.19011,0.15891,3.09418,-0.524793,89614.4,43153.7
3.32,89614.1,43153.9,27.8675,0.195007,0.143982,3.13887,-0.522836,89614.4,43153.7
3.33,89614.1,43153.9,27.8992,0.199511,0.128907,3.18869,-0.519735,89614.4,43153.7
3.34,89614.1,43153.9,27.9312,0.20361,0.113702,3.22677,-0.514686,89614.4,43153.7
3.35,89614,43154,27.9637,0.207271,0.0984948,3.26676,-0.507733,89614.3,43153.8
3.36,89614,43154,27.9967,0.210483,0.0833482,3.30999,-0.499043,89614.3,43153.8
3.37,89614,43154,28.0302,0.213239,0.0683137,3.35638,-0.488748,89614.3,43153.8
3.38,89614,43154.1,28.0642,0.21553,0.0534398,3.40594,-0.476974,89614.3,43153.8
3.39,89614,43154.1,28.0988,0.217349,0.0387725,3.45865,-0.471856,89614.3,43153.8
3.4,89614,43154.1,28.1334,0.21869,0.0240645,3.46498,-0.465145,89614.3,43153.8
3.41,89613.9,43154.2,28.1681,0.219523,0.00957297,3.46972,-0.456506,89614.3,43154
3.42,89613.9,43154.2,28.2029,0.219856,-0.00462699,3.47587,-0.446158,89614.3,43154
3.43,89613.9,43154.2,28.2377,0.219695,-0.0184819,3.48327,-0.440208,89614.3,43154
3.44,89613.9,43154.2,28.2731,0.219051,-0.0321548,3.54221,-0.452289,89614.3,43154
3.45,89613.9,43154.3,28.3111,0.217912,-0.0464973,3.80555,-0.462108,89614.3,43154
3.46,89613.9,43154.3,28.3528,0.216143,-0.0622928,4.1736,-0.47004,89614.2,43154.2
3.47,89613.8,43154.4,28.4002,0.213545,-0.0799615,4.76177,-0.426918,89614.2,43154.2
3.48,89613.8,43154.4,28.4511,0.209742,-0.0980124,5.11319,-0.379461,89614.2,43154.2
3.49,89613.8,43154.5,28.5064,0.204738,-0.115005,5.56855,-0.331435,89614.2,43154.2
3.5,89613.8,43154.5,28.5673,0.198348,-0.130974,6.13789,-0.282983,89614.1,43154.4
3.51,89613.8,43154.6,28.6354,0.190332,-0.145847,6.88097,-0.234526,89614.1,43154.4
3.52,89613.7,43154.7,28.7134,0.180332,-0.159548,7.90561,-0.186497,89614.1,43154.4
3.53,89613.7,43154.8,28.8065,0.167772,-0.171978,9.44611,-0.139313,89614,43154.6
3.54,89613.7,43154.8,28.9021,0.151607,-0.183016,9.7217,-0.0932658,89614,43154.6
3.55,89613.7,43154.9,28.9975,0.133914,-0.190594,9.7217,-0.0572967,89613.9,43154.7
3.56,89613.6,43155,29.0929,0.115497,-0.195241,9.7217,-0.0311069,89613.9,43154.7
3.57,89613.6,43155.1,29.1882,0.0966363,-0.197762,9.7217,-0.0127438,89613.9,43154.7
3.58,89613.6,43155.2,29.2835,0.0775355,-0.198795,9.7217,-0.000451363,89613.8,43154.9
3.59,89613.6,43155.3,29.3788,0.0583364,-0.198831,9.7217,0.0072761,89613.8,43154.9
3.6,89613.5,43155.4,29.4741,0.0391337,-0.198242,9.7217,0.0116601,89613.7,43155.1
3.61,89613.5,43155.5,29.5695,0.0199873,-0.197297,9.7217,0.0136718,89613.7,43155.1
3.62,89613.5,43155.6,29.6648,0.000930838,-0.196189,9.7217,0.0140922,89613.6,43155.3
3.63,89613.5,43155.7,29.7602,-0.01802,-0.195048,9.7217,0.0134557,89613.6,43155.3
3.64,89613.4,43155.8,29.8573,0.0014705,-0.0404891,9.7217,0.0121706,89613.5,43155.5
3.65,89613.4,43155.9,29.9545,-0.00246466,-0.0395031,9.7217,0.658821,89613.5,43155.5
3.66,89613.4,43155.9,29.9823,0.00243072,0.0587947,2.7835,0.661135,89613.5,43155.6
3.67,89613.4,43155.9,30.01,0.00406633,0.0768393,2.78067,0.66247,89613.5,43155.6
3.68,89613.4,43156,30.0376,0.00620088,0.0949153,2.77485,0.660855,89613.5,43155.6
3.69,89613.4,43156,30.0652,0.00883068,0.112893,2.77958,0.659969,89613.5,43155.6
3.7,89613.3,43156,30.0928,0.011962,0.130869,2.78014,0.660772,89613.5,43155.6
3.71,89613.3,43156,30.1203,0.0155899,0.148879,2.77809,0.659241,89613.5,43155.6
3.72,89613.3,43156.1,30.1477,0.0197107,0.166818,2.78244,0.661366,89613.4,43155.8
3.73,89613.3,43156.1,30.175,0.0243308,0.184864,2.77732,0.662171,89613.4,43155.8
3.74,89613.3,43156.1,30.2023,0.0294359,0.202907,2.78462,0.656421,89613.4,43155.8
3.75,89613.3,43156.1,30.2339,0.0350474,0.220784,3.23909,0.662531,89613.4,43155.8
3.76,89613.3,43156.2,30.2745,0.0421408,0.241843,4.18334,0.658354,89613.4,43155.8
3.77,89613.2,43156.2,30.3496,0.0521596,0.268807,7.78704,0.659609,89613.4,43155.8
3.78,89613.2,43156.3,30.3954,0.0728405,0.319129,4.82219,0.616152,89613.4,43156
3.79,89613.2,43156.3,30.4214,0.0879697,0.347585,2.76509,0.33745,89613.4,43156
3.8,89613.2,43156.3,30.4474,0.0973884,0.35567,2.77388,0.197406,89613.4,43156
3.81,89613.1,43156.3,30.4734,0.107048,0.360293,2.77928,0.0625179,89613.4,43156
3.82,89613.1,43156.4,30.4994,0.116846,0.361743,2.77884,-0.0567101,89613.4,43156
3.83,89613.1,43156.4,30.5254,0.12668,0.360428,2.7804,-0.152935,89613.3,43156.2
3.84,89613.1,43156.4,30.5514,0.136486,0.356857,2.78045,-0.221309,89613.3,43156.2
3.85,89613.1,43156.4,30.5774,0.146199,0.351644,2.7704,-0.295177,89613.3,43156.2
3.86,89613.1,43156.5,30.6036,0.155741,0.344624,2.77959,-0.354352,89613.3,43156.2
3.87,89613,43156.5,30.6298,0.165132,0.336055,2.77911,-0.400526,89613.3,43156.2
3.88,89613,43156.5,30.6562,0.174297,0.326249,2.77912,-0.4388,89613.3,43156.2
3.89,89613,43156.5,30.6826,0.183203,0.31538,2.78074,-0.463302,89613.3,43156.2
3.9,89613,43156.5,30.7091,0.191829,0.303803,2.77211,-0.489708,89613.3,43156.2
3.91,89613,43156.6,30.7357,0.200122,0.29149,2.77841,-0.513986,89613.2,43156.4
3.92,89613,43156.6,30.7624,0.208106,0.278418,2.78001,-0.531794,89613.2,43156.4
3.93,89613,43156.6,30.7892,0.215747,0.264788,2.78001,-0.544608,89613.2,43156.4
3.94,89612.9,43156.6,30.8162,0.223022,0.250756,2.78067,-0.558611,89613.2,43156.4
3.95,89612.9,43156.7,30.8433,0.229922,0.236272,2.78684,-0.565757,89613.2,43156.4
3.96,89612.9,43156.7,30.8704,0.236445,0.221525,2.78026,-0.576415,89613.2,43156.4
3.97,89612.9,43156.7,30.8976,0.242554,0.206464,2.77886,-0.587089,89613.2,43156.4
3.98,89612.9,43156.7,30.9249,0.248251,0.191057,2.78236,-0.597555,89613.2,43156.4
3.99,89612.9,43156.8,30.9524,0.253534,0.175277,2.79409,-0.596022,89613.2,43156.6
4,89612.9,43156.8,30.9801,0.258407,0.159483,2.80557,-0.588799,89613.2,43156.6
4.01,89612.9,43156.8,31.0078,0.262862,0.14387,2.79801,-0.593561,89613.2,43156.6
4.02,89612.8,43156.8,31.036,0.266874,0.128138,2.84588,-0.595046,89613.2,43156.6
4.03,89612.8,43156.9,31.0647,0.27051,0.112085,2.8823,-0.594418,89613.2,43156.6
4.04,89612.8,43156.9,31.0938,0.273734,0.0958484,2.9224,-0.591807,89613.2,43156.6
4.05,89612.8,43156.9,31.1233,0.276531,0.0794787,2.96623,-0.587346,89613.2,43156.6
4.06,89612.8,43157,31.1534,0.278886,0.0630231,3.01393,-0.58114,89613.1,43156.8
4.07,89612.8,43157,31.184,0.280784,0.0465268,3.06569,-0.573302,89613.1,43156.8
4.08,89612.8,43157,31.2152,0.28221,0.0300325,3.12171,-0.564101,89613.1,43156.8
4.09,89612.8,43157,31.247,0.283148,0.0135738,3.17814,-0.554299,89613.1,43156.8
4.1,89612.8,43157.1,31.2792,0.283579,-0.00282102,3.22362,-0.542973,89613.1,43156.8
4.11,89612.8,43157.1,31.312,0.283488,-0.0190325,3.27221,-0.530255,89613.1,43156.8
4.12,89612.7,43157.1,31.3452,0.282865,-0.0350189,3.32376,-0.516234,89613.1,43157
4.13,89612.7,43157.2,31.3789,0.281702,-0.0507395,3.37829,-0.501,89613.1,43157
4.14,89612.7,43157.2,31.4132,0.279988,-0.0661558,3.43586,-0.490733,89613.1,43157
4.15,89612.7,43157.2,31.4477,0.277717,-0.0814549,3.45846,-0.481607,89613.1,43157
4.16,89612.7,43157.3,31.4822,0.274903,-0.096518,3.46506,-0.470695,89613.1,43157
4.17,89612.7,43157.3,31.5167,0.271564,-0.111211,3.47296,-0.458217,89613.1,43157
4.18,89612.7,43157.3,31.5512,0.267709,-0.125486,3.48203,-0.449435,89613,43157.2
4.19,89612.7,43157.4,31.5862,0.263351,-0.139482,3.53558,-0.460532,89613,43157.2
4.2,89612.7,43157.4,31.6239,0.258436,-0.154099,3.80982,-0.469356,89613,43157.2
4.21,89612.7,43157.5,31.6652,0.252588,-0.170201,4.19451,-0.473769,89613,43157.2
4.22,89612.7,43157.5,31.7123,0.245483,-0.188122,4.79033,-0.428302,89613,43157.2
4.23,89612.7,43157.6,31.7628,0.236525,-0.206348,5.15661,-0.378576,89613,43157.4
4.24,89612.7,43157.6,31.8177,0.225959,-0.223441,5.63594,-0.328303,89613,43157.4
4.25,89612.7,43157.7,31.8783,0.213471,-0.239439,6.24077,-0.277657,89613,43157.4
4.26,89612.7,43157.7,31.9465,0.198671,-0.254262,7.04049,-0.227125,89613,43157.4
4.27,89612.7,43157.8,32.0252,0.180961,-0.267821,8.16446,-0.177201,89612.9,43157.6
4.28,89612.7,43157.9,32.1186,0.159356,-0.280005,9.7217,-0.1283,89612.9,43157.6
4.29,89612.7,43158,32.2118,0.132489,-0.290457,9.7217,-0.0816727,89612.9,43157.8
4.3,89612.7,43158.1,32.3047,0.104647,-0.297088,9.7217,-0.0471718,89612.9,43157.8
4.31,89612.7,43158.2,32.3976,0.0761878,-0.300913,9.7217,-0.0225614,89612.8,43157.9
4.32,89612.7,43158.3,32.4904,0.0473734,-0.302741,9.7217,-0.00573204,89612.8,43157.9
4.33,89612.7,43158.4,32.5832,0.0183894,-0.303205,9.7217,0.0051625,89612.8,43157.9
4.34,89612.7,43158.5,32.676,-0.0106378,-0.302787,9.7217,0.0116789,89612.8,43158.1
4.35,89612.7,43158.6,32.7688,-0.0396261,-0.301841,9.7217,0.0150031,89612.8,43158.1
4.36,89612.7,43158.7,32.866,0.00328453,-0.0305563,9.7217,0.0160916,89612.7,43158.3
4.37,89612.7,43158.8,32.9631,0.000314403,-0.0292525,9.7217,0.658264,89612.7,43158.3
4.38,89612.7,43158.8,32.9909,0.0032203,0.0552039,2.78484,0.660404,89612.7,43158.5
4.39,89612.7,43158.9,33.0187,0.00475686,0.07323,2.77934,0.66308,89612.7,43158.5
4.4,89612.7,43158.9,33.0463,0.00679035,0.0913202,2.77263,0.657888,89612.7,43158.5
4.41,89612.7,43158.9,33.074,0.0093188,0.109174,2.78672,0.659049,89612.7,43158.5
4.42,89612.7,43158.9,33.1016,0.0123551,0.127162,2.78252,0.660068,89612.7,43158.5
4.43,89612.7,43159,33.1291,0.0158839,0.145161,2.78001,0.661312,89612.7,43158.7
4.44,89612.7,43159,33.1565,0.0199053,0.163189,2.77672,0.662017,89612.7,43158.7
4.45,89612.7,43159,33.1838,0.0244165,0.181223,2.77524,0.659359,89612.7,43158.7
4.46,89612.7,43159,33.2111,0.0294184,0.199148,2.78211,0.66154,89612.7,43158.7
4.47,89612.7,43159.1,33.2382,0.0349223,0.217199,2.77655,0.661451,89612.7,43158.7
4.48,89612.7,43159.1,33.2673,0.0409057,0.23521,2.99805,0.658756,89612.7,43158.7
4.49,89612.6,43159.1,33.3026,0.0478925,0.25455,3.64093,0.658223,89612.7,43158.7
4.5,89612.6,43159.2,33.3544,0.0570608,0.278012,5.39454,0.660511,89612.7,43158.9
4.51,89612.6,43159.3,33.4245,0.0718658,0.312938,7.36487,0.660684,89612.7,43158.9
4.52,89612.6,43159.3,33.4548,0.0945389,0.360638,3.24168,0.441315,89612.7,43158.9
4.53,89612.6,43159.3,33.4807,0.105978,0.373399,2.77277,0.255992,89612.7,43158.9
4.54,89612.6,43159.3,33.5064,0.116092,0.379447,2.77483,0.114986,89612.7,43158.9
4.55,89612.6,43159.4,33.5322,0.126371,0.382117,2.77549,-0.0133582,89612.7,43159.1
4.56,89612.6,43159.4,33.558,0.13672,0.381809,2.78088,-0.111613,89612.7,43159.1
4.57,89612.5,43159.4,33.5838,0.147082,0.379211,2.78245,-0.207047,89612.7,43159.1
4.58,89612.5,43159.4,33.6097,0.157382,0.374341,2.7823,-0.283131,89612.7,43159.1
4.59,89612.5,43159.5,33.6357,0.167556,0.367595,2.7819,-0.341895,89612.7,43159.1
4.6,89612.5,43159.5,33.6617,0.177553,0.359345,2.78005,-0.38782,89612.7,43159.1
4.61,89612.5,43159.5,33.6878,0.187329,0.349881,2.77835,-0.42207,89612.7,43159.1
4.62,89612.5,43159.5,33.714,0.196853,0.339484,2.77394,-0.462993,89612.7,43159.1
4.63,89612.5,43159.6,33.7403,0.20609,0.327945,2.77976,-0.495376,89612.7,43159.3
4.64,89612.5,43159.6,33.7667,0.215044,0.315428,2.78054,-0.518991,89612.7,43159.3
4.65,89612.5,43159.6,33.7932,0.22367,0.302193,2.77855,-0.537765,89612.7,43159.3
4.66,89612.5,43159.7,33.8199,0.231939,0.288383,2.77916,-0.551149,89612.7,43159.3
4.67,89612.5,43159.7,33.8466,0.239843,0.274147,2.77969,-0.563983,89612.7,43159.3
4.68,89612.5,43159.7,33.8735,0.247369,0.259496,2.77956,-0.577973,89612.7,43159.3
4.69,89612.4,43159.7,33.9005,0.254501,0.244387,2.77941,-0.587965,89612.7,43159.3
4.7,89612.4,43159.8,33.9276,0.261226,0.228947,2.78068,-0.593442,89612.7,43159.5
4.71,89612.4,43159.8,33.9547,0.267537,0.213316,2.77863,-0.60175,89612.7,43159.5
4.72,89612.4,43159.8,33.982,0.273419,0.197415,2.77797,-0.60366,89612.7,43159.5
4.73,89612.4,43159.8,34.0093,0.278868,0.181453,2.77668,-0.612625,89612.7,43159.5
4.74,89612.4,43159.9,34.0367,0.283878,0.16519,2.7792,-0.619102,89612.7,43159.5
4.75,89612.4,43159.9,34.0642,0.288448,0.148688,2.78185,-0.623483,89612.7,43159.5
4.76,89612.4,43159.9,34.0918,0.29257,0.132015,2.7829,-0.621924,89612.7,43159.5
4.77,89612.4,43160,34.1194,0.296233,0.115392,2.7852,-0.607837,89612.7,43159.5
4.78,89612.4,43160,34.1471,0.299439,0.0992446,2.7805,-0.608522,89612.7,43159.7
4.79,89612.4,43160,34.1753,0.302194,0.083101,2.82832,-0.609662,89612.7,43159.7
4.8,89612.4,43160,34.2039,0.304542,0.0666398,2.86505,-0.608708,89612.7,43159.7
4.81,89612.4,43160.1,34.2329,0.30645,0.0499987,2.90568,-0.605815,89612.7,43159.7
4.82,89612.4,43160.1,34.2624,0.307902,0.0332255,2.95005,-0.601109,89612.7,43159.7
4.83,89612.4,43160.1,34.2924,0.308882,0.0163668,2.99831,-0.594694,89612.7,43159.7
4.84,89612.4,43160.2,34.3229,0.309373,-0.000533053,3.05069,-0.586443,89612.7,43159.7
4.85,89612.4,43160.2,34.354,0.309357,-0.0174241,3.10871,-0.577982,89612.7,43159.9
4.86,89612.4,43160.2,34.3855,0.308815,-0.0343222,3.15125,-0.56792,89612.7,43159.9
4.87,89612.4,43160.3,34.4174,0.307734,-0.0510774,3.19691,-0.556393,89612.7,43159.9
4.88,89612.4,43160.3,34.4498,0.306101,-0.0676464,3.24548,-0.543488,89612.7,43159.9
4.89,89612.4,43160.3,34.4826,0.303908,-0.0839868,3.297,-0.529287,89612.7,43159.9
4.9,89612.4,43160.4,34.516,0.301142,-0.100059,3.35152,-0.518315,89612.7,43159.9
4.91,89612.4,43160.4,34.5496,0.297794,-0.115987,3.38242,-0.510301,89612.7,43160.1
4.92,89612.4,43160.4,34.5831,0.29388,-0.131765,3.38795,-0.500385,89612.7,43160.1
4.93,89612.4,43160.5,34.6167,0.289428,-0.147203,3.39488,-0.488807,89612.7,43160.1
4.94,89612.4,43160.5,34.6503,0.284449,-0.16225,3.40294,-0.475733,89612.7,43160.1
4.95,89612.4,43160.5,34.6839,0.278952,-0.176859,3.41201,-0.482763,89612.7,43160.1
4.96,89612.5,43160.6,34.7193,0.272949,-0.191762,3.61056,-0.492954,89612.7,43160.1
4.97,89612.5,43160.6,34.7578,0.266068,-0.207925,3.93239,-0.501233,89612.7,43160.3
4.98,89612.5,43160.6,34.8009,0.25795,-0.22588,4.42265,-0.481286,89612.7,43160.3
4.99,89612.5,43160.7,34.8489,0.248045,-0.245128,4.94438,-0.43236,89612.7,43160.3
5,89612.5,43160.7,34.9009,0.236046,-0.264142,5.38553,-0.380101,89612.7,43160.3
5.01,89612.5,43160.8,34.9582,0.221985,-0.282073,5.9688,-0.326804,89612.7,43160.5
5.02,89612.5,43160.9,35.0227,0.205371,-0.298932,6.74863,-0.272604,89612.7,43160.5
5.03,89612.6,43160.9,35.0976,0.185496,-0.314655,7.87281,-0.217876,89612.7,43160.5
5.04,89612.6,43161,35.1894,0.161131,-0.329179,9.70533,-0.162818,89612.7,43160.5
5.05,89612.6,43161.1,35.281,0.129757,-0.342465,9.72159,-0.107162,89612.7,43160.7
5.06,89612.7,43161.2,35.3723,0.0971108,-0.35118,9.72162,-0.065175,89612.7,43160.7
5.07,89612.7,43161.3,35.4634,0.0636678,-0.356468,9.72163,-0.0346819,89612.7,43160.9
5.08,89612.7,43161.4,35.5544,0.0297426,-0.359279,9.72166,-0.0133973,89612.7,43160.9
5.09,89612.8,43161.5,35.6453,-0.00443868,-0.360364,9.7217,0.000808277,89612.7,43161.1
5.1,89612.8,43161.6,35.7363,-0.0387188,-0.360299,9.7217,0.00960978,89612.7,43161.1
5.11,89612.8,43161.7,35.8335,0.00903556,-0.0240771,9.7217,0.0144218,89612.7,43161.3
5.12,89612.9,43161.7,35.9307,0.00669509,-0.0229086,9.7217,0.655755,89612.7,43161.3
5.13,89612.9,43161.8,35.9586,0.00763521,0.0524808,2.79199,0.658973,89612.8,43161.5
5.14,89612.9,43161.8,35.9864,0.0090998,0.0704998,2.78371,0.658395,89612.8,43161.5
5.15,89612.9,43161.8,36.0141,0.0110607,0.0884441,2.78536,0.66159,89612.8,43161.5
5.16,89612.9,43161.9,36.0417,0.013521,0.106518,2.77736,0.660356,89612.8,43161.5
5.17,89612.9,43161.9,36.0693,0.0164738,0.124494,2.78035,0.659483,89612.8,43161.5
5.18,89612.9,43161.9,36.0968,0.0199262,0.142456,2.78181,0.659203,89612.8,43161.5
5.19,89612.9,43161.9,36.1243,0.0238756,0.160418,2.78211,0.66073,89612.8,43161.5
5.2,89612.9,43162,36.1516,0.0283195,0.178439,2.77883,0.658022,89612.9,43161.7
5.21,89612.9,43162,36.179,0.0332518,0.196338,2.78585,0.65798,89612.9,43161.7
5.22,89612.9,43162,36.2062,0.0386864,0.21428,2.78617,0.657451,89612.9,43161.7
5.23,89612.9,43162,36.2333,0.044611,0.232205,2.78676,0.660751,89612.9,43161.7
5.24,89612.9,43162.1,36.2613,0.051024,0.250257,2.89078,0.663207,89612.9,43161.7
5.25,89612.9,43162.1,36.2953,0.0581831,0.269077,3.52046,0.660939,89612.9,43161.7
5.26,89613,43162.2,36.3401,0.0675419,0.29189,4.68497,0.658277,89612.9,43161.7
5.27,89613,43162.3,36.4323,0.0810235,0.322082,9.72117,0.655398,89612.9,43161.9
5.28,89613,43162.3,36.469,0.111795,0.384359,3.95109,0.422906,89612.9,43161.9
5.29,89613,43162.3,36.4946,0.12661,0.399178,2.78141,0.227358,89612.9,43161.9
5.3,89613,43162.4,36.5201,0.137421,0.40454,2.77778,0.0970479,89612.9,43161.9
5.31,89613,43162.4,36.5456,0.148354,0.406794,2.77658,-0.0161277,89613,43162.1
5.32,89612.9,43162.4,36.5711,0.15934,0.406421,2.7747,-0.113973,89613,43162.1
5.33,89612.9,43162.4,36.5966,0.170309,0.403774,2.77414,-0.196448,89613,43162.1
5.34,89612.9,43162.5,36.6222,0.181208,0.399173,2.77819,-0.264441,89613,43162.1
5.35,89612.9,43162.5,36.6479,0.192006,0.392904,2.77751,-0.32699,89613,43162.1
5.36,89612.9,43162.5,36.6736,0.20264,0.385054,2.77783,-0.376268,89613,43162.1
5.37,89612.9,43162.5,36.6995,0.213074,0.375908,2.77753,-0.413078,89613,43162.1
5.38,89612.9,43162.6,36.7254,0.223271,0.365763,2.77551,-0.447804,89613.1,43162.3
5.39,89612.9,43162.6,36.7514,0.233198,0.354653,2.77698,-0.466507,89613.1,43162.3
5.4,89612.9,43162.6,36.7776,0.242841,0.342999,2.77434,-0.495669,89613.1,43162.3
5.41,89612.9,43162.7,36.8038,0.252172,0.330499,2.77712,-0.519295,89613.1,43162.3
5.42,89612.9,43162.7,36.8302,0.261184,0.31727,2.77785,-0.537453,89613.1,43162.3
5.43,89612.9,43162.7,36.8567,0.26985,0.303474,2.77841,-0.550405,89613.1,43162.3
5.44,89613,43162.7,36.8834,0.278153,0.289266,2.77796,-0.561812,89613.1,43162.3
5.45,89613,43162.8,36.9101,0.286077,0.274693,2.77937,-0.567427,89613.1,43162.3
5.46,89613,43162.8,36.937,0.293616,0.259932,2.77978,-0.583125,89613.1,43162.5
5.47,89613,43162.8,36.9639,0.300761,0.244651,2.77954,-0.593566,89613.1,43162.5
5.48,89613,43162.9,36.991,0.307493,0.229022,2.77931,-0.600225,89613.1,43162.5
5.49,89613,43162.9,37.0182,0.313803,0.213169,2.77962,-0.603579,89613.1,43162.5
5.5,89613,43162.9,37.0454,0.319683,0.197201,2.77945,-0.606185,89613.1,43162.5
5.51,89613,43162.9,37.0728,0.325129,0.181143,2.78259,-0.605625,89613.1,43162.5
5.52,89613,43163,37.1002,0.330142,0.165087,2.77949,-0.613702,89613.1,43162.5
5.53,89613,43163,37.1277,0.33471,0.148771,2.77944,-0.621521,89613.2,43162.6
5.54,89613,43163,37.1553,0.338829,0.132182,2.78052,-0.624107,89613.2,43162.6
5.55,89613,43163,37.1829,0.342494,0.115496,2.77799,-0.625978,89613.2,43162.6
5.56,89613,43163.1,37.2105,0.345695,0.0987589,2.78112,-0.623209,89613.2,43162.6
5.57,89613,43163.1,37.2382,0.348438,0.0821009,2.78003,-0.628053,89613.2,43162.6
5.58,89613,43163.1,37.266,0.350717,0.0652785,2.77958,-0.629843,89613.2,43162.6
5.59,89613,43163.1,37.2937,0.352531,0.0483955,2.7791,-0.629758,89613.2,43162.6
5.6,89613,43163.2,37.3215,0.353875,0.0315183,2.7806,-0.62944,89613.2,43162.6
5.61,89613.1,43163.2,37.3493,0.354751,0.0146434,2.77861,-0.629581,89613.3,43162.8
5.62,89613.1,43163.2,37.3771,0.355158,-0.00222443,2.77439,-0.628983,89613.3,43162.8
5.63,89613.1,43163.3,37.4048,0.355096,-0.0190455,2.77959,-0.633719,89613.3,43162.8
5.64,89613.1,43163.3,37.4326,0.354567,-0.0360665,2.77924,-0.634966,89613.3,43162.8
5.65,89613.1,43163.3,37.4604,0.353565,-0.0531298,2.77943,-0.636921,89613.3,43162.8
5.66,89613.1,43163.3,37.4881,0.352089,-0.0702643,2.78215,-0.624397,89613.3,43162.8
5.67,89613.1,43163.4,37.5159,0.350136,-0.0869704,2.78883,-0.616242,89613.3,43162.8
5.68,89613.1,43163.4,37.5439,0.347713,-0.10343,2.81729,-0.616715,89613.4,43163
5.69,89613.1,43163.4,37.5723,0.344805,-0.120075,2.85646,-0.614712,89613.4,43163
5.7,89613.2,43163.4,37.601,0.341383,-0.136879,2.89796,-0.610875,89613.4,43163
5.71,89613.2,43163.5,37.6301,0.337429,-0.153789,2.94313,-0.605313,89613.4,43163
5.72,89613.2,43163.5,37.6596,0.33292,-0.170761,2.99215,-0.59812,89613.4,43163
5.73,89613.2,43163.5,37.6895,0.327836,-0.187751,3.0452,-0.589337,89613.4,43163
5.74,89613.2,43163.5,37.7199,0.322152,-0.204717,3.10286,-0.579708,89613.4,43163
5.75,89613.2,43163.6,37.7506,0.315844,-0.221647,3.15279,-0.569398,89613.4,43163.2
5.76,89613.3,43163.6,37.7817,0.308913,-0.238465,3.1994,-0.557294,89613.4,43163.2
5.77,89613.3,43163.6,37.8132,0.301356,-0.25508,3.24875,-0.543851,89613.4,43163.2
5.78,89613.3,43163.6,37.845,0.293158,-0.271451,3.30103,-0.529148,89613.4,43163.2
5.79,89613.3,43163.7,37.8771,0.284307,-0.287537,3.35628,-0.515,89613.4,43163.2
5.8,89613.3,43163.7,37.9096,0.274789,-0.303366,3.40403,-0.506856,89613.4,43163.2
5.81,89613.4,43163.7,37.942,0.26462,-0.319116,3.40972,-0.496868,89613.5,43163.4
5.82,89613.4,43163.7,37.9743,0.253923,-0.334524,3.41842,-0.485137,89613.5,43163.4
5.83,89613.4,43163.8,38.0065,0.2427,-0.349541,3.42658,-0.471901,89613.5,43163.4
5.84,89613.4,43163.8,38.0386,0.230965,-0.364114,3.43576,-0.473289,89613.5,43163.4
5.85,89613.4,43163.8,38.0719,0.218729,-0.378776,3.58533,-0.483625,89613.5,43163.4
5.86,89613.5,43163.9,38.1078,0.205471,-0.394469,3.89315,-0.49191,89613.5,43163.4
5.87,89613.5,43163.9,38.1477,0.190509,-0.411853,4.34958,-0.479178,89613.6,43163.6
5.88,89613.5,43163.9,38.1922,0.173097,-0.430686,4.9025,-0.431095,89613.6,43163.6
5.89,89613.6,43164,38.2402,0.15263,-0.449477,5.32154,-0.379287,89613.6,43163.6
5.9,89613.6,43164,38.2926,0.129508,-0.467152,5.87486,-0.326605,89613.6,43163.6
5.91,89613.7,43164,38.3511,0.103051,-0.483736,6.60156,-0.273221,89613.6,43163.6
5.92,89613.7,43164.1,38.418,0.0723476,-0.499152,7.62096,-0.219301,89613.6,43163.8
5.93,89613.8,43164.1,38.4975,0.0358674,-0.513307,9.13347,-0.165741,89613.6,43163.8
5.94,89613.9,43164.2,38.5816,-0.00898346,-0.526039,9.72166,-0.11271,89613.6,43163.8
5.95,89613.9,43164.3,38.6688,-0.0349034,-0.457673,9.72171,-0.0699465,89613.7,43164
5.96,89614,43164.3,38.7558,-0.0778599,-0.463348,9.72171,-0.0381034,89613.7,43164
5.97,89614.1,43164.4,38.853,0.0119928,-0.0105734,9.7217,-0.0151713,89613.8,43164.1
5.98,89614.2,43164.4,38.9502,0.0109649,-0.0118026,9.7217,0.655773,89613.8,43164.1
5.99,89614.2,43164.5,38.9781,0.00981749,0.0505259,2.79198,0.659514,89614,43164.3
6,89614.2,43164.5,39.0059,0.0112276,0.0685651,2.78223,0.661311,89614,43164.3
6.01,89614.2,43164.5,39.0335,0.0131337,0.086608,2.77672,0.661235,89614,43164.3
6.02,89614.3,43164.5,39.0612,0.0155356,0.104612,2.77761,0.661038,89614,43164.3
6.03,89614.3,43164.5,39.0887,0.018436,0.122615,2.77774,0.661084,89614,43164.3
6.04,89614.3,43164.6,39.1162,0.0218334,0.140621,2.77761,0.660845,89614,43164.3
6.05,89614.3,43164.6,39.1437,0.0257264,0.158616,2.778,0.658333,89614.1,43164.4
6.06,89614.3,43164.6,39.1711,0.0301143,0.176521,2.78462,0.657924,89614.1,43164.4
6.07,89614.4,43164.6,39.1984,0.0350043,0.194454,2.78626,0.662154,89614.1,43164.4
6.08,89614.4,43164.6,39.2255,0.0403882,0.212554,2.77508,0.659332,89614.1,43164.4
6.09,89614.4,43164.7,39.2548,0.0462425,0.230478,3.00884,0.662868,89614.1,43164.4
6.1,89614.4,43164.7,39.2914,0.0531159,0.250053,3.77109,0.662973,89614.1,43164.4
6.11,89614.4,43164.7,39.3462,0.0624477,0.274593,5.69441,0.659731,89614.1,43164.4
6.12,89614.5,43164.8,39.4129,0.0778884,0.311401,7.00641,0.65602,89614.3,43164.5
6.13,89614.5,43164.8,39.4426,0.0993555,0.356344,3.16825,0.427346,89614.3,43164.5
6.14,89614.5,43164.9,39.4685,0.110408,0.368368,2.78353,0.269273,89614.3,43164.5
6.15,89614.5,43164.9,39.4944,0.120431,0.37477,2.78002,0.124808,89614.3,43164.5
6.16,89614.5,43164.9,39.5203,0.130608,0.377676,2.78334,0.00367054,89614.3,43164.5
6.17,89614.6,43164.9,39.5461,0.140872,0.377761,2.78131,-0.095295,89614.4,43164.6
6.18,89614.6,43165,39.572,0.15113,0.375546,2.77731,-0.184871,89614.4,43164.6
6.19,89614.6,43165,39.5979,0.161317,0.371218,2.7792,-0.24839,89614.4,43164.6
6.2,89614.6,43165,39.6238,0.171398,0.365344,2.77718,-0.318211,89614.4,43164.6
6.21,89614.6,43165,39.6498,0.18132,0.35772,2.77751,-0.374134,89614.4,43164.6
6.22,89614.6,43165.1,39.6759,0.191046,0.348633,2.77792,-0.418057,89614.4,43164.6
6.23,89614.6,43165.1,39.7021,0.200535,0.338349,2.77859,-0.450925,89614.4,43164.6
6.24,89614.7,43165.1,39.7284,0.209758,0.327137,2.77808,-0.473766,89614.6,43164.8
6.25,89614.7,43165.1,39.7548,0.218685,0.315267,2.77447,-0.504308,89614.6,43164.8
6.26,89614.7,43165.1,39.7813,0.227288,0.302507,2.77874,-0.52905,89614.6,43164.8
6.27,89614.7,43165.2,39.808,0.235566,0.288969,2.77843,-0.547824,89614.6,43164.8
6.28,89614.7,43165.2,39.8347,0.243484,0.274842,2.77829,-0.562457,89614.6,43164.8
6.29,89614.7,43165.2,39.8616,0.251024,0.260248,2.77978,-0.572157,89614.6,43164.8
6.3,89614.7,43165.2,39.8885,0.258177,0.245329,2.77777,-0.58152,89614.6,43164.8
6.31,89614.8,43165.3,39.9156,0.264923,0.230113,2.78174,-0.587554,89614.6,43164.8
6.32,89614.8,43165.3,39.9428,0.271268,0.214674,2.77934,-0.601396,89614.7,43164.9
6.33,89614.8,43165.3,39.97,0.277189,0.198781,2.77987,-0.61068,89614.7,43164.9
6.34,89614.8,43165.3,39.9974,0.282679,0.182567,2.78084,-0.614246,89614.7,43164.9
6.35,89614.8,43165.3,40.0248,0.287727,0.166223,2.77836,-0.617734,89614.7,43164.9
6.36,89614.9,43165.4,40.0523,0.292324,0.149773,2.78345,-0.619142,89614.7,43164.9
6.37,89614.9,43165.4,40.0798,0.296478,0.133244,2.77994,-0.624984,89614.7,43164.9
6.38,89614.9,43165.4,40.1074,0.300171,0.11653,2.77936,-0.627811,89614.7,43164.9
6.39,89614.9,43165.4,40.1351,0.303402,0.0997206,2.77948,-0.628252,89614.9,43165
6.4,89614.9,43165.4,40.1628,0.306169,0.0828945,2.77877,-0.630759,89614.9,43165
6.41,89615,43165.5,40.1905,0.30847,0.065984,2.77782,-0.629727,89614.9,43165
6.42,89615,43165.5,40.2182,0.310302,0.0491158,2.77697,-0.632931,89614.9,43165
6.43,89615,43165.5,40.246,0.311665,0.0321389,2.77966,-0.637468,89614.9,43165
6.44,89615,43165.5,40.2738,0.312558,0.0149834,2.77923,-0.638703,89614.9,43165
6.45,89615,43165.5,40.3016,0.312975,-0.00221375,2.77884,-0.63774,89614.9,43165
6.46,89615.1,43165.5,40.3294,0.312913,-0.0193739,2.78145,-0.62247,89615,43165.1
6.47,89615.1,43165.6,40.3572,0.312374,-0.036008,2.78065,-0.617945,89615,43165.1
6.48,89615.1,43165.6,40.3854,0.311373,-0.052479,2.82228,-0.618159,89615,43165.1
6.49,89615.1,43165.6,40.4139,0.309893,-0.0692041,2.8598,-0.616293,89615,43165.1
6.5,89615.2,43165.6,40.4428,0.307915,-0.0860847,2.90155,-0.612577,89615,43165.1
6.51,89615.2,43165.6,40.4721,0.305421,-0.103077,2.94701,-0.607121,89615,43165.1
6.52,89615.2,43165.6,40.5019,0.302388,-0.120137,2.99639,-0.600018,89615,43165.1
6.53,89615.2,43165.7,40.5321,0.298797,-0.13722,3.04988,-0.591811,89615.2,43165.3
6.54,89615.3,43165.7,40.5628,0.294625,-0.154304,3.10524,-0.582665,89615.2,43165.3
6.55,89615.3,43165.7,40.5938,0.289853,-0.171356,3.14868,-0.571975,89615.2,43165.3
6.56,89615.3,43165.7,40.6252,0.284484,-0.188248,3.19518,-0.559866,89615.2,43165.3
6.57,89615.3,43165.7,40.657,0.278504,-0.204937,3.24458,-0.546417,89615.2,43165.3
6.58,89615.4,43165.7,40.6891,0.271901,-0.221381,3.29692,-0.531708,89615.2,43165.3
6.59,89615.4,43165.8,40.7217,0.264662,-0.237541,3.35224,-0.522393,89615.2,43165.3
6.6,89615.4,43165.8,40.7543,0.256774,-0.253625,3.37118,-0.514171,89615.4,43165.4
6.61,89615.5,43165.8,40.7869,0.248315,-0.269493,3.37777,-0.503644,89615.4,43165.4
6.62,89615.5,43165.8,40.8194,0.239322,-0.285004,3.385,-0.491504,89615.4,43165.4
6.63,89615.5,43165.8,40.8518,0.229805,-0.300105,3.39333,-0.478631,89615.4,43165.4
6.64,89615.6,43165.8,40.8842,0.219773,-0.314777,3.40841,-0.490665,89615.4,43165.4
6.65,89615.6,43165.8,40.9189,0.209221,-0.329952,3.662,-0.500306,89615.4,43165.4
6.66,89615.6,43165.8,40.9566,0.197356,-0.346635,4.01001,-0.508126,89615.5,43165.5
6.67,89615.7,43165.9,40.9992,0.183733,-0.365245,4.56138,-0.476311,89615.5,43165.5
6.68,89615.7,43165.9,41.0458,0.16744,-0.384856,5.03315,-0.425767,89615.5,43165.5
6.69,89615.8,43165.9,41.0965,0.148545,-0.403878,5.51214,-0.372677,89615.5,43165.5
6.7,89615.8,43165.9,41.1526,0.126883,-0.421836,6.14475,-0.318258,89615.7,43165.6
6.71,89615.9,43165.9,41.2162,0.101724,-0.438706,7.02738,-0.263102,89615.7,43165.6
6.72,89616,43165.9,41.291,0.0718737,-0.454479,8.33188,-0.207155,89615.7,43165.6
6.73,89616.1,43166,41.3778,0.0352972,-0.469072,9.72159,-0.150574,89615.7,43165.6
6.74,89616.2,43166,41.4639,-0.00865005,-0.481363,9.72159,-0.0969205,89615.8,43165.8
6.75,89616.3,43166,41.5497,-0.0536598,-0.48924,9.72162,-0.0575401,89615.8,43165.8
6.76,89616.4,43166,41.6452,-0.00662261,-0.189343,9.72164,-0.0306159,89616,43165.9
6.77,89616.5,43166,41.7407,-0.0249201,-0.191824,9.72162,-0.0104454,89616,43165.9
6.78,89616.6,43166,41.8379,0.0123016,-0.0121523,9.72164,0.655152,89616.2,43166
6.79,89616.6,43166.1,41.8658,0.0111202,0.0500957,2.7935,0.657442,89616.2,43166
6.8,89616.6,43166.1,41.8936,0.0125191,0.0680676,2.78756,0.658493,89616.2,43166
6.81,89616.6,43166.1,41.9213,0.014415,0.0860402,2.78533,0.661173,89616.4,43166
6.82,89616.7,43166.1,41.949,0.0168086,0.104098,2.77818,0.659566,89616.4,43166
6.83,89616.7,43166.1,41.9766,0.0196954,0.12205,2.78159,0.659421,89616.4,43166
6.84,89616.7,43166.1,42.0041,0.0230819,0.140019,2.78155,0.663246,89616.4,43166
6.85,89616.7,43166.1,42.0315,0.0269639,0.158129,2.77218,0.660701,89616.4,43166
6.86,89616.8,43166.1,42.0588,0.0313292,0.176084,2.77902,0.657675,89616.4,43166
6.87,89616.8,43166.1,42.0862,0.0361974,0.193972,2.78681,0.657067,89616.4,43166
6.88,89616.8,43166.1,42.1135,0.0415692,0.211887,2.78868,0.660921,89616.4,43166
6.89,89616.8,43166.1,42.1405,0.0474339,0.229957,2.77926,0.663716,89616.6,43166
6.9,89616.9,43166.2,42.1717,0.0537688,0.24807,3.22086,0.662324,89616.6,43166
6.91,89616.9,43166.2,42.2114,0.0616771,0.269001,4.10962,0.659353,89616.6,43166
6.92,89617,43166.2,42.2841,0.0725992,0.295545,7.60406,0.656614,89616.6,43166
6.93,89617,43166.2,42.3328,0.0947469,0.344382,5.17672,0.645781,89616.6,43166
6.94,89617,43166.3,42.3587,0.112224,0.37689,2.78289,0.355562,89616.8,43166.1
6.95,89617.1,43166.3,42.3845,0.122466,0.385502,2.78071,0.213713,89616.8,43166.1
6.96,89617.1,43166.3,42.4102,0.132922,0.390531,2.77829,0.0879013,89616.8,43166.1
6.97,89617.1,43166.3,42.4358,0.143499,0.392571,2.77509,-0.0294699,89616.8,43166.1
6.98,89617.1,43166.3,42.4615,0.154115,0.39189,2.77585,-0.116319,89616.8,43166.1
6.99,89617.2,43166.3,42.4871,0.164717,0.389187,2.77314,-0.205673,89616.8,43166.1
7,89617.2,43166.3,42.5129,0.175239,0.384365,2.77652,-0.282044,89616.8,43166.1
7.01,89617.2,43166.4,42.5387,0.185651,0.377661,2.77874,-0.337961,89616.9,43166.1
7.02,89617.2,43166.4,42.5646,0.195897,0.369523,2.77732,-0.382868,89616.9,43166.1
7.03,89617.3,43166.4,42.5906,0.205928,0.360202,2.77615,-0.421764,89616.9,43166.1
7.04,89617.3,43166.4,42.6167,0.215713,0.349821,2.78021,-0.449311,89616.9,43166.1
7.05,89617.3,43166.4,42.6429,0.225241,0.338649,2.7769,-0.482434,89616.9,43166.1
7.06,89617.3,43166.4,42.6692,0.234467,0.32653,2.77756,-0.508283,89616.9,43166.1
7.07,89617.4,43166.4,42.6956,0.243376,0.313635,2.77818,-0.528123,89616.9,43166.1
7.08,89617.4,43166.5,42.7221,0.251947,0.300129,2.77845,-0.542341,89617.1,43166.1
7.09,89617.4,43166.5,42.7488,0.260161,0.286176,2.77752,-0.551407,89617.1,43166.1
7.1,89617.4,43166.5,42.7755,0.268002,0.27194,2.77585,-0.569715,89617.1,43166.1
7.11,89617.5,43166.5,42.8024,0.275458,0.257123,2.7797,-0.583855,89617.1,43166.1
7.12,89617.5,43166.5,42.8294,0.282527,0.241818,2.77929,-0.593545,89617.1,43166.1
7.13,89617.5,43166.5,42.8565,0.289182,0.226192,2.77926,-0.600486,89617.1,43166.1
7.14,89617.5,43166.5,42.8837,0.295415,0.21033,2.78019,-0.603312,89617.1,43166.1
7.15,89617.6,43166.5,42.911,0.30122,0.194367,2.78048,-0.603487,89617.1,43166.1
7.16,89617.6,43166.5,42.9383,0.30659,0.178396,2.77593,-0.611756,89617.3,43166.2
7.17,89617.6,43166.6,42.9657,0.311516,0.162168,2.7793,-0.621033,89617.3,43166.2
7.18,89617.6,43166.6,42.9932,0.316003,0.145597,2.78002,-0.626525,89617.3,43166.2
7.19,89617.7,43166.6,43.0208,0.320037,0.128829,2.77983,-0.628014,89617.3,43166.2
7.2,89617.7,43166.6,43.0484,0.323608,0.112009,2.77885,-0.626548,89617.3,43166.2
7.21,89617.7,43166.6,43.076,0.326714,0.0952468,2.77343,-0.63072,89617.3,43166.2
7.22,89617.7,43166.6,43.1037,0.329352,0.0783701,2.77989,-0.633925,89617.3,43166.2
7.23,89617.8,43166.6,43.1315,0.331528,0.0613399,2.77928,-0.635253,89617.5,43166.2
7.24,89617.8,43166.6,43.1592,0.333232,0.0442661,2.78003,-0.633974,89617.5,43166.2
7.25,89617.8,43166.6,43.187,0.334462,0.0272333,2.77817,-0.63626,89617.5,43166.2
7.26,89617.8,43166.6,43.2148,0.335219,0.0101303,2.78379,-0.633453,89617.5,43166.2
7.27,89617.9,43166.6,43.2426,0.335501,-0.00690689,2.78022,-0.637882,89617.5,43166.2
7.28,89617.9,43166.6,43.2704,0.335309,-0.0240807,2.77949,-0.640811,89617.5,43166.2
7.29,89617.9,43166.6,43.2982,0.334639,-0.0413553,2.78007,-0.64174,89617.5,43166.2
7.3,89618,43166.6,43.326,0.33349,-0.0586672,2.78079,-0.637134,89617.7,43166.3
7.31,89618,43166.6,43.3537,0.331859,-0.0758176,2.78542,-0.620668,89617.7,43166.3
7.32,89618,43166.6,43.3815,0.32975,-0.0924122,2.78407,-0.620698,89617.7,43166.3
7.33,89618,43166.7,43.4096,0.32718,-0.109,2.83246,-0.619931,89617.7,43166.3
7.34,89618.1,43166.7,43.4381,0.324099,-0.125848,2.87177,-0.61723,89617.7,43166.3
7.35,89618.1,43166.7,43.467,0.320495,-0.142833,2.915,-0.612737,89617.7,43166.3
7.36,89618.1,43166.7,43.4962,0.316345,-0.15991,2.96199,-0.606553,89617.7,43166.3
7.37,89618.2,43166.7,43.5259,0.311629,-0.177036,3.01297,-0.599174,89617.9,43166.3
7.38,89618.2,43166.7,43.556,0.306323,-0.194182,3.06786,-0.5901,89617.9,43166.3
7.39,89618.2,43166.7,43.5865,0.300403,-0.211304,3.11998,-0.580316,89617.9,43166.3
7.4,89618.3,43166.7,43.6173,0.293859,-0.22835,3.16467,-0.569033,89617.9,43166.3
7.41,89618.3,43166.7,43.6485,0.286695,-0.245218,3.21237,-0.556363,89617.9,43166.3
7.42,89618.3,43166.7,43.68,0.278897,-0.261866,3.263,-0.542385,89617.9,43166.3
7.43,89618.4,43166.6,43.7119,0.270449,-0.278253,3.31659,-0.527656,89617.9,43166.3
7.44,89618.4,43166.6,43.7441,0.261339,-0.29436,3.37033,-0.520647,89618.1,43166.3
7.45,89618.4,43166.6,43.7763,0.251561,-0.310465,3.37599,-0.511225,89618.1,43166.3
7.46,89618.5,43166.6,43.8083,0.241247,-0.326247,3.38247,-0.500078,89618.1,43166.3
7.47,89618.5,43166.6,43.8402,0.230407,-0.341649,3.39016,-0.487374,89618.1,43166.3
7.48,89618.5,43166.6,43.8721,0.219049,-0.356623,3.3989,-0.483802,89618.1,43166.3
7.49,89618.6,43166.6,43.9047,0.207183,-0.371506,3.49691,-0.494959,89618.1,43166.3
7.5,89618.6,43166.6,43.9397,0.194488,-0.387235,3.78162,-0.503959,89618.3,43166.4
7.51,89618.6,43166.6,43.9782,0.180208,-0.404613,4.19221,-0.504439,89618.3,43166.4
7.52,89618.7,43166.6,44.022,0.163704,-0.4239,4.80073,-0.457126,89618.3,43166.4
7.53,89618.7,43166.6,44.069,0.143958,-0.443578,5.2007,-0.404924,89618.3,43166.4
7.54,89618.8,43166.6,44.1203,0.121638,-0.462154,5.73844,-0.351532,89618.3,43166.4
7.55,89618.8,43166.5,44.1775,0.0960517,-0.479693,6.44598,-0.296854,89618.5,43166.4
7.56,89618.9,43166.5,44.2431,0.066303,-0.496124,7.4613,-0.241538,89618.5,43166.4
7.57,89619,43166.5,44.322,0.0307857,-0.511441,9.03907,-0.185493,89618.5,43166.4
7.58,89619.1,43166.5,44.406,-0.0134547,-0.525576,9.72159,-0.128198,89618.7,43166.5
7.59,89619.2,43166.4,44.4896,-0.062229,-0.536019,9.72159,-0.0807961,89618.7,43166.5
7.6,89619.3,43166.4,44.5862,0.00530293,-0.115157,9.72164,-0.0470688,89618.9,43166.5
7.61,89619.4,43166.4,44.6827,-0.00586749,-0.118973,9.72164,-0.0218309,89618.9,43166.5
7.62,89619.5,43166.3,44.7792,-0.0174064,-0.120742,9.72165,0.658723,89618.9,43166.5
7.63,89619.5,43166.3,44.807,0.0119522,0.0509967,2.78409,0.660401,89619.1,43166.4
7.64,89619.5,43166.3,44.8348,0.0133713,0.0690179,2.77961,0.658916,89619.1,43166.4
7.65,89619.5,43166.3,44.8625,0.0152882,0.0869549,2.78318,0.660124,89619.1,43166.4
7.66,89619.6,43166.3,44.8901,0.0177053,0.10496,2.77997,0.661718,89619.1,43166.4
7.67,89619.6,43166.3,44.9177,0.0206178,0.123003,2.77605,0.661278,89619.3,43166.4
7.68,89619.6,43166.3,44.9452,0.0240238,0.141005,2.77649,0.660275,89619.3,43166.4
7.69,89619.6,43166.3,44.9726,0.0279259,0.158972,2.77929,0.658432,89619.3,43166.4
7.7,89619.7,43166.3,45,0.0323256,0.176889,2.78458,0.662526,89619.3,43166.4
7.71,89619.7,43166.3,45.0273,0.0372255,0.194993,2.77625,0.655849,89619.3,43166.4
7.72,89619.7,43166.3,45.0562,0.0426048,0.212795,2.96314,0.657906,89619.3,43166.4
7.73,89619.8,43166.3,45.0917,0.0488627,0.231876,3.63906,0.661622,89619.3,43166.4
7.74,89619.8,43166.3,45.1453,0.0572254,0.255491,5.54247,0.661881,89619.5,43166.3
7.75,89619.9,43166.3,45.2182,0.0712324,0.291477,7.60922,0.656617,89619.5,43166.3
7.76,89619.9,43166.3,45.2493,0.0930988,0.340347,3.29918,0.430735,89619.5,43166.3
7.77,89620,43166.3,45.2754,0.104112,0.35298,2.78279,0.255749,89619.5,43166.3
7.78,89620,43166.3,45.3014,0.113732,0.359044,2.78112,0.118904,89619.5,43166.3
7.79,89620,43166.3,45.3275,0.123504,0.361813,2.78479,0.0133397,89619.7,43166.2
7.8,89620,43166.3,45.3535,0.133361,0.362122,2.78073,-0.0961038,89619.7,43166.2
7.81,89620.1,43166.3,45.3795,0.143212,0.359888,2.78132,-0.187228,89619.7,43166.2
7.82,89620.1,43166.3,45.4056,0.153007,0.355497,2.7814,-0.257896,89619.7,43166.2
7.83,89620.1,43166.3,45.4317,0.162688,0.349384,2.77927,-0.315289,89619.7,43166.2
7.84,89620.2,43166.3,45.4579,0.172202,0.341829,2.77737,-0.362974,89619.7,43166.2
7.85,89620.2,43166.3,45.4841,0.181512,0.333039,2.77908,-0.402482,89619.7,43166.2
7.86,89620.2,43166.3,45.5105,0.190598,0.32318,2.77763,-0.442891,89619.7,43166.2
7.87,89620.2,43166.3,45.5369,0.199419,0.312201,2.77793,-0.474653,89619.9,43166.2
7.88,89620.3,43166.3,45.5634,0.207951,0.300306,2.7791,-0.498327,89619.9,43166.2
7.89,89620.3,43166.3,45.5901,0.216172,0.287704,2.77961,-0.515318,89619.9,43166.2
7.9,89620.3,43166.3,45.6168,0.224059,0.274585,2.7784,-0.530124,89619.9,43166.2
7.91,89620.3,43166.2,45.6437,0.231593,0.261015,2.78044,-0.544519,89619.9,43166.2
7.92,89620.4,43166.2,45.6707,0.238768,0.246984,2.77988,-0.561886,89619.9,43166.2
7.93,89620.4,43166.2,45.6977,0.245564,0.232399,2.78055,-0.573162,89619.9,43166.2
7.94,89620.4,43166.2,45.7248,0.251968,0.217443,2.77806,-0.582052,89620,43166.1
7.95,89620.5,43166.2,45.7521,0.257962,0.202208,2.78015,-0.583997,89620,43166.1
7.96,89620.5,43166.2,45.7793,0.263545,0.186896,2.77453,-0.591635,89620,43166.1
7.97,89620.5,43166.2,45.8067,0.2687,0.171361,2.77902,-0.598502,89620,43166.1
7.98,89620.5,43166.2,45.8342,0.273439,0.155568,2.77942,-0.602586,89620,43166.1
7.99,89620.6,43166.2,45.8617,0.277746,0.139634,2.78122,-0.603518,89620,43166.1
8,89620.6,43166.2,45.8893,0.281617,0.123658,2.77916,-0.60629,89620,43166.1
8.01,89620.6,43166.2,45.9169,0.285045,0.107599,2.77598,-0.609043,89620.2,43166
8.02,89620.6,43166.2,45.9446,0.288026,0.0914635,2.77927,-0.611806,89620.2,43166
8.03,89620.7,43166.2,45.9723,0.290564,0.0752138,2.78149,-0.614808,89620.2,43166
8.04,89620.7,43166.2,46.0001,0.292654,0.058847,2.7792,-0.619376,89620.2,43166
8.05,89620.7,43166.2,46.0279,0.294289,0.0423347,2.78533,-0.617956,89620.2,43166
8.06,89620.8,43166.2,46.056,0.295468,0.0258356,2.80856,-0.607497,89620.2,43166
8.07,89620.8,43166.2,46.084,0.296193,0.00956469,2.80473,-0.609434,89620.2,43166
8.08,89620.8,43166.1,46.1125,0.296461,-0.0067513,2.85076,-0.608024,89620.2,43166
8.09,89620.8,43166.1,46.1414,0.296269,-0.0232853,2.8912,-0.604846,89620.4,43166
8.1,89620.9,43166.1,46.1707,0.295596,-0.0399404,2.93515,-0.599813,89620.4,43166
8.11,89620.9,43166.1,46.2005,0.294424,-0.0566674,2.98281,-0.593136,89620.4,43166
8.12,89620.9,43166.1,46.2308,0.292734,-0.0734235,3.03421,-0.58488,89620.4,43166
8.13,89620.9,43166.1,46.2616,0.290509,-0.0901664,3.08975,-0.57512,89620.4,43166
8.14,89621,43166.1,46.2929,0.287727,-0.106857,3.14967,-0.564557,89620.4,43166
8.15,89621,43166.1,46.3247,0.284367,-0.123479,3.20263,-0.553181,89620.6,43165.9
8.16,89621,43166,46.3568,0.280423,-0.139959,3.25099,-0.540218,89620.6,43165.9
8.17,89621.1,43166,46.3895,0.275888,-0.156207,3.30258,-0.52597,89620.6,43165.9
8.18,89621.1,43166,46.4225,0.27075,-0.172184,3.35712,-0.510517,89620.6,43165.9
8.19,89621.1,43166,46.4561,0.264998,-0.187851,3.41468,-0.495194,89620.6,43165.9
8.2,89621.1,43166,46.4901,0.258621,-0.203219,3.46748,-0.486454,89620.6,43165.9
8.21,89621.2,43166,46.524,0.251623,-0.218501,3.47387,-0.47595,89620.8,43165.8
8.22,89621.2,43165.9,46.5578,0.244093,-0.233423,3.48188,-0.463666,89620.8,43165.8
8.23,89621.2,43165.9,46.5917,0.236039,-0.247932,3.49088,-0.449936,89620.8,43165.8
8.24,89621.3,43165.9,46.6255,0.227472,-0.261982,3.50089,-0.455207,89620.8,43165.8
8.25,89621.3,43165.9,46.6611,0.218405,-0.276262,3.69898,-0.464702,89620.8,43165.8
8.26,89621.3,43165.9,46.6997,0.208315,-0.291715,4.03403,-0.472221,89620.8,43165.8
8.27,89621.4,43165.8,46.743,0.196714,-0.308886,4.54584,-0.444426,89621,43165.8
8.28,89621.4,43165.8,46.7904,0.182895,-0.326925,5.0037,-0.396269,89621,43165.8
8.29,89621.4,43165.8,46.8415,0.166826,-0.344371,5.43194,-0.346121,89621,43165.8
8.3,89621.5,43165.7,46.8975,0.148488,-0.360696,5.97797,-0.295601,89621,43165.8
8.31,89621.5,43165.7,46.9596,0.12739,-0.375866,6.68309,-0.245053,89621.2,43165.7
8.32,89621.6,43165.6,47.0304,0.102858,-0.389794,7.64768,-0.19503,89621.2,43165.7
8.33,89621.7,43165.6,47.1137,0.0737967,-0.402383,9.06073,-0.145965,89621.2,43165.7
8.34,89621.7,43165.5,47.2028,0.0383137,-0.413483,9.7217,-0.0982282,89621.4,43165.6
8.35,89621.8,43165.4,47.2915,-0.000748196,-0.421467,9.7217,-0.0591807,89621.4,43165.6
8.36,89621.9,43165.4,47.3821,-0.0247354,-0.371833,9.7217,-0.0311711,89621.5,43165.6
8.37,89621.9,43165.3,47.4725,-0.0600567,-0.374359,9.7217,-0.0114431,89621.5,43165.6
8.38,89622,43165.2,47.563,-0.0956067,-0.375286,9.7217,0.00163779,89621.5,43165.6
8.39,89622.1,43165.2,47.6602,0.00701151,-0.0112546,9.7217,0.00989656,89621.7,43165.5
8.4,89622.2,43165.1,47.7574,0.00591739,-0.0104528,9.7217,0.659567,89621.7,43165.5
8.41,89622.2,43165.1,47.7852,0.00490122,0.0523665,2.78113,0.659763,89621.9,43165.4
8.42,89622.2,43165.1,47.818,0.00635694,0.0703448,3.29277,0.659731,89621.9,43165.4
8.43,89622.2,43165,47.857,0.00867132,0.0916291,3.91261,0.660015,89621.9,43165.4
8.44,89622.3,43165,47.9112,0.0122514,0.116935,5.46124,0.659861,89621.9,43165.4
8.45,89622.4,43164.9,48.0073,0.0186229,0.152245,9.72142,0.613219,89622,43165.2
8.46,89622.4,43164.9,48.0543,0.0333663,0.209255,4.80647,0.233352,89622,43165.2
8.47,89622.4,43164.9,48.0916,0.0433508,0.218775,3.81638,0.0758939,89622,43165.2
8.48,89622.5,43164.9,48.1269,0.0516337,0.221194,3.61919,-0.028966,89622.2,43165.1
8.49,89622.5,43164.9,48.1612,0.059574,0.22032,3.51413,-0.112382,89622.2,43165.1
8.5,89622.5,43164.8,48.1949,0.0672538,0.217015,3.44815,-0.179523,89622.2,43165.1
8.51,89622.5,43164.8,48.2282,0.0746782,0.2118,3.40729,-0.233577,89622.2,43165.1
8.52,89622.6,43164.8,48.2613,0.081841,0.205045,3.38461,-0.27713,89622.2,43165.1
8.53,89622.6,43164.8,48.2944,0.0887324,0.197022,3.37352,-0.312341,89622.2,43165.1
8.54,89622.6,43164.8,48.3275,0.0953361,0.187944,3.36665,-0.340239,89622.3,43164.9
8.55,89622.7,43164.7,48.3606,0.101626,0.178012,3.36791,-0.361936,89622.3,43164.9
8.56,89622.7,43164.7,48.3939,0.10759,0.167386,3.37613,-0.378372,89622.3,43164.9
8.57,89622.7,43164.7,48.4274,0.113215,0.156202,3.39045,-0.390299,89622.3,43164.9
8.58,89622.7,43164.7,48.4611,0.118489,0.144578,3.41026,-0.398328,89622.3,43164.9
8.59,89622.8,43164.7,48.4952,0.123403,0.132619,3.43504,-0.402956,89622.3,43164.9
8.6,89622.8,43164.6,48.5296,0.127945,0.120416,3.46446,-0.404591,89622.5,43164.8
8.61,89622.8,43164.6,48.5644,0.132106,0.108053,3.49819,-0.407447,89622.5,43164.8
8.62,89622.9,43164.6,48.5993,0.135879,0.0954717,3.5128,-0.410891,89622.5,43164.8
8.63,89622.9,43164.6,48.6343,0.139228,0.0827175,3.51013,-0.411519,89622.5,43164.8
8.64,89622.9,43164.6,48.6693,0.142128,0.0699512,3.5095,-0.40962,89622.5,43164.8
8.65,89622.9,43164.5,48.7044,0.144581,0.0572533,3.51071,-0.405481,89622.5,43164.8
8.66,89623,43164.5,48.7395,0.14659,0.0446946,3.51352,-0.402267,89622.6,43164.7
8.67,89623,43164.5,48.7749,0.148159,0.0322372,3.5421,-0.417259,89622.6,43164.7
8.68,89623,43164.5,48.8125,0.149301,0.0191524,3.76353,-0.429879,89622.6,43164.7
8.69,89623,43164.4,48.8531,0.150022,0.00477338,4.06404,-0.440688,89622.6,43164.7
8.7,89623.1,43164.4,48.8983,0.150216,-0.011199,4.51735,-0.421567,89622.6,43164.7
8.71,89623.1,43164.4,48.9477,0.14971,-0.0280809,4.93639,-0.381643,89622.7,43164.5
8.72,89623.1,43164.3,49.0006,0.148324,-0.0445897,5.30043,-0.339955,89622.7,43164.5
8.73,89623.2,43164.3,49.058,0.145961,-0.0602121,5.75221,-0.297833,89622.7,43164.5
8.74,89623.2,43164.2,49.121,0.1425,-0.0749264,6.31347,-0.255505,89622.7,43164.5
8.75,89623.3,43164.2,49.1911,0.137774,-0.0886695,7.03647,-0.213317,89622.9,43164.4
8.76,89623.3,43164.1,49.2708,0.131543,-0.101371,8.01397,-0.171621,89622.9,43164.4
8.77,89623.4,43164.1,49.3646,0.123433,-0.112946,9.43656,-0.130777,89622.9,43164.4
8.78,89623.5,43164,49.4611,0.112797,-0.123289,9.7217,-0.0911006,89623,43164.2
8.79,89623.5,43163.9,49.5574,0.100842,-0.13069,9.7217,-0.0594482,89623,43164.2
8.8,89623.6,43163.8,49.6538,0.0881726,-0.135512,9.7217,-0.0358547,89623.2,43164.1
8.81,89623.6,43163.8,49.7501,0.0750388,-0.138418,9.7217,-0.0188195,89623.2,43164.1
8.82,89623.7,43163.7,49.8463,0.0616252,-0.139943,9.7217,-0.00697391,89623.3,43164
8.83,89623.8,43163.6,49.9426,0.0480647,-0.140508,9.7217,0.000879435,89623.3,43164
8.84,89623.8,43163.5,50.0388,0.0344498,-0.140437,9.7217,0.0057411,89623.5,43163.8
8.85,89623.9,43163.4,50.1351,0.0208418,-0.139972,9.7217,0.00842411,89623.5,43163.8
8.86,89623.9,43163.4,50.2314,0.00727859,-0.139289,9.7217,0.00958128,89623.6,43163.7
8.87,89624,43163.3,50.3277,-0.00621893,-0.138513,9.7217,0.00970126,89623.6,43163.7
8.88,89624.1,43163.2,50.4241,-0.0151876,-0.125071,9.7217,0.00915664,89623.8,43163.6
8.89,89624.1,43163.1,50.5206,-0.0273149,-0.124329,9.7217,0.00825681,89623.8,43163.6
8.9,89624.2,43163.1,50.6178,0.00259489,-0.00260089,9.7217,0.00718465,89623.9,43163.4
8.91,89624.2,43163,50.715,0.00234204,-0.00201882,9.7217,0.657553,89623.9,43163.4
8.92,89624.3,43163,50.7428,0.00214578,0.0605396,2.78757,0.656358,89624,43163.3
8.93,89624.3,43163,50.7705,0.00383233,0.0784332,2.77293,0.660025,89624,43163.3
8.94,89624.3,43162.9,50.7982,0.006005,0.0963681,2.78007,0.658053,89624,43163.3
8.95,89624.3,43162.9,50.8303,0.00867995,0.114276,3.23854,0.659346,89624,43163.3
8.96,89624.3,43162.9,50.8689,0.0123728,0.135193,3.89664,0.659823,89624,43163.3
8.97,89624.4,43162.8,50.9248,0.0176247,0.160386,5.65471,0.660363,89624,43163.3
8.98,89624.5,43162.8,51.0201,0.0266553,0.196985,9.72138,0.627281,89624.1,43163.1
8.99,89624.5,43162.8,51.0613,0.0456813,0.255715,4.25306,0.184645,89624.1,43163.1
9,89624.5,43162.7,51.0939,0.0564389,0.262335,3.37769,0.0300756,89624.1,43163.1
9.01,89624.5,43162.7,51.1252,0.0651985,0.263182,3.24003,-0.0734176,89624.3,43162.9
9.02,89624.6,43162.7,51.1558,0.0736276,0.261196,3.17066,-0.15771,89624.3,43162.9
9.03,89624.6,43162.7,51.186,0.0818153,0.256994,3.12613,-0.226602,89624.3,43162.9
9.04,89624.6,43162.7,51.216,0.0897612,0.250987,3.09782,-0.282567,89624.3,43162.9
9.05,89624.6,43162.6,51.2459,0.0974549,0.243492,3.08118,-0.328137,89624.3,43162.9
9.06,89624.7,43162.6,51.2758,0.104883,0.234751,3.07471,-0.365054,89624.3,43162.9
9.07,89624.7,43162.6,51.3058,0.112035,0.224958,3.07678,-0.394739,89624.3,43162.9
9.08,89624.7,43162.6,51.336,0.118898,0.214277,3.0862,-0.418318,89624.4,43162.8
9.09,89624.7,43162.6,51.3664,0.125461,0.202843,3.10222,-0.436702,89624.4,43162.8
9.1,89624.8,43162.5,51.397,0.131711,0.190777,3.12426,-0.45061,89624.4,43162.8
9.11,89624.8,43162.5,51.4281,0.137635,0.178181,3.15198,-0.46062,89624.4,43162.8
9.12,89624.8,43162.5,51.4595,0.143221,0.165147,3.18514,-0.467203,89624.4,43162.8
9.13,89624.8,43162.5,51.4914,0.148458,0.151757,3.22361,-0.471027,89624.4,43162.8
9.14,89624.9,43162.5,51.5237,0.153331,0.138077,3.26259,-0.472792,89624.5,43162.6
9.15,89624.9,43162.4,51.5564,0.157822,0.12417,3.29414,-0.471983,89624.5,43162.6
9.16,89624.9,43162.4,51.5894,0.161901,0.110158,3.32947,-0.468837,89624.5,43162.6
9.17,89624.9,43162.4,51.623,0.165562,0.0961043,3.36836,-0.46358,89624.5,43162.6
9.18,89625,43162.4,51.657,0.168794,0.0820718,3.41072,-0.45641,89624.5,43162.6
9.19,89625,43162.3,51.6915,0.17159,0.0681167,3.45649,-0.4475,89624.5,43162.6
9.2,89625,43162.3,51.7265,0.173943,0.0542915,3.50562,-0.444728,89624.6,43162.5
9.21,89625,43162.3,51.7615,0.175845,0.0403692,3.5098,-0.440108,89624.6,43162.5
9.22,89625,43162.3,51.7966,0.177261,0.0265958,3.51306,-0.433402,89624.6,43162.5
9.23,89625.1,43162.2,51.8318,0.178196,0.0130487,3.51786,-0.42484,89624.6,43162.5
9.24,89625.1,43162.2,51.8671,0.178655,-0.000213342,3.52402,-0.418999,89624.6,43162.5
9.25,89625.1,43162.2,51.9027,0.178647,-0.0132925,3.56898,-0.431803,89624.6,43162.5
9.26,89625.1,43162.1,51.9409,0.178173,-0.0269976,3.82101,-0.442298,89624.8,43162.3
9.27,89625.2,43162.1,51.9826,0.177141,-0.0420775,4.16928,-0.450939,89624.8,43162.3
9.28,89625.2,43162.1,52.0297,0.175387,-0.058901,4.715,-0.413445,89624.8,43162.3
9.29,89625.2,43162,52.0802,0.172612,-0.0761395,5.0673,-0.369032,89624.8,43162.3
9.3,89625.2,43162,52.1348,0.168757,-0.092471,5.48283,-0.323978,89624.8,43162.3
9.31,89625.3,43161.9,52.1944,0.163695,-0.107814,5.9942,-0.278705,89624.9,43162.2
9.32,89625.3,43161.9,52.2603,0.157244,-0.122108,6.64151,-0.233598,89624.9,43162.2
9.33,89625.4,43161.8,52.3346,0.149155,-0.135277,7.495,-0.189089,89624.9,43162.2
9.34,89625.4,43161.7,52.4205,0.139047,-0.14723,8.6881,-0.145633,89625,43162
9.35,89625.4,43161.7,52.5165,0.126301,-0.157849,9.7217,-0.103669,89625,43162
9.36,89625.5,43161.6,52.6124,0.111019,-0.166278,9.7217,-0.066663,89625.1,43161.9
9.37,89625.5,43161.5,52.7082,0.0949287,-0.171687,9.7217,-0.0392221,89625.1,43161.9
9.38,89625.6,43161.4,52.8039,0.0783197,-0.174866,9.7217,-0.0195647,89625.3,43161.7
9.39,89625.6,43161.3,52.8996,0.0614062,-0.176451,9.7217,-0.00602182,89625.3,43161.7
9.4,89625.7,43161.2,52.9953,0.044341,-0.176939,9.7217,0.00283301,89625.4,43161.5
9.41,89625.7,43161.1,53.091,0.0272292,-0.17671,9.7217,0.00819801,89625.4,43161.5
9.42,89625.8,43161.1,53.1867,0.0101393,-0.176045,9.7217,0.0110535,89625.5,43161.4
9.43,89625.8,43161,53.2825,-0.00688706,-0.17515,9.7217,0.0121371,89625.5,43161.4
9.44,89625.9,43160.9,53.3788,-0.0112682,-0.133603,9.7217,0.0120286,89625.6,43161.2
9.45,89625.9,43160.8,53.4752,-0.024218,-0.132628,9.7217,0.0112399,89625.6,43161.2
9.46,89626,43160.7,53.5716,-0.037074,-0.131718,9.7217,0.0100428,89625.6,43161.2
9.47,89626,43160.6,53.6688,0.0014977,-0.00307776,9.7217,0.660193,89625.8,43161.1
9.48,89626,43160.6,53.7214,0.00119849,0.0598227,5.26912,0.528814,89625.8,43161.1
9.49,89626.1,43160.5,53.818,0.00434875,0.0854801,9.70044,0.375065,89625.9,43160.9
9.5,89626.1,43160.4,53.884,0.0126306,0.117306,6.64708,0.105833,89625.9,43160.9
9.51,89626.2,43160.4,53.9342,0.0204101,0.12319,5.05559,-0.0215039,89626,43160.7
9.52,89626.2,43160.4,53.9813,0.0266224,0.122284,4.7397,-0.0878921,89626,43160.7
9.53,89626.2,43160.3,54.027,0.0324038,0.118803,4.60653,-0.128392,89626,43160.7
9.54,89626.2,43160.3,54.0716,0.0378637,0.113847,4.49001,-0.164889,89626,43160.7
9.55,89626.3,43160.3,54.116,0.0429644,0.107621,4.46348,-0.197497,89626,43160.7
9.56,89626.3,43160.2,54.1609,0.0477588,0.100178,4.51278,-0.22687,89626.1,43160.5
9.57,89626.3,43160.2,54.2071,0.0522721,0.091497,4.63905,-0.242503,89626.1,43160.5
9.58,89626.3,43160.1,54.2545,0.0565107,0.081934,4.75894,-0.248253,89626.1,43160.5
9.59,89626.4,43160.1,54.3031,0.0604056,0.0718814,4.87369,-0.249559,89626.1,43160.5
9.6,89626.4,43160.1,54.3532,0.0639058,0.06153,5.01363,-0.246992,89626.1,43160.4
9.61,89626.4,43160,54.4049,0.0669888,0.0509955,5.18017,-0.241078,89626.1,43160.4
9.62,89626.4,43160,54.4586,0.0696293,0.0403822,5.37645,-0.232262,89626.1,43160.4
9.63,89626.5,43159.9,54.5147,0.0717998,0.0297847,5.6069,-0.22093,89626.1,43160.4
9.64,89626.5,43159.9,54.5734,0.0734696,0.0192907,5.8777,-0.207433,89626.2,43160.2
9.65,89626.5,43159.8,54.6354,0.0746033,0.00898215,6.19724,-0.192096,89626.2,43160.2
9.66,89626.6,43159.8,54.7012,0.07516,-0.00106228,6.57726,-0.175231,89626.2,43160.2
9.67,89626.6,43159.7,54.7715,0.0750901,-0.0107663,7.03431,-0.157143,89626.3,43160
9.68,89626.6,43159.6,54.8474,0.0743328,-0.0200545,7.59254,-0.138138,89626.3,43160
9.69,89626.7,43159.6,54.9303,0.0728103,-0.0288507,8.28846,-0.118527,89626.3,43160
9.7,89626.7,43159.5,55.022,0.0704193,-0.037076,9.18043,-0.0986357,89626.4,43159.8
9.71,89626.8,43159.4,55.1191,0.0670164,-0.0446465,9.7217,-0.0788035,89626.4,43159.8
9.72,89626.8,43159.3,55.2162,0.0626774,-0.051044,9.7217,-0.0606087,89626.5,43159.7
9.73,89626.8,43159.2,55.3133,0.0577172,-0.0559601,9.7217,-0.0454117,89626.5,43159.7
9.74,89626.9,43159.1,55.4103,0.0522798,-0.0596417,9.7217,-0.0330495,89626.6,43159.5
9.75,89626.9,43159,55.5074,0.046485,-0.0623201,9.7217,-0.023239,89626.6,43159.5
9.76,89627,43159,55.6044,0.0404304,-0.0642031,9.7217,-0.0156425,89626.7,43159.3
9.77,89627,43158.9,55.7014,0.034193,-0.0654705,9.7217,-0.00990773,89626.7,43159.3
9.78,89627.1,43158.8,55.7984,0.0278327,-0.0662732,9.7217,-0.00569814,89626.8,43159.1
9.79,89627.1,43158.7,55.8954,0.0213946,-0.0667348,9.7217,-0.00270639,89626.8,43159.1
9.8,89627.1,43158.6,55.9924,0.0149116,-0.0669541,9.7217,-0.000664222,89626.9,43159
9.81,89627.2,43158.5,56.0894,0.00840741,-0.0670079,9.7217,0.000655449,89626.9,43159
9.82,89627.2,43158.4,56.1864,0.00189798,-0.0669548,9.7217,0.00144135,89627,43158.8
9.83,89627.3,43158.3,56.2834,-0.0046063,-0.066838,9.7217,0.00184222,89627,43158.8
9.84,89627.3,43158.2,56.3805,-0.00397155,-0.0440295,9.7217,0.0019756,89627.1,43158.6
9.85,89627.3,43158.2,56.4776,-0.00825058,-0.0438694,9.7217,0.00193796,89627.1,43158.6
9.86,89627.4,43158.1,56.5748,-0.0125141,-0.0437124,9.7217,0.00179318,89627.1,43158.6
9.87,89627.4,43158,56.672,0.000694301,-0.000605965,9.7217,0.655533,89627.2,43158.4
9.88,89627.5,43157.9,56.7571,0.000635391,0.0616916,8.53218,0.37486,89627.2,43158.4
9.89,89627.5,43157.8,56.8456,0.00589569,0.0896675,8.88317,0.164233,89627.3,43158.3
9.9,89627.5,43157.8,56.9068,0.0138503,0.101936,6.15612,-0.000103762,89627.3,43158.3
9.91,89627.6,43157.7,56.9604,0.0201148,0.10193,5.38617,-0.0749708,89627.4,43158.1
9.92,89627.6,43157.7,57.0123,0.0255954,0.0985589,5.21135,-0.121984,89627.4,43158.1
9.93,89627.6,43157.6,57.0637,0.0307233,0.093235,5.16268,-0.154793,89627.4,43158.1
9.94,89627.7,43157.6,57.1153,0.0355298,0.0865217,5.17658,-0.177379,89627.4,43158.1
9.95,89627.7,43157.6,57.1675,0.0400031,0.0787887,5.23644,-0.192022,89627.5,43157.9
9.96,89627.7,43157.5,57.2207,0.0441245,0.0703049,5.33546,-0.200275,89627.5,43157.9
9.97,89627.7,43157.5,57.2753,0.0478725,0.0612792,5.47137,-0.203269,89627.5,43157.9
9.98,89627.8,43157.4,57.3317,0.0512232,0.0518814,5.64488,-0.201867,89627.5,43157.9
9.99,89627.8,43157.4,57.3902,0.0541506,0.0422543,5.85914,-0.19675,89627.6,43157.7
