step,x,y,yaw,e_y,e_yaw,t,delta,v_ref,delta_ref
0,89629.9,43130.9,2.19853,-0.0053083,-0.0176953,0.299953,0,3,0
1,89629.7,43131.2,2.19853,-0.0106166,-0.0176953,0.599906,0,3,0
2,89629.5,43131.4,2.19853,-0.0159249,-0.0176953,0.899859,0,3,0
3,89629.4,43131.7,2.19853,-0.0212332,-0.0176953,1.19981,0,3,0
4,89629.2,43131.9,2.19853,-0.0265415,-0.0176953,1.49977,0,3,0
5,89629,43132.2,2.19771,-0.0318498,-0.0185177,1.79971,-0.00548251,3,0
6,89628.8,43132.4,2.19688,-0.0374048,-0.01934,2.09966,-0.00548251,3,0
7,89628.7,43132.6,2.19606,-0.0432065,-0.0201624,2.3996,-0.00548251,3,0
8,89628.5,43132.9,2.19524,-0.0492548,-0.0209848,2.69953,-0.00548251,3,0
9,89628.3,43133.1,2.19442,-0.0555498,-0.0218072,2.99946,-0.00548251,3,0
10,89628.1,43133.4,2.19359,-0.0620914,-0.0226296,3.29938,-0.00548251,3,0
11,89628,43133.6,2.19277,-0.0688797,-0.023452,3.5993,-0.00548251,3,0
12,89627.8,43133.9,2.19195,-0.0759146,-0.0242743,3.89921,-0.00548251,3,0
13,89627.6,43134.1,2.19113,-0.0831962,-0.0250967,4.19912,-0.00548251,3,0
14,89627.4,43134.3,2.19031,-0.0907244,-0.0259191,4.49902,-0.00548251,3,0
15,89627.3,43134.6,2.18986,-0.0984993,-0.0263604,4.79891,-0.0029419,3,0
16,89627.1,43134.8,2.18942,-0.106407,-0.0268017,5.0988,-0.0029419,3,0
17,89626.9,43135.1,2.18898,-0.114446,-0.027243,5.39869,-0.0029419,3,0
18,89626.7,43135.3,2.18854,-0.122618,-0.0276843,5.69858,-0.0029419,3,0
19,89626.6,43135.6,2.1881,-0.130922,-0.0281255,5.99846,-0.0029419,3,0
20,89626.4,43135.8,2.18766,-0.139359,-0.0285668,6.29834,-0.0029419,3,0
21,89626.2,43136.1,2.18722,-0.147928,-0.0290081,6.59821,-0.0029419,3,0
22,89626,43136.3,2.18678,-0.156629,-0.0294494,6.89808,-0.0029419,3,0
23,89625.9,43136.5,2.18633,-0.165462,-0.0298907,7.19795,-0.0029419,3,0
24,89625.7,43136.8,2.18589,-0.174428,-0.030332,7.49781,-0.0029419,3,0
25,89625.5,43137,2.18573,-0.183526,-0.0304978,7.79767,-0.00110535,3,0
26,89625.4,43137.3,2.18556,-0.192674,-0.0306636,8.09753,-0.00110535,3,0
27,89625.2,43137.5,2.1854,-0.201872,-0.0308294,8.39739,-0.00110535,3,0
28,89625,43137.8,2.18523,-0.211119,-0.0309952,8.69724,-0.00110535,3,0
29,89624.8,43138,2.18506,-0.220416,-0.031161,8.9971,-0.00110535,3,0
30,89624.7,43138.3,2.1849,-0.229763,-0.0313268,9.29695,-0.00110535,3,0
31,89624.5,43138.5,2.18473,-0.23916,-0.0314926,9.5968,-0.00110535,3,0
32,89624.3,43138.8,2.18457,-0.248606,-0.0316584,9.89665,-0.00110535,3,0
33,89624.1,43139,2.1844,-0.258102,-0.0318242,10.1965,-0.00110535,3,0
34,89624,43139.2,2.18423,-0.267647,-0.03199,10.4963,-0.00110535,3,0
35,89623.8,43139.5,2.18404,-0.277243,-0.0321804,10.7962,-0.00126916,3,0
36,89623.6,43139.7,2.18385,-0.286895,-0.0323707,11.096,-0.00126916,3,0
37,89623.4,43140,2.18366,-0.296605,-0.0325611,11.3959,-0.00126916,3,0
38,89623.3,43140.2,2.18347,-0.306371,-0.0327515,11.6957,-0.00126916,3,0
39,89623.1,43140.5,2.18328,-0.316195,-0.0329419,11.9955,-0.00126916,3,0
40,89622.9,43140.7,2.18309,-0.326076,-0.0331322,12.2954,-0.00126916,3,0
41,89622.8,43141,2.1829,-0.336014,-0.0333226,12.5952,-0.00126916,3,0
42,89622.6,43141.2,2.18271,-0.346009,-0.033513,12.895,-0.00126916,3,0
43,89622.4,43141.4,2.18252,-0.356061,-0.0337034,13.1949,-0.00126916,3,0
44,89622.2,43141.7,2.18233,-0.36617,-0.0338937,13.4947,-0.00126916,3,0
45,89622.1,43141.9,2.18205,-0.376336,-0.0341724,13.7945,-0.00185793,3,0
46,89621.9,43142.2,2.18177,-0.386586,-0.0344511,14.0944,-0.00185793,3,0
47,89621.7,43142.4,2.18149,-0.396919,-0.0347298,14.3942,-0.00185793,3,0
48,89621.6,43142.7,2.18122,-0.407336,-0.0350085,14.694,-0.00185793,3,0
49,89621.4,43142.9,2.18094,-0.417836,-0.0352872,14.9938,-0.00185793,3,0
50,89621.2,43143.2,2.18066,-0.42842,-0.0355659,15.2936,-0.00185793,3,0
51,89621,43143.4,2.18038,-0.439088,-0.0358446,15.5934,-0.00185793,3,0
52,89620.9,43143.7,2.1801,-0.449839,-0.0361233,15.8932,-0.00185793,3,0
53,89620.7,43143.9,2.17982,-0.460673,-0.0364019,16.193,-0.00185793,3,0
54,89620.5,43144.2,2.17954,-0.471592,-0.0366806,16.4928,-0.00185793,3,0
55,89620.4,43144.4,2.17884,-0.482593,-0.0373832,16.7926,-0.00468361,3,0
56,89620.2,43144.6,2.17814,-0.493806,-0.0380857,17.0924,-0.00468361,3,0
57,89620,43144.9,2.17744,-0.505229,-0.0387883,17.3922,-0.00468361,3,0
58,89619.8,43145.1,2.17673,-0.516862,-0.0394908,17.6919,-0.00468361,3,0
59,89619.7,43145.4,2.17603,-0.528706,-0.0401934,17.9917,-0.00468361,3,0
60,89619.5,43145.6,2.17533,-0.540761,-0.0408959,18.2914,-0.00468361,3,0
61,89619.3,43145.9,2.17463,-0.553026,-0.0415985,18.5912,-0.00468361,3,0
62,89619.2,43146.1,2.17392,-0.565502,-0.042301,18.8909,-0.00468361,3,0
63,89619,43146.4,2.17322,-0.578189,-0.0430035,19.1906,-0.00468361,3,0
64,89618.8,43146.6,2.17252,-0.591086,-0.0437061,19.4904,-0.00468361,3,0
65,89618.6,43146.9,2.17111,-0.604194,-0.0451175,19.79,-0.00940892,3,0
66,89618.5,43147.1,2.1697,-0.617724,-0.0465289,20.0897,-0.00940892,3,0
67,89618.3,43147.4,2.16828,-0.631678,-0.0479402,20.3894,-0.00940892,3,0
68,89618.1,43147.6,2.16687,-0.646054,-0.0493516,20.689,-0.00940892,3,0
69,89618,43147.9,2.16546,-0.660854,-0.050763,20.9886,-0.00940892,3,0
70,89617.8,43148.1,2.16405,-0.676076,-0.0521744,21.2882,-0.00940892,3,0
71,89617.6,43148.4,2.16264,-0.691721,-0.0535857,21.5878,-0.00940892,3,0
72,89617.5,43148.6,2.16123,-0.707789,-0.0549971,21.8873,-0.00940892,3,0
73,89617.3,43148.9,2.15982,-0.72428,-0.0564085,22.1869,-0.00940892,3,0
74,89617.1,43149.1,2.1584,-0.741194,-0.0578199,22.4864,-0.00940892,3,0
75,89617,43149.4,2.15432,-0.75853,-0.0619074,22.7858,-0.0272435,3,0
76,89616.8,43149.6,2.15023,-0.777091,-0.065995,23.0851,-0.0272435,3,0
77,89616.6,43149.9,2.14614,-0.796875,-0.0700825,23.3844,-0.0272435,3,0
78,89616.5,43150.1,2.14205,-0.817882,-0.0741701,23.6836,-0.0272435,3,0
79,89616.3,43150.4,2.13797,-0.840113,-0.0782576,23.9826,-0.0272435,3,0
80,89616.2,43150.6,2.13388,-0.863566,-0.0823451,24.2816,-0.0272435,3,0
81,89616,43150.9,2.12979,-0.888242,-0.0864327,24.5805,-0.0272435,3,0
82,89615.8,43151.1,2.1257,-0.914139,-0.0905202,24.8793,-0.0272435,3,0
83,89615.7,43151.4,2.12162,-0.941258,-0.0946078,25.1779,-0.0272435,3,0
84,89615.5,43151.6,2.11753,-0.969598,-0.0986953,25.4765,-0.0272435,3,0
85,89615.4,43151.9,2.10724,-0.999159,-0.108986,25.7747,-0.0684943,3,0
86,89615.2,43152.1,2.09695,-1.03179,-0.119276,26.0726,-0.0684943,3,0
87,89615.1,43152.4,2.08666,-1.06749,-0.129566,26.3701,-0.0684943,3,0
88,89614.9,43152.7,2.07637,-1.10625,-0.139856,26.6671,-0.0684943,3,0
89,89614.8,43152.9,2.06608,-1.14807,-0.150146,26.9638,-0.0684943,3,0
90,89614.6,43153.2,2.05579,-1.19294,-0.160437,27.2599,-0.0684943,3,0
91,89614.5,43153.5,2.0455,-1.24087,-0.170727,27.5555,-0.0684943,3,0
92,89614.3,43153.7,2.03521,-1.29184,-0.181017,27.8506,-0.0684943,3,0
93,89614.2,43154,2.02492,-1.34585,-0.191307,28.1452,-0.0684943,3,0
94,89614.1,43154.3,2.01463,-1.40289,-0.201598,28.4391,-0.0684943,3,0
95,89613.9,43154.5,1.99525,-1.46296,-0.220976,28.7318,-0.128479,3,0
96,89613.8,43154.8,1.97587,-1.52872,-0.240355,29.0232,-0.128479,3,0
97,89613.7,43155.1,1.95649,-1.60013,-0.259734,29.3131,-0.128479,3,0
98,89613.6,43155.4,1.93711,-1.67718,-0.279112,29.6015,-0.128479,3,0
99,89613.5,43155.6,1.91773,-1.75983,-0.298491,29.8882,-0.128479,3,0
100,89613.4,43155.9,1.89835,-1.84805,-0.317869,30.1732,-0.128479,3,0
101,89613.3,43156.2,1.87898,-1.94181,-0.337248,30.4563,-0.128479,3,0
102,89613.2,43156.5,1.8596,-2.04108,-0.356627,30.7374,-0.128479,3,0
103,89613.1,43156.8,1.84022,-2.14582,-0.376005,31.0165,-0.128479,3,0
104,89613,43157.1,1.82084,-2.25598,-0.395384,31.2933,-0.128479,3,0
105,89613,43157.4,1.80146,-2.37153,-0.414763,31.5679,-0.128479,3,0
106,89612.9,43157.7,1.77321,-2.49242,-0.443016,31.8389,-0.186172,3,0
107,89612.8,43157.9,1.74496,-2.62102,-0.471269,32.1062,-0.186172,3,0
108,89612.8,43158.2,1.7167,-2.75722,-0.499522,32.3696,-0.186172,3,0
109,89612.7,43158.5,1.68845,-2.90093,-0.527775,32.6287,-0.186172,3,0
110,89612.7,43158.8,1.6602,-3.05201,-0.556028,32.8836,-0.186172,3,0
111,89612.7,43159.1,1.63194,-3.21035,-0.584281,33.1338,-0.186172,3,0
112,89612.7,43159.4,1.60369,-3.37583,-0.612533,33.3792,-0.186172,3,0
113,89612.6,43159.7,1.57544,-3.54832,-0.640786,33.6197,-0.186172,3,0
114,89612.6,43160,1.54719,-3.72766,-0.669039,33.8551,-0.186172,3,0
115,89612.6,43160.3,1.51893,-3.91373,-0.697292,34.085,-0.186172,3,0
116,89612.7,43160.6,1.49068,-4.10638,-0.725545,34.3095,-0.186172,3,0
117,89612.7,43160.9,1.46243,-4.30544,-0.753798,34.5282,-0.186172,3,0
118,89612.7,43161.2,1.42433,-4.51076,-0.791894,34.739,-0.248714,3,0
119,89612.8,43161.5,1.38623,-4.72427,-0.82999,34.9414,-0.248714,3,0
120,89612.8,43161.8,1.34814,-4.94565,-0.868086,35.1353,-0.248714,3,0
121,89612.9,43162.1,1.31004,-5.17458,-0.906182,35.3203,-0.248714,3,0
122,89613,43162.4,1.27195,-5.41072,-0.944278,35.4962,-0.248714,3,0
123,89613.1,43162.7,1.23385,-5.65374,-0.982374,35.6627,-0.248714,3,0
124,89613.2,43163,1.19575,-5.90329,-1.02047,35.8196,-0.248714,3,0
125,89613.3,43163.3,1.15766,-6.159,-1.05857,35.9667,-0.248714,3,0
126,89613.4,43163.5,1.11956,-6.42049,-1.09666,36.1036,-0.248714,3,0
127,89613.5,43163.8,1.08147,-6.6874,-1.13476,36.2303,-0.248714,3,0
128,89613.7,43164.1,1.04337,-6.95933,-1.17285,36.3466,-0.248714,3,0
129,89613.8,43164.3,1.00527,-7.23589,-1.21095,36.4522,-0.248714,3,0
130,89614,43164.6,0.967179,-7.51667,-1.24905,36.5471,-0.248714,3,0
131,89614.1,43164.8,0.929083,-7.80128,-1.28714,36.6311,-0.248714,3,0
132,89614.3,43165.1,0.890987,-8.08929,-1.32524,36.704,-0.248714,3,0
133,89614.5,43165.3,0.852891,-8.38029,-1.36333,36.7658,-0.248714,3,0
134,89614.7,43165.5,0.814795,-8.67385,-1.40143,36.8164,-0.248714,3,0
135,89614.9,43165.7,0.776699,-8.96956,-1.43953,36.8556,-0.248714,3,0
136,89615.1,43166,0.738603,-9.26698,-1.47762,36.8835,-0.248714,3,0
137,89615.3,43166.2,0.700507,-9.56568,-1.51572,36.9001,-0.248714,3,0
138,89615.6,43166.3,0.662411,-9.86522,-1.55381,36.9051,-0.248714,3,0
139,89615.8,43166.5,0.624316,-10.1652,-1.59191,36.8988,-0.248714,3,0
140,89616.1,43166.7,0.58622,-10.4651,-1.63,36.8811,-0.248714,3,0
141,89616.3,43166.9,0.548124,-10.7646,-1.6681,36.8519,-0.248714,3,0
142,89616.6,43167,0.510028,-11.0632,-1.7062,36.8114,-0.248714,3,0
143,89616.8,43167.2,0.471932,-11.3604,-1.74429,36.7596,-0.248714,3,0
144,89617.1,43167.3,0.433836,-11.6559,-1.78239,36.6966,-0.248714,3,0
145,89617.4,43167.4,0.39574,-11.9492,-1.82048,36.6225,-0.248714,3,0
146,89617.6,43167.6,0.357644,-12.2399,-1.85858,36.5374,-0.248714,3,0
147,89617.9,43167.7,0.319548,-12.5276,-1.89668,36.4413,-0.248714,3,0
148,89618.2,43167.8,0.281452,-12.8118,-1.93477,36.3345,-0.248714,3,0
149,89618.5,43167.8,0.243356,-13.0921,-1.97287,36.2171,-0.248714,3,0
150,89618.8,43167.9,0.20526,-13.3682,-2.01096,36.0893,-0.248714,3,0
151,89619.1,43168,0.167164,-13.6396,-2.04906,35.9512,-0.248714,3,0
152,89619.4,43168,0.129068,-13.906,-2.08716,35.8031,-0.248714,3,0
153,89619.7,43168.1,0.0909724,-14.1669,-2.12525,35.6452,-0.248714,3,0
154,89620,43168.1,0.0528765,-14.4219,-2.16335,35.4776,-0.248714,3,0
155,89620.3,43168.1,0.0147806,-14.6708,-2.20144,35.3007,-0.248714,3,0
156,89620.6,43168.1,-0.0233154,-14.9131,-2.23954,35.1147,-0.248714,3,0
157,89620.9,43168.1,-0.0614113,-15.1484,-2.27764,34.9199,-0.248714,3,0
158,89621.2,43168.1,-0.0995072,-15.3766,-2.31573,34.7165,-0.248714,3,0
159,89621.5,43168,-0.137603,-15.5971,-2.35383,34.5049,-0.248714,3,0
160,89621.8,43168,-0.175699,-15.8097,-2.39192,34.2853,-0.248714,3,0
161,89622.1,43168,-0.203952,-16.0142,-2.42018,34.06,-0.186172,3,0
162,89622.3,43167.9,-0.232205,-16.2123,-2.44843,33.8293,-0.186172,3,0
163,89622.6,43167.8,-0.260458,-16.404,-2.47668,33.5932,-0.186172,3,0
164,89622.9,43167.7,-0.288711,-16.5891,-2.50494,33.352,-0.186172,3,0
165,89623.2,43167.7,-0.316964,-16.7674,-2.53319,33.1058,-0.186172,3,0
166,89623.5,43167.6,-0.345217,-16.9389,-2.56144,32.8549,-0.186172,3,0
167,89623.8,43167.5,-0.37347,-17.1033,-2.58969,32.5994,-0.186172,3,0
168,89624.1,43167.4,-0.401723,-17.2606,-2.61795,32.3396,-0.186172,3,0
169,89624.3,43167.2,-0.429976,-17.4106,-2.6462,32.0757,-0.186172,3,0
170,89624.6,43167.1,-0.458229,-17.5533,-2.67445,31.8078,-0.186172,3,0
171,89624.9,43167,-0.486482,-17.6884,-2.70271,31.5362,-0.186172,3,0
172,89625.1,43166.8,-0.514735,-17.8158,-2.73096,31.2612,-0.186172,3,0
173,89625.4,43166.7,-0.534113,-17.9356,-2.75034,30.9839,-0.128479,3,0
174,89625.7,43166.5,-0.553492,-18.05,-2.76972,30.7044,-0.128479,3,0
175,89625.9,43166.4,-0.572871,-18.159,-2.7891,30.4228,-0.128479,3,0
176,89626.2,43166.2,-0.592249,-18.2626,-2.80847,30.1393,-0.128479,3,0
177,89626.4,43166.1,-0.611628,-18.3607,-2.82785,29.8539,-0.128479,3,0
178,89626.7,43165.9,-0.631007,-18.4533,-2.84723,29.5668,-0.128479,3,0
179,89626.9,43165.7,-0.650385,-18.5403,-2.86661,29.2781,-0.128479,3,0
180,89627.2,43165.5,-0.669764,-18.6218,-2.88599,28.9879,-0.128479,3,0
181,89627.4,43165.3,-0.689142,-18.6976,-2.90537,28.6962,-0.128479,3,0
182,89627.6,43165.1,-0.708521,-18.7678,-2.92475,28.4032,-0.128479,3,0
183,89627.8,43165,-0.7279,-18.8324,-2.94412,28.1091,-0.128479,3,0
184,89628.1,43164.8,-0.73819,-18.8912,-2.95441,27.8143,-0.0684943,3,0
185,89628.3,43164.6,-0.74848,-18.9471,-2.9647,27.519,-0.0684943,3,0
186,89628.5,43164.3,-0.75877,-18.9998,-2.97499,27.2231,-0.0684943,3,0
187,89628.7,43164.1,-0.769061,-19.0496,-2.98529,26.9268,-0.0684943,3,0
188,89628.9,43163.9,-0.779351,-19.0963,-2.99558,26.63,-0.0684943,3,0
189,89629.2,43163.7,-0.789641,-19.1399,-3.00587,26.3327,-0.0684943,3,0
190,89629.4,43163.5,-0.799931,-19.1805,-3.01616,26.0351,-0.0684943,3,0
191,89629.6,43163.3,-0.810222,-19.2181,-3.02645,25.7371,-0.0684943,3,0
192,89629.8,43163.1,-0.820512,-19.2525,-3.03674,25.4387,-0.0684943,3,0
193,89630,43162.9,-0.830802,-19.2839,-3.04703,25.1401,-0.0684943,3,0
194,89630.2,43162.6,-0.83489,-19.3123,-3.05111,24.8413,-0.0272435,3,0
195,89630.4,43162.4,-0.838977,-19.3394,-3.0552,24.5424,-0.0272435,3,0
196,89630.6,43162.2,-0.843065,-19.3653,-3.05929,24.2434,-0.0272435,3,0
197,89630.8,43162,-0.847152,-19.3899,-3.06338,23.9443,-0.0272435,3,0
198,89631,43161.7,-0.85124,-19.4134,-3.06746,23.6452,-0.0272435,3,0
199,89631.2,43161.5,-0.855327,-19.4356,-3.07155,23.3459,-0.0272435,3,0
200,89631.4,43161.3,-0.859415,-19.4566,-3.07564,23.0466,-0.0272435,3,0
201,89631.6,43161.1,-0.863502,-19.4763,-3.07973,22.7471,-0.0272435,3,0
202,89631.8,43160.8,-0.86759,-19.4949,-3.08381,22.4476,-0.0272435,3,0
203,89632,43160.6,-0.871678,-19.5122,-3.0879,22.1481,-0.0272435,3,0
204,89632.2,43160.4,-0.873089,-19.5283,-3.08931,21.8485,-0.00940892,3,0
205,89632.4,43160.1,-0.8745,-19.544,-3.09072,21.5489,-0.00940892,3,0
206,89632.5,43159.9,-0.875912,-19.5592,-3.09214,21.2492,-0.00940892,3,0
207,89632.7,43159.7,-0.877323,-19.5741,-3.09355,20.9496,-0.00940892,3,0
208,89632.9,43159.5,-0.878734,-19.5885,-3.09496,20.6499,-0.00940892,3,0
209,89633.1,43159.2,-0.880146,-19.6025,-3.09637,20.3502,-0.00940892,3,0
210,89633.3,43159,-0.881557,-19.616,-3.09778,20.0505,-0.00940892,3,0
211,89633.5,43158.8,-0.882969,-19.6292,-3.09919,19.7508,-0.00940892,3,0
212,89633.7,43158.5,-0.88438,-19.6419,-3.1006,19.451,-0.00940892,3,0
213,89633.9,43158.3,-0.885791,-19.6542,-3.10202,19.1513,-0.00940892,3,0
214,89634.1,43158.1,-0.886494,-19.666,-3.10272,18.8515,-0.00468361,3,0
215,89634.3,43157.8,-0.887196,-19.6777,-3.10342,18.5517,-0.00468361,3,0
216,89634.5,43157.6,-0.887899,-19.6892,-3.10412,18.2519,-0.00468361,3,0
217,89634.6,43157.4,-0.888602,-19.7004,-3.10483,17.9521,-0.00468361,3,0
218,89634.8,43157.1,-0.889304,-19.7114,-3.10553,17.6523,-0.00468361,3,0
219,89635,43156.9,-0.890007,-19.7222,-3.10623,17.3525,-0.00468361,3,0
220,89635.2,43156.7,-0.890709,-19.7328,-3.10693,17.0527,-0.00468361,3,0
221,89635.4,43156.4,-0.891412,-19.7432,-3.10764,16.7529,-0.00468361,3,0
222,89635.6,43156.2,-0.892114,-19.7534,-3.10834,16.453,-0.00468361,3,0
223,89635.8,43156,-0.892817,-19.7634,-3.10904,16.1532,-0.00468361,3,0
224,89636,43155.7,-0.893095,-19.7732,-3.10932,15.8533,-0.00185793,3,0
225,89636.2,43155.5,-0.893374,-19.7828,-3.1096,15.5535,-0.00185793,3,0
226,89636.3,43155.3,-0.893653,-19.7924,-3.10988,15.2536,-0.00185793,3,0
227,89636.5,43155,-0.893932,-19.802,-3.11016,14.9538,-0.00185793,3,0
228,89636.7,43154.8,-0.89421,-19.8114,-3.11043,14.6539,-0.00185793,3,0
229,89636.9,43154.6,-0.894489,-19.8207,-3.11071,14.3541,-0.00185793,3,0
230,89637.1,43154.3,-0.894768,-19.83,-3.11099,14.0542,-0.00185793,3,0
231,89637.3,43154.1,-0.895046,-19.8392,-3.11127,13.7544,-0.00185793,3,0
232,89637.5,43153.9,-0.895325,-19.8483,-3.11155,13.4545,-0.00185793,3,0
233,89637.7,43153.6,-0.895604,-19.8573,-3.11183,13.1546,-0.00185793,3,0
234,89637.8,43153.4,-0.895794,-19.8662,-3.11202,12.8548,-0.00126916,3,0
235,89638,43153.2,-0.895984,-19.8751,-3.11221,12.5549,-0.00126916,3,0
236,89638.2,43152.9,-0.896175,-19.8839,-3.1124,12.255,-0.00126916,3,0
237,89638.4,43152.7,-0.896365,-19.8926,-3.11259,11.9551,-0.00126916,3,0
238,89638.6,43152.5,-0.896556,-19.9013,-3.11278,11.6553,-0.00126916,3,0
239,89638.8,43152.2,-0.896746,-19.91,-3.11297,11.3554,-0.00126916,3,0
240,89639,43152,-0.896936,-19.9186,-3.11316,11.0555,-0.00126916,3,0
241,89639.2,43151.8,-0.897127,-19.9271,-3.11335,10.7556,-0.00126916,3,0
242,89639.3,43151.5,-0.897317,-19.9356,-3.11354,10.4557,-0.00126916,3,0
243,89639.5,43151.3,-0.897507,-19.944,-3.11373,10.1559,-0.00126916,3,0
244,89639.7,43151,-0.897673,-19.9523,-3.1139,9.85597,-0.00110535,3,0
245,89639.9,43150.8,-0.897839,-19.9607,-3.11406,9.55609,-0.00110535,3,0
246,89640.1,43150.6,-0.898005,-19.9689,-3.11423,9.2562,-0.00110535,3,0
247,89640.3,43150.3,-0.898171,-19.9771,-3.1144,8.95631,-0.00110535,3,0
248,89640.5,43150.1,-0.898336,-19.9853,-3.11456,8.65642,-0.00110535,3,0
249,89640.7,43149.9,-0.898502,-19.9934,-3.11473,8.35653,-0.00110535,3,0
250,89640.8,43149.6,-0.898668,-20.0014,-3.11489,8.05663,-0.00110535,3,0
251,89641,43149.4,-0.898834,-20.0095,-3.11506,7.75674,-0.00110535,3,0
252,89641.2,43149.2,-0.899,-20.0174,-3.11522,7.45684,-0.00110535,3,0
253,89641.4,43148.9,-0.899441,-20.0253,-3.11567,7.15694,-0.0029419,3,0
254,89641.6,43148.7,-0.899882,-20.0331,-3.11611,6.85704,-0.0029419,3,0
255,89641.8,43148.5,-0.900324,-20.0407,-3.11655,6.55714,-0.0029419,3,0
256,89642,43148.2,-0.900765,-20.0483,-3.11699,6.25723,-0.0029419,3,0
257,89642.1,43148,-0.901206,-20.0556,-3.11743,5.95731,-0.0029419,3,0
258,89642.3,43147.8,-0.901647,-20.0629,-3.11787,5.6574,-0.0029419,3,0
259,89642.5,43147.5,-0.902089,-20.07,-3.11831,5.35748,-0.0029419,3,0
260,89642.7,43147.3,-0.90253,-20.077,-3.11875,5.05756,-0.0029419,3,0
261,89642.9,43147.1,-0.902971,-20.0838,-3.1192,4.75763,-0.0029419,3,0
262,89643.1,43146.8,-0.903413,-20.0906,-3.11964,4.45771,-0.0029419,3,0
263,89643.3,43146.6,-0.904235,-20.0971,-3.12046,4.15777,-0.00548251,3,0
264,89643.4,43146.3,-0.905057,-20.1035,-3.12128,3.85783,-0.00548251,3,0
265,89643.6,43146.1,-0.90588,-20.1096,-3.1221,3.55789,-0.00548251,3,0
266,89643.8,43145.9,-0.906702,-20.1154,-3.12293,3.25794,-0.00548251,3,0
267,89644,43145.6,-0.907524,-20.121,-3.12375,2.95799,-0.00548251,3,0
268,89644.2,43145.4,-0.908347,-20.1264,-3.12457,2.65803,-0.00548251,3,0
269,89644.4,43145.2,-0.909169,-20.1315,-3.12539,2.35807,-0.00548251,3,0
270,89644.6,43144.9,-0.909992,-20.1363,-3.12622,2.05811,-0.00548251,3,0
271,89644.7,43144.7,-0.910814,-20.1409,-3.12704,1.75814,-0.00548251,3,0
272,89644.9,43144.5,-0.911636,-20.1453,-3.12786,1.45817,-0.00548251,3,0
273,89645.1,43144.2,-0.911636,-20.1494,-3.12786,1.1582,0,3,0
274,89645.3,43144,-0.911636,-20.1536,-3.12786,0.858226,0,3,0
275,89645.5,43143.7,-0.911636,-20.1577,-3.12786,0.558254,0,3,0
276,89645.7,43143.5,-0.911636,-20.1618,-3.12786,0.258283,0,3,0
277,89645.8,43143.3,-0.911636,-20.1659,-3.12786,-0.0416892,0,3,0
278,89646,43143,-0.911636,-20.17,-3.12786,-0.341661,0,3,0
279,89646.2,43142.8,-0.911636,-20.1742,-3.12786,-0.641633,0,3,0
280,89646.4,43142.6,-0.911636,-20.1783,-3.12786,-0.941604,0,3,0
281,89646.6,43142.3,-0.911636,-20.1824,-3.12786,-1.24158,0,3,0
282,89646.8,43142.1,-0.911636,-20.1865,-3.12786,-1.54155,0,3,0
283,89646.9,43141.8,-0.911636,-20.1906,-3.12786,-1.84152,0,3,0
284,89647.1,43141.6,-0.911636,-20.1947,-3.12786,-2.14149,0,3,0
285,89647.3,43141.4,-0.911636,-20.1989,-3.12786,-2.44146,0,3,0
286,89647.5,43141.1,-0.911636,-20.203,-3.12786,-2.74143,0,3,0
287,89647.7,43140.9,-0.911636,-20.2071,-3.12786,-3.04141,0,3,0
288,89647.9,43140.7,-0.911636,-20.2112,-3.12786,-3.34138,0,3,0
289,89648,43140.4,-0.911636,-20.2153,-3.12786,-3.64135,0,3,0
290,89648.2,43140.2,-0.911636,-20.2195,-3.12786,-3.94132,0,3,0
291,89648.4,43140,-0.911636,-20.2236,-3.12786,-4.24129,0,3,0
292,89648.6,43139.7,-0.911636,-20.2277,-3.12786,-4.54126,0,3,0
293,89648.8,43139.5,-0.911636,-20.2318,-3.12786,-4.84124,0,3,0
294,89649,43139.2,-0.911636,-20.2359,-3.12786,-5.14121,0,3,0
295,89649.1,43139,-0.911636,-20.2401,-3.12786,-5.44118,0,3,0
296,89649.3,43138.8,-0.911636,-20.2442,-3.12786,-5.74115,0,3,0
297,89649.5,43138.5,-0.911636,-20.2483,-3.12786,-6.04112,0,3,0
298,89649.7,43138.3,-0.911636,-20.2524,-3.12786,-6.3411,0,3,0
299,89649.9,43138.1,-0.911636,-20.2565,-3.12786,-6.64107,0,3,0
300,89650.1,43137.8,-0.911636,-20.2607,-3.12786,-6.94104,0,3,0
301,89650.3,43137.6,-0.911636,-20.2648,-3.12786,-7.24101,0,3,0
302,89650.4,43137.3,-0.911636,-20.2689,-3.12786,-7.54098,0,3,0
303,89650.6,43137.1,-0.911636,-20.273,-3.12786,-7.84095,0,3,0
304,89650.8,43136.9,-0.911636,-20.2771,-3.12786,-8.14093,0,3,0
305,89651,43136.6,-0.911636,-20.2813,-3.12786,-8.4409,0,3,0
306,89651.2,43136.4,-0.911636,-20.2854,-3.12786,-8.74087,0,3,0
307,89651.4,43136.2,-0.911636,-20.2895,-3.12786,-9.04084,0,3,0
308,89651.5,43135.9,-0.911636,-20.2936,-3.12786,-9.34081,0,3,0
309,89651.7,43135.7,-0.911636,-20.2977,-3.12786,-9.64078,0,3,0
310,89651.9,43135.4,-0.911636,-20.3019,-3.12786,-9.94076,0,3,0
311,89652.1,43135.2,-0.911636,-20.306,-3.12786,-10.2407,0,3,0
312,89652.3,43135,-0.911636,-20.3101,-3.12786,-10.5407,0,3,0
313,89652.5,43134.7,-0.911636,-20.3142,-3.12786,-10.8407,0,3,0
314,89652.6,43134.5,-0.911636,-20.3183,-3.12786,-11.1406,0,3,0
315,89652.8,43134.3,-0.911636,-20.3225,-3.12786,-11.4406,0,3,0
316,89653,43134,-0.911636,-20.3266,-3.12786,-11.7406,0,3,0
317,89653.2,43133.8,-0.911636,-20.3307,-3.12786,-12.0406,0,3,0
318,89653.4,43133.5,-0.911636,-20.3348,-3.12786,-12.3405,0,3,0
319,89653.6,43133.3,-0.911636,-20.3389,-3.12786,-12.6405,0,3,0
320,89653.7,43133.1,-0.911636,-20.343,-3.12786,-12.9405,0,3,0
321,89653.9,43132.8,-0.911636,-20.3472,-3.12786,-13.2404,0,3,0
322,89654.1,43132.6,-0.911636,-20.3513,-3.12786,-13.5404,0,3,0
323,89654.3,43132.4,-0.911636,-20.3554,-3.12786,-13.8404,0,3,0
324,89654.5,43132.1,-0.911636,-20.3595,-3.12786,-14.1404,0,3,0
325,89654.7,43131.9,-0.911636,-20.3636,-3.12786,-14.4403,0,3,0
326,89654.8,43131.7,-0.911636,-20.3678,-3.12786,-14.7403,0,3,0
327,89655,43131.4,-0.911636,-20.3719,-3.12786,-15.0403,0,3,0
328,89655.2,43131.2,-0.911636,-20.376,-3.12786,-15.3402,0,3,0
329,89655.4,43130.9,-0.911636,-20.3801,-3.12786,-15.6402,0,3,0
330,89655.6,43130.7,-0.911636,-20.3842,-3.12786,-15.9402,0,3,0
331,89655.8,43130.5,-0.911636,-20.3884,-3.12786,-16.2402,0,3,0
332,89655.9,43130.2,-0.911636,-20.3925,-3.12786,-16.5401,0,3,0
333,89656.1,43130,-0.911636,-20.3966,-3.12786,-16.8401,0,3,0
334,89656.3,43129.8,-0.911636,-20.4007,-3.12786,-17.1401,0,3,0
335,89656.5,43129.5,-0.911636,-20.4048,-3.12786,-17.44,0,3,0
336,89656.7,43129.3,-0.911636,-20.409,-3.12786,-17.74,0,3,0
337,89656.9,43129,-0.911636,-20.4131,-3.12786,-18.04,0,3,0
338,89657,43128.8,-0.911636,-20.4172,-3.12786,-18.34,0,3,0
339,89657.2,43128.6,-0.911636,-20.4213,-3.12786,-18.6399,0,3,0
340,89657.4,43128.3,-0.911636,-20.4254,-3.12786,-18.9399,0,3,0
341,89657.6,43128.1,-0.911636,-20.4296,-3.12786,-19.2399,0,3,0
342,89657.8,43127.9,-0.911636,-20.4337,-3.12786,-19.5399,0,3,0
343,89658,43127.6,-0.911636,-20.4378,-3.12786,-19.8398,0,3,0
344,89658.2,43127.4,-0.911636,-20.4419,-3.12786,-20.1398,0,3,0
345,89658.3,43127.1,-0.911636,-20.446,-3.12786,-20.4398,0,3,0
346,89658.5,43126.9,-0.911636,-20.4502,-3.12786,-20.7397,0,3,0
347,89658.7,43126.7,-0.911636,-20.4543,-3.12786,-21.0397,0,3,0
348,89658.9,43126.4,-0.911636,-20.4584,-3.12786,-21.3397,0,3,0
349,89659.1,43126.2,-0.911636,-20.4625,-3.12786,-21.6397,0,3,0
