time,x,y,s,e_y,e_psi,v,delta,ref_x,ref_y
0.0,89629.94513177378,43130.863176297746,0.20833333318138442,-0.0,0.0,4.166666663627688,0.659012668845137,89630.0674883,43130.6945594
0.05,89629.84908521693,43130.96378596513,0.34617211591537156,1.555154009041937e-12,0.13446598673528953,2.7818875788039814,0.6596918438633196,89630.0674883,43130.6945594
0.1,89629.74441789936,43131.055344894994,0.4817486541012126,0.018647150643517702,0.2243686256127968,2.7812432475771534,0.6589646644445093,89630.0674883,43130.6945594
0.15000000000000002,89629.57594979787,43131.177906212535,0.6798882422054275,0.04958721042018785,0.3141155541265799,4.166666666666685,0.60159307309252,89630.0674883,43130.6945594
0.2,89629.4546053352,43131.24574429268,0.8060607233504317,0.1139570900446518,0.4332957731796445,2.780394485676689,-0.6597552032369727,89630.0674883,43130.6945594
0.25,89629.33980498469,43131.324221744864,0.9370008672581243,0.17232650619299417,0.3434296305204807,2.7812105981706825,-0.6600912696449159,89630.0674883,43130.6945594
0.3,89629.23256795565,43131.41265422186,1.0715561967249418,0.21915074875976226,0.25347471483449446,2.77993405548201,-0.6610034236238552,89629.94994084083,43130.85654902586
0.35,89629.11638584587,43131.52751329796,1.2327537350133357,0.2540068342324661,0.16339164777939352,3.2674693569212883,-0.5314221873285152,89629.94994084083,43130.85654902586
0.39999999999999997,89628.9845577745,43131.6805465712,1.4340370343200681,0.2805820792124656,0.08336192528367414,4.039694202418608,-0.3355047404869723,89629.94994084083,43130.85654902586
0.44999999999999996,89628.85807891095,43131.84609396801,1.6423071282164057,0.297400418685872,0.02467070223510115,4.166669821967803,-0.2240681781852139,89629.94994084083,43130.85654902586
0.49999999999999994,89628.73824731492,43132.016514525174,1.8506173530942382,0.30253963085669006,-0.014894422214330127,4.166666663622783,-0.10960039438994189,89629.94994084083,43130.85654902586
0.5499999999999999,89628.62169317117,43132.18919315526,2.058830289526567,0.29943674095495637,-0.033998825436323266,4.166666663622719,0.04800459470789337,89629.83239338164,43131.01853865172
0.6,89628.5037028653,43132.36089366613,2.2670950485875148,0.29235501682769627,-0.025658286613262415,4.166666663622637,0.07204786219638809,89629.83239338164,43131.01853865172
0.65,89628.38357047092,43132.531102319066,2.4754104286956773,0.28701012695890316,-0.0131282891554525,4.166666663622838,0.04993239385954901,89629.83239338164,43131.01853865172
0.7000000000000001,89628.26196588104,43132.70026230675,2.6837416970249857,0.28427514528915904,-0.004452259017907245,4.166666663622842,0.023933514474052914,89629.83239338164,43131.01853865172
0.7500000000000001,89628.13965932837,43132.868915456405,2.8920750210583908,0.2833475943808773,-0.0002963414874836978,4.166666663622848,0.007242840203137531,89629.83239338164,43131.01853865172
0.8000000000000002,89628.01714079794,43133.03741467722,3.1004078433714177,0.28339850041615283,0.002214573534516262,4.166666663622893,-0.009593022177268578,89629.71484592247,43131.18052827758
0.8500000000000002,89627.89490307381,43133.20611771963,3.308722843411196,0.2850816462780973,0.01326652699827724,4.166666663622917,-0.09657758439187003,89629.71484592247,43131.18052827758
0.9000000000000002,89627.77551996674,43133.37685275253,3.5170548618063435,0.28784542500070587,-0.0035527396577221815,4.166666663623348,-0.02130858333889091,89629.71484592247,43131.18052827758
0.9500000000000003,89627.65676938936,43133.54802832931,3.7253827156623847,0.28710527246681233,-0.007252706498681594,4.166666663622781,0.010840879012158348,89629.71484592247,43131.18052827758
1.0000000000000002,89627.53769684084,43133.71898009415,3.933713044407633,0.2855943051922537,-0.005370535714931179,4.166666663622719,0.015323662317694465,89629.71484592247,43131.18052827758
1.0500000000000003,89627.41816988579,43133.8896144539,4.142045612596078,0.2844754489597336,-0.002709969425721326,4.166666663622635,0.01043360808340526,89629.59729846328,43131.342517903446
1.1000000000000003,89627.29833403036,43134.060032015994,4.350378861680733,0.2839108726828096,-0.0008985134025016883,4.166666663622836,0.004926667521956757,89629.59729846328,43131.342517903446
1.1500000000000004,89627.17835245535,43134.23034701642,4.558712194667635,0.28372368242018764,-4.318226033905859e-05,4.16666666362284,0.0014497278868337577,89629.59729846328,43131.342517903446
1.2000000000000004,89627.05832801771,43134.400631813405,4.767045523320123,0.28371468611719336,0.00020850678504480413,4.166666663622847,-8.224453086038302e-05,89629.59729846328,43131.342517903446
1.2500000000000004,89626.9383060115,43134.57091832415,4.97537885257162,0.2837581250324043,0.00019422822063752676,4.166666663622865,-0.00046931242789899867,89629.59729846328,43131.342517903446
1.3000000000000005,89626.81829788028,43134.74121461347,5.183712184428532,0.28379858924698775,0.00011275036264946081,4.166666663622918,-0.0003879901744598947,89629.47975100411,43131.5045075293
1.3500000000000005,89626.69830122039,43134.911518986075,5.392045517395081,0.28382207890919403,4.5390954030555264e-05,4.166666663623348,-0.00021075578773272377,89629.47975100411,43131.5045075293
1.4000000000000006,89626.57831079193,43135.08182774919,5.600378850568151,0.28383153535843936,8.801407034297881e-06,4.166666663622781,-7.800874398190886e-05,89629.47975100411,43131.5045075293
1.4500000000000006,89626.45832267,43135.252138137344,5.808712183746945,0.2838333689889891,-4.7417567650143155e-06,4.166666663622719,-1.0479006105928235e-05,89629.47975100411,43131.5045075293
1.5000000000000007,89626.33833485792,43135.42244874379,6.017045440211344,0.28383273691632976,0.0008581845211876882,4.16666666362264,-0.005596417228412745,89629.36220354492,43131.666497155165
1.5500000000000007,89626.21851257801,43135.592875851224,6.225377268490569,0.28404253241837085,0.0038009309129840574,4.166666663622837,-0.0269794781983681,89629.36220354492,43131.666497155165
1.6000000000000008,89626.09949007382,43135.76386246242,6.433710520243699,0.284834391116261,-0.0008841430689807694,4.16666666362284,-0.005363013580189342,89629.36220354492,43131.666497155165
1.6500000000000008,89625.98062682472,43135.93495981988,6.642043510189236,0.28465019467175845,-0.0018152307622951724,4.1666666636228475,0.0027054240765567667,89629.36220354492,43131.666497155165
1.7000000000000008,89625.86168322554,43136.10600132925,6.850376654779545,0.2842720218036846,-0.001345537915940831,4.166666663622865,0.0038365688875357734,89629.36220354492,43131.666497155165
1.7500000000000009,89625.7426257264,43136.276963575416,7.058709939869986,0.2839917014932063,-0.0006794636013283117,4.166666663622917,0.0026145111611095887,89629.24465608575,43131.82848678103
1.800000000000001,89625.62349063819,43136.44787176268,7.267043267751693,0.2838501465834081,-0.00022555446014083103,4.166666663623346,0.0012354587682014105,89629.24465608575,43131.82848678103
1.850000000000001,89625.50431889472,43136.61875439278,7.475376600920079,0.28380315607648904,-1.1064960893314435e-05,4.166666663622781,0.0003640885033152951,89629.24465608575,43131.82848678103
1.900000000000001,89625.38513635001,43136.78962948972,7.683709933817977,0.2838008508729789,5.214485145677017e-05,4.166666663622719,-2.01488628177649e-05,89629.24465608575,43131.82848678103
1.950000000000001,89625.26595440305,43136.96050500357,7.892043266752597,0.283811714388072,4.8646784997607995e-05,4.166666663622635,-0.00011742126313404964,89629.24465608575,43131.82848678103
2.000000000000001,89625.14677593952,43137.13138294698,8.100376599850541,0.28382184913790054,2.826112816256554e-05,4.166666663622837,-9.719176252481014e-05,89629.12710862656,43131.990476406885
2.0500000000000007,89625.02760035932,43137.302262901336,8.308709933018175,0.283827736873021,1.1387579034405348e-05,4.16666666362284,-5.283411665484498e-05,89629.12710862656,43131.990476406885
2.1000000000000005,89624.90842634653,43137.47314394883,8.517043266198806,0.2838301092880883,2.2149893355027928e-06,4.166666663622847,-1.9576712219517097e-05,89629.12710862656,43131.990476406885
2.1500000000000004,89624.78925291453,43137.644025401365,8.725376599379803,0.28383057075055307,-1.1837662179381425e-06,4.166666663622865,-2.6430045364469737e-06,89629.12710862656,43131.990476406885
2.2,89624.67007956095,43137.814906908585,8.933709932290304,0.28383458264854977,-5.097253022157133e-05,4.166666663622917,0.0002757632164150678,89629.12710862656,43131.990476406885
2.25,89624.55089802646,43137.985782710115,9.142043263575534,0.2838342597878366,-0.00013491109902075138,4.166666663623348,0.0008233688112909918,89629.00956116739,43132.15246603275
2.3,89624.43169206716,43138.156641473375,9.350376596749948,0.2838061533012137,8.03496698864592e-06,4.166666663622781,0.00020720132149360033,89629.00956116739,43132.15246603275
2.3499999999999996,89624.31247996174,43138.3274959484,9.55870992972935,0.28380782725880677,4.400741912524708e-05,4.166666663622719,-4.4433496721661286e-05,89629.00956116739,43132.15246603275
2.3999999999999995,89624.19326917431,43138.498351343034,9.767043262773274,0.28381699546868766,3.629318995956865e-05,4.166666663622635,-9.56612175795085e-05,89629.00956116739,43132.15246603275
2.4499999999999993,89624.07406122444,43138.66920871748,9.97537659591405,0.28382455654266253,1.9685420076687166e-05,4.166666663622837,-7.150169992491792e-05,89629.00956116739,43132.15246603275
2.499999999999999,89623.95485539552,43138.8400675717,10.183709929089684,0.28382865767443355,7.271930494212597e-06,4.16666666362284,-3.6325574575061576e-05,89628.8920137082,43132.31445565861
2.549999999999999,89623.83565064413,43139.01092717769,10.392043262270729,0.283830172657593,9.653475037119108e-07,4.166666663622847,-1.2176907268402922e-05,89628.8920137082,43132.31445565861
2.5999999999999988,89623.71644625395,43139.18178703568,10.600376595451735,0.28383037376683784,-1.1486600675070235e-06,4.166666663622865,-6.954166303854211e-07,89628.8920137082,43132.31445565861
2.6499999999999986,89623.59724188439,43139.35264690807,10.808709928632712,0.28383013445798605,-1.269430949246697e-06,4.166666663622917,2.729569071651921e-06,89628.8920137082,43132.31445565861
2.6999999999999984,89623.47803743386,43139.52350672396,11.017043261813814,0.28382986999447546,-7.954878014082567e-07,4.166666663623348,2.5771790005107373e-06,89628.77446624903,43132.476445284476
2.7499999999999982,89623.35883290689,43139.694366486525,11.225376594994941,0.28382970426959553,-3.480608921080375e-07,4.166666663622781,1.5062591464507178e-06,89628.77446624903,43132.476445284476
2.799999999999998,89623.23962833523,43139.86522621792,11.433709928176077,0.28382963175127884,-8.663799810904038e-08,4.166666663622719,6.129333507822703e-07,89628.77446624903,43132.476445284476
2.849999999999998,89623.1204237454,43140.03608593662,11.642043261357209,0.28382961370440457,1.9854471844382715e-08,4.166666663622635,1.238488852251835e-07,89628.77446624903,43132.476445284476
2.8999999999999977,89623.00121915188,43140.20694565276,11.85037659453835,0.2838296178393195,4.135601461285887e-08,4.166666663622837,-6.294963386290878e-08,89628.77446624903,43132.476445284476
2.9499999999999975,89622.88201456024,43140.377805370204,12.058709837025669,0.28386359825379337,0.0009330920447094826,4.166666663622842,-0.006422642376345459,89628.65691878984,43132.63843491033
2.9999999999999973,89622.76300056106,43140.54879790136,12.267042949732508,0.28413039209009594,0.001454838026727412,4.166666663622847,-0.012749388460447543,89628.65691878984,43132.63843491033
3.049999999999997,89622.64436535459,43140.72005345747,12.475376222949903,0.2844334832408811,-0.000758717345354043,4.166666663622865,-0.0017495477915879982,89628.65691878984,43132.63843491033
3.099999999999997,89622.52578217097,43140.891345040094,12.68370943854582,0.2842754171400349,-0.001062458611805095,4.166666663622917,0.0019643413702018116,89628.65691878984,43132.63843491033
3.149999999999997,89622.40714057835,43141.0625961721,12.892042717512778,0.28405407163277774,-0.0007214266648079004,4.166666663623348,0.0021978606735759466,89628.65691878984,43132.63843491033
3.1999999999999966,89622.28843364945,43141.23380202114,13.100376038662656,0.2839037744140814,-0.00033985307680639565,4.166666663622781,0.001384167101281684,89628.53937133067,43132.800424536195
3.2499999999999964,89622.16968558202,43141.40497933913,13.30870937081156,0.2838329716882751,-9.954609608398002e-05,4.166666663622719,0.000608375495468583,89628.53937133067,43132.800424536195
3.2999999999999963,89622.05091943537,43141.57614411391,13.517042703988848,0.28381223291598845,6.074683335022257e-06,4.166666663622634,0.000152781265030088,89628.53937133067,43132.800424536195
3.349999999999996,89621.93214874869,43141.74730573841,13.725376037059291,0.28381349846797543,3.2599187976600774e-05,4.166666663622836,-3.31082023249337e-05,89628.53937133067,43132.800424536195
3.399999999999996,89621.81337904585,43141.9184680456,13.93370937016533,0.28382028996827335,2.6851256910376264e-05,4.1666666636228396,-7.083892720482755e-05,89628.53937133067,43132.800424536195
3.4499999999999957,89621.69461144805,43142.089631813455,14.142042703324412,0.28382588397501296,1.4552832036773822e-05,4.1666666636228475,-5.289156298276612e-05,89628.42182387148,43132.96241416206
3.4999999999999956,89621.57584542198,43142.26079667189,14.350376036502551,0.2838289158177933,5.37018855739646e-06,4.166666663622866,-2.6849752215981086e-05,89628.42182387148,43132.96241416206
3.5499999999999954,89621.45708019377,43142.431962083945,14.558709369683644,0.28383003460041,7.088537041788356e-07,4.166666663622918,-8.990084218307696e-06,89628.42182387148,43132.96241416206
3.599999999999995,89621.33831523272,43142.60312768137,14.767042702864735,0.2838301822825029,-8.519248049232431e-07,4.166666663623348,-5.048179961790818e-07,89628.42182387148,43132.96241416206
3.649999999999995,89621.21955028667,43142.77429328919,14.97537602297305,0.28381233422464625,0.00035425854947668256,4.166666663622784,-0.002105059404111128,89628.42182387148,43132.96241416206
3.699999999999995,89621.10084790312,43142.945502289695,15.183709337827944,0.2838681923112325,0.0004194424006254138,4.166666663622719,-0.003144269509987945,89628.30448048667,43133.124549708824
3.7499999999999947,89620.98223899714,43143.11677606217,15.392042669343768,0.28395557613791667,-0.00012643954188096274,4.166666663622637,-0.0005710009029788864,89628.30448048667,43133.124549708824
3.7999999999999945,89620.86364707048,43143.28806159175,15.600375997224642,0.2839292345663313,-0.00022557163309322448,4.166666663622836,0.00036235489127441674,89628.30448048667,43133.124549708824
3.8499999999999943,89620.74504436868,43143.45933966052,15.808709327649616,0.28388224047158467,-0.0001626628548634379,4.166666663622841,0.00047348160325025405,89628.30448048667,43133.124549708824
3.899999999999994,89620.62642758794,43143.630607979365,16.017042660156385,0.28384835237076983,-8.046112178172748e-05,4.166666663622848,0.0003148581586129989,89628.18920756885,43133.28816571802
3.949999999999994,89620.50780144535,43143.80186981402,16.2253759932682,0.2838315896374046,-2.5798245256059005e-05,4.166666663622868,0.00014564347204102057,89628.18920756885,43133.28816571802
3.999999999999994,89620.38917097238,43143.97312864912,16.43370932644932,0.2838262150029259,-5.130005575892937e-07,4.166666663622919,4.11018100029635e-05,89628.18920756885,43133.28816571802
4.049999999999994,89620.27053927736,43144.1443866377,16.64204265962592,0.28382610813084425,6.622810813539104e-06,4.166666663623348,-3.966679415745904e-06,89628.18920756885,43133.28816571802
4.099999999999993,89620.15190770029,43144.315644707975,16.85037599280339,0.28382748788700696,5.934151193098813e-06,4.166666663622784,-1.473723058438507e-05,89628.18920756885,43133.28816571802
4.149999999999993,89620.03327656139,43144.48690308177,17.058709325983337,0.28382872416983024,3.3756042183696877e-06,4.1666666636227205,-1.1809058034642486e-05,89628.07393465104,43133.45178172721
4.199999999999993,89619.91464577359,43144.65816169879,17.267042659164286,0.2838294274192432,1.3253607651364518e-06,4.166666663622637,-6.2921570814961565e-06,89628.07393465104,43133.45178172721
4.249999999999993,89619.79601517288,43144.8294204454,17.475375992345423,0.28382970353806214,2.330114510229464e-07,4.166666663622838,-2.2571861565476978e-06,89628.07393465104,43133.45178172721
4.299999999999993,89619.67738463928,43145.000679238496,17.683709325526564,0.2838297520839474,-1.588404443531033e-07,4.166666663622842,-2.3569838768131095e-07,89628.07393465104,43133.45178172721
4.3499999999999925,89619.55875411269,43145.171938036445,17.8920426587077,0.2838297189924843,-1.9976030340984607e-07,4.166666663622848,3.779618224906505e-07,89628.07393465104,43133.45178172721
4.399999999999992,89619.44012357485,43145.34319682661,18.100374218162806,0.28412810188268545,0.0041264747851395,4.16666666362289,-0.03003172654751048,89627.95866173322,43133.61539773641
4.449999999999992,89619.32238783108,43145.515071991635,18.30870694745464,0.28526549186520617,0.002407766643746534,4.1666666636229195,-0.03144875403841604,89627.95866173322,43133.61539773641
4.499999999999992,89619.20559256131,43145.68758762186,18.517039309154583,0.28576710943358485,-0.0030538871922773936,4.1666666636233485,-0.0015982508067001909,89627.95866173322,43133.61539773641
4.549999999999992,89619.08884516469,43145.860135653136,18.72537148629829,0.28513088392163555,-0.0033313615267207553,4.1666666636227845,0.00722466018591203,89627.95866173322,43133.61539773641
4.599999999999992,89618.97188143243,43146.03253711209,18.933704370086705,0.2844368515501562,-0.0020770584222025157,4.166666663622722,0.00675787829490245,89627.95866173322,43133.61539773641
4.6499999999999915,89618.85471550887,43146.20480122348,19.142037618179256,0.28400413135478353,-0.000903797782486393,4.166666663622641,0.0039312606613386624,89627.84338881541,43133.7790137456
4.699999999999991,89618.73743203994,43146.37698532736,19.35037094625972,0.2838158401783317,-0.00022128375592966876,4.166666663622842,0.001586557523392459,89627.84338881541,43133.7790137456
4.749999999999991,89618.62010114834,43146.549137119655,19.558704279135302,0.28376973939880823,5.4160509932454914e-05,4.166666663622846,0.0003102936941088188,89627.84338881541,43133.7790137456
4.799999999999991,89618.50276098301,43146.72128259103,19.76703761110075,0.2837810228428731,0.00010803092415434534,4.166666663622855,-0.00016344441049903087,89627.84338881541,43133.7790137456
4.849999999999991,89618.3854257025,43146.89343139196,19.975370943620963,0.28380352928018976,7.965523876496405e-05,4.166666663622873,-0.00022803263824921477,89627.84338881541,43133.7790137456
4.899999999999991,89618.26809723726,43147.06558483794,20.18370427663489,0.28382012412738084,4.0066157857232554e-05,4.166666663622925,-0.00015467504317682535,89627.7281158976,43133.9426297548
4.94999999999999,89618.15077339497,43147.23774143451,20.392037609797875,0.28382847124756083,1.3212872028045552e-05,4.166666663623354,-7.278301189113034e-05,89627.7281158976,43133.9426297548
4.99999999999999,89618.03345172804,43147.409899513565,20.60037094297898,0.2838312239298936,5.769119781895427e-07,4.16666666362279,-2.124870813816275e-05,89627.7281158976,43133.9426297548
5.04999999999999,89617.9161306962,43147.58205802542,20.80870427615911,0.28383134412244904,-3.1120793768657506e-06,4.166666663622728,1.3068633519599645e-06,89627.7281158976,43133.9426297548
5.09999999999999,89617.79880962531,43147.75421651066,21.017033498479634,0.28373220711734043,0.006282069057219619,4.16666666362268,-0.03962019119571111,89627.61284297978,43134.10624576399
5.14999999999999,89617.68267613651,43147.92717832868,21.225365865197077,0.2850085299096374,0.0030459905918966967,4.166666663622848,-0.03274687808869628,89627.61284297978,43134.10624576399
5.1999999999999895,89617.56752819852,43148.1007978267,21.43369847168311,0.28564311030337053,-0.0026412643037092565,4.166666663622856,-0.0029035418829589077,89627.61284297978,43134.10624576399
5.249999999999989,89617.45246779476,43148.27447534741,21.642030774318805,0.285092847548842,-0.0031453528322091806,4.166666663622866,0.00643906078890578,89627.61284297978,43134.10624576399
5.299999999999989,89617.33721330746,43148.44802413269,21.850363679319567,0.28443756678373955,-0.0020274449655195426,4.16666666362289,0.006428430334033339,89627.61284297978,43134.10624576399
5.349999999999989,89617.22176520072,43148.621444178716,22.058696925977987,0.2840151827045147,-0.0009113825991620139,4.166666663622947,0.0038583985230193694,89627.49757006197,43134.26986177319
5.399999999999989,89617.10620095201,43148.79478685129,22.267030253082993,0.28382531134886274,-0.00024151848130049558,4.16666666362338,0.001613126762821418,89627.49757006197,43134.26986177319
5.449999999999989,89616.990588162,43148.968097152494,22.475363586109424,0.28377499500454434,3.853855155666608e-05,4.166666663622818,0.00035351751728960804,89627.49757006197,43134.26986177319
5.4999999999999885,89616.87496473538,43149.14140035769,22.683696918250703,0.2837830238732797,9.991312304258315e-05,4.1666666636227605,-0.0001329043226806921,89627.49757006197,43134.26986177319
5.549999999999988,89616.75934530752,43149.31470623069,22.892030250816806,0.28380383909990736,7.68393953056723e-05,4.1666666636226815,-0.0002131767366320483,89627.49757006197,43134.26986177319
5.599999999999988,89616.64373229377,43149.48801638263,23.1003635838327,0.28381984731444876,3.982962532100842e-05,4.166666663622887,-0.00015010603810992944,89627.38229714416,43134.43347778238
5.649999999999988,89616.52812379654,43149.661329547394,23.308696916994094,0.2838281451513895,1.3769528910856366e-05,4.166666663622893,-7.289721268544677e-05,89627.38229714416,43134.43347778238
5.699999999999988,89616.41251749272,43149.83464417526,23.51703025017511,0.28383101379485004,1.1137023205876062e-06,4.166666663622905,-2.2499913079485687e-05,89627.38229714416,43134.43347778238
5.749999999999988,89616.29691186591,43150.007959254704,23.725363583355445,0.2838312458261557,-2.7924721011096665e-06,4.166666663622928,4.610996861226971e-07,89627.38229714416,43134.43347778238
5.799999999999987,89616.18130622523,43150.1812743249,23.933649156438783,0.2815574565509571,0.021412950726571456,4.166666663623245,-0.09223699596835173,89627.38229714416,43134.43347778238
5.849999999999987,89616.0684986267,43150.356423471145,24.141964285491394,0.2852147669339572,0.013219764727474548,4.166666663623413,-0.09749167439045567,89627.26702422634,43134.59709379158
5.899999999999987,89615.95868108529,43150.533462690844,24.350296146241146,0.28796880436997946,-0.0037597018503672253,4.16666666362286,-0.021329396919652185,89627.26702422634,43134.59709379158
5.949999999999987,89615.8495199748,43150.710907413704,24.558623677302826,0.28718553499807087,-0.007463283822301658,4.16666666362281,0.011319490227500522,89627.26702422634,43134.59709379158
5.999999999999987,89615.74001034797,43150.88813726262,24.76695386172942,0.2856306986284871,-0.005498010529111141,4.166666663622738,0.01574795317361186,89627.26702422634,43134.59709379158
6.0499999999999865,89615.63001654115,43151.06506702319,24.975286399244773,0.28448528554605923,-0.002763764911636102,4.166666663622953,0.010673609068142067,89627.26702422634,43134.59709379158
6.099999999999986,89615.51969504998,43151.24179264754,25.183619646044637,0.2839095019242145,-0.0009106373478369179,4.166666663622969,0.005020328951600882,89627.15175130853,43134.76070980077
6.149999999999986,89615.40921956806,43151.41842204942,25.391952979066982,0.2837197858391398,-3.904520022102176e-05,4.166666663622989,0.0014659523430065485,89627.15175130853,43134.76070980077
6.199999999999986,89615.2986991365,43151.595023328926,25.60028630741237,0.2837116514181625,0.00021546065865152286,4.166666663623019,-9.366105955327042e-05,89627.15175130853,43134.76070980077
6.249999999999986,89615.18818157661,43151.77162640554,25.808619636460126,0.2837565390597345,0.00019919999635797936,4.166666663623083,-0.0004838806497081052,89627.15175130853,43134.76070980077
6.299999999999986,89615.077678853,43151.948238765784,26.016952968259073,0.2837980390557757,0.00011519293262196584,4.166666663623524,-0.0003979850711654144,89627.03647839071,43134.92432580997
6.349999999999985,89614.96718833264,43152.124858760755,26.225286301218862,0.2838220375879999,4.609836025482039e-05,4.166666663622972,-0.00021566497629106515,89627.03647839071,43134.92432580997
6.399999999999985,89614.85670442533,43152.301482892566,26.4336196343922,0.2838316414125934,8.656461899292367e-06,4.166666663622921,-7.874292092312933e-05,89627.03647839071,43134.92432580997
6.449999999999985,89614.74622293259,43152.47810853475,26.641952967570724,0.2838334448382488,-5.01412247144728e-06,4.16666666362285,-8.675055836506755e-06,89627.03647839071,43134.92432580997
6.499999999999985,89614.63574170586,43152.65473434333,26.85028630074745,0.28383240022940887,-6.5202894727889316e-06,4.166666663623063,1.1305531236748896e-05,89627.03647839071,43134.92432580997
6.549999999999985,89614.52526013246,43152.83135993506,27.05803179237555,0.2838819367351067,0.07513943569122583,4.166666663624794,-0.3205135402767856,89626.9212054729,43135.08794181916
6.5999999999999845,89614.42513554124,43153.01405614484,27.2662558608911,0.2994540130873772,0.03241049555633291,4.166669597419664,-0.26060298898776696,89626.9212054729,43135.08794181916
6.649999999999984,89614.33357345981,43153.20119022233,27.47456910903572,0.30620502234727165,-0.013885944300035646,4.166666663623047,-0.15577521367842603,89626.9212054729,43135.08794181916
6.699999999999984,89614.24714702614,43153.390750896724,27.682726069503804,0.3033122102514398,-0.04115114828286881,4.166666663623119,0.05156365515351958,89626.9212054729,43135.08794181916
6.749999999999984,89614.1590256272,43153.57952959458,27.89095146698317,0.29474147381536064,-0.0321911823855503,4.166666663623569,0.0879387872053246,89626.9212054729,43135.08794181916
6.799999999999984,89614.06802509881,43153.766937389366,28.099255104182642,0.28803613572212955,-0.016884554989911038,4.166666663623022,0.0629084410298938,89626.80593255509,43135.25155782836
6.849999999999984,89613.97498055479,43153.95333881249,28.307584751448047,0.28451868723722323,-0.005948520446502403,4.166666663622982,0.03093703632390828,89626.80593255509,43135.25155782836
6.8999999999999835,89613.88093587446,43154.139237644704,28.515918050094022,0.28327941945002183,-0.0005757930592662497,4.166666663622916,0.009806685304990502,89626.80593255509,43135.25155782836
6.949999999999983,89613.78657481848,43154.32497608668,28.724251251014433,0.2831594625774085,0.0011268111172384465,4.166666663623138,9.646264640824202e-05,89626.80593255509,43135.25155782836
6.999999999999983,89613.69221065196,43154.51071294837,28.932584447974254,0.2833942148534027,0.0011435580396432776,4.166666663623182,-0.0026049327621710167,89626.80593255509,43135.25155782836
7.049999999999983,89613.5979304939,43154.696492466916,29.140917731372912,0.2836324560523635,0.0006913118106890437,4.166666663623209,-0.002305485558434843,89626.69065963727,43135.41517383756
7.099999999999983,89613.50372470323,43154.88230970702,29.349251055729916,0.28377647934368383,0.0002910531275124306,4.166666663623249,-0.001300779204617238,89626.69065963727,43135.41517383756
7.149999999999983,89613.40956087805,43155.068148216866,29.557584388467948,0.28383711540755213,6.522332571279321e-05,4.166666663623319,-0.000503308122158127,89626.69065963727,43135.41517383756
7.199999999999982,89613.31541329177,43155.25399495403,29.765917721598,0.2838507036067289,-2.2156612350165972e-05,4.166666663623769,-9.002846792909444e-05,89626.69065963727,43135.41517383756
7.249999999999982,89613.22126861029,43155.43984316269,29.971111254924665,0.2621129649116475,0.17383353090525588,4.166666663627279,-0.6375980003757393,89626.69065963727,43135.41517383756
7.299999999999982,89613.15574164758,43155.62492405226,30.167091602757942,0.29593991298184924,0.06039156679733626,3.926765515000809,-0.34798339380384763,89626.57552844362,43135.57888919023
7.349999999999982,89613.09798269233,43155.82509081775,30.37542495075108,0.3077898829241007,0.001040982793952594,4.166669217458037,-0.23741171613980433,89626.57552844362,43135.57888919023
7.399999999999982,89613.04868117906,43156.02750657431,30.58358347217986,0.30800675442125464,-0.04096861690153375,4.166666663623184,-0.0014063949066905226,89626.57552844362,43135.57888919023
7.4499999999999815,89612.9994290903,43156.229934362585,30.79173990399839,0.2994740133074828,-0.041212782914627155,4.166666663623232,0.09410782438594748,89626.57552844362,43135.57888919023
7.499999999999981,89612.94686666585,43156.43152793701,31.000009038291054,0.2908904472039198,-0.024826215695122222,4.166666663623284,0.0827606907251229,89626.46103877688,43135.74305422992
7.549999999999981,89612.89140662902,43156.632343678495,31.208331050359266,0.2857188502150242,-0.010425145983807838,4.166666663623348,0.046676976504636855,89626.46103877688,43135.74305422992
7.599999999999981,89612.83431991196,43156.83270306672,31.416663824991993,0.2835469841389905,-0.002315613848740128,4.166666663623445,0.018127682302531246,89626.46103877688,43135.74305422992
7.649999999999981,89612.77660284517,43157.03288178166,31.624997086084207,0.283064565023617,0.0008318979938883864,4.166666663623917,0.0030557109611321705,89626.46103877688,43135.74305422992
7.699999999999981,89612.7187795903,43157.23302984913,31.833330225916715,0.2832378770800715,0.0013624050198783877,4.166666663623398,-0.0022974507053197357,89626.46103877688,43135.74305422992
7.7499999999999805,89612.66103617182,43157.43320096427,32.041663462388314,0.28352171136771787,0.0009635413487245614,4.166666663623378,-0.00284780678597792,89626.34654911014,43135.90721926961
7.79999999999998,89612.60339172743,43157.63340060399,32.24999677264425,0.28372244910941097,0.00046912917201513693,4.166666663623339,-0.0018588313324834442,89626.34654911014,43135.90721926961
7.84999999999998,89612.5458118933,43157.83361883597,32.458330103592374,0.28382018435850154,0.00014641496772860307,4.166666663623584,-0.0008419541332654048,89626.34654911014,43135.90721926961
7.89999999999998,89612.48826132622,43158.0338454824,32.66666343677355,0.2838506874802159,2.423407146068257e-07,4.166666663623631,-0.00023538306624387863,89626.34654911014,43135.90721926961
7.94999999999998,89612.43071894147,43158.23407448048,32.874980598865875,0.2831535673375514,0.012459713644674686,4.166666663629028,-0.07314930509862048,89626.34654911014,43135.90721926961
7.99999999999998,89612.37572850437,43158.43501932268,33.07525151651732,0.26115277471491827,0.2791122121590366,4.166666666666685,-0.6599529721014005,89626.2320594434,43136.071384309296
8.04999999999998,89612.35737605357,43158.57283047058,33.21283266184792,0.3185490927193685,0.14438485782473842,2.7805556951705546,-0.6596872353639484,89626.2320594434,43136.071384309296
8.09999999999998,89612.35083884577,43158.72643397796,33.366346725554195,0.3385529269706491,0.05452611673459762,3.074851057608101,-0.6450314278026308,89626.2320594434,43136.071384309296
8.14999999999998,89612.36205477834,43158.93446528876,33.574497583544904,0.3469317580573871,-0.04186967884683446,4.166668857394862,-0.40215750396954547,89626.2320594434,43136.071384309296
8.199999999999982,89612.38858794779,43159.141102092435,33.78143772698849,0.338211452133486,-0.11571324401067606,4.166666663624325,0.14845279328028818,89626.2320594434,43136.071384309296
8.249999999999982,89612.4097476448,43159.34835808134,33.98893256964895,0.31415828712309984,-0.08974917468982202,4.166666663624462,0.24200402018109204,89626.2320594434,43136.071384309296
8.299999999999983,89612.4220087864,43159.55633029612,34.197036870559664,0.2954856337640657,-0.04689469881863495,4.166666663624889,0.17348826745399548,89626.11756977666,43136.23554934899
8.349999999999984,89612.42793760121,43159.764579250186,34.40534195028487,0.2857194852568225,-0.01646934452548443,4.166666663625113,0.08566913980740222,89626.11756977666,43136.23554934899
8.399999999999984,89612.43076096199,43159.97289345121,34.613675030051596,0.28228852691330225,-0.00155973718364244,4.166666663625346,0.027118453048607476,89626.11756977666,43136.23554934899
8.449999999999985,89612.43260329784,43160.18121863815,34.82200732997991,0.2819635818115819,0.0031494819652850836,4.166666663625584,0.00018744883482659734,89626.11756977666,43136.23554934899
8.499999999999986,89612.43443885412,43160.389543884936,35.03033960844495,0.2826197227859947,0.003182025238834818,4.166666663625862,-0.007272659613865542,89626.00308010993,43136.39971438868
8.549999999999986,89612.436537448,43160.597866648015,35.23867255787097,0.28328264359604893,0.0019193884624311153,4.166666663626506,-0.006406122826545304,89626.00308010993,43136.39971438868
8.599999999999987,89612.43886773488,43160.80618694822,35.44700582318037,0.2836825159513149,0.0008071990745079916,4.166666663626173,-0.0036001936850488113,89626.00308010993,43136.39971438868
8.649999999999988,89612.44132822905,43161.01450575122,35.65533915290509,0.2838506823898565,0.00018216282090310898,4.1666666636263265,-0.001417091770377089,89626.00308010993,43136.39971438868
8.699999999999989,89612.44383997437,43161.222823942575,35.863569938445764,0.2791087393779306,0.031377350619520517,4.166666663641719,-0.10241515705528569,89626.00308010993,43136.39971438868
8.74999999999999,89612.45006811008,43161.431064159726,36.060621594693096,0.22546584021373867,0.33059937388909155,4.1666666636260015,-0.6598331556044474,89625.8885904432,43136.563879428366
8.79999999999999,89612.47285319121,43161.56824422245,36.19702108966385,0.2930929241755745,0.19590534513324176,2.7811889207232547,-0.6612235151605026,89625.8885904432,43136.563879428366
8.84999999999999,89612.50784663962,43161.70261911872,36.33510212434491,0.3201614908697295,0.10574067636928497,2.7771319146676268,-0.662260695089782,89625.8885904432,43136.563879428366
8.899999999999991,89612.57607434443,43161.892480862574,36.536826453393665,0.3348169349313057,0.015514705372237536,4.034972192409512,-0.4626561626409396,89625.8885904432,43136.563879428366
8.949999999999992,89612.6627022941,43162.0819495303,36.744673495290584,0.3379468795972461,-0.06833896125794059,4.166666663627375,-0.15336349258634746,89625.8885904432,43136.563879428366
8.999999999999993,89612.75438308613,43162.269025477675,36.95206396371316,0.3237206752853068,-0.09517529835438232,4.166666663628135,0.17463450598063293,89625.8885904432,43136.563879428366
9.049999999999994,89612.84029153764,43162.45882146202,37.159963486067866,0.30392240963908845,-0.06454479108040712,4.166666663627883,0.19402543199196148,89625.77410077646,43136.72804446806
9.099999999999994,89612.91967653502,43162.65143714131,37.368200365769255,0.29048491289736134,-0.030430656694262925,4.166666663628154,0.12312677073029794,89625.77410077646,43136.72804446806
9.149999999999995,89612.99490520914,43162.845713810784,37.57652536282572,0.28414617116962065,-0.008945799758018236,4.166666663628382,0.05443060684429548,89625.77410077646,43136.72804446806
9.199999999999996,89613.06829286244,43163.040693373965,37.784858668561476,0.2822824877488693,0.0005133016781364574,4.166666663628917,0.0137376780175195,89625.77410077646,43136.72804446806
9.249999999999996,89613.14121524928,43163.235847423915,37.99319112662883,0.28238942556996194,0.0028984653367372104,4.166666663629231,-0.002925576087830239,89625.77410077646,43136.72804446806
9.299999999999997,89613.21423674817,43163.4309644104,38.20152386452564,0.2829932716851688,0.0023905513047468574,4.166666663629571,-0.006286517709843902,89625.65961110972,43136.89220950775
9.349999999999998,89613.28747115884,43163.62600158329,38.409857021901686,0.28349130273816814,0.0012991276030795973,4.166666663629904,-0.004640683579387853,89625.65961110972,43136.89220950775
9.399999999999999,89613.36086268327,43163.820979689386,38.6181903297196,0.2837619542419871,0.0004934475874325273,4.166666663630291,-0.0024753746705605865,89625.65961110972,43136.89220950775
9.45,89613.43433799343,43164.015926237225,38.82410333433582,0.2385665221112003,0.15257877818624888,4.166666663719161,-0.34990656249939367,89625.65961110972,43136.89220950775
9.5,89613.52000845403,43164.20582991231,39.00983658150712,0.1375533391610823,0.47010879134049066,4.166669347526632,-0.6593386020711451,89625.54512144298,43137.05637454744
9.55,89613.59368519926,43164.32377905989,39.14114977589729,0.23192491606541923,0.3355521642994299,2.7813855684646667,-0.659619657836301,89625.54512144298,43137.05637454744
9.600000000000001,89613.67763536148,43164.43461918706,39.276018368516944,0.27771912070584875,0.24567914661945167,2.780874936209027,-0.659829439898492,89625.54512144298,43137.05637454744
9.650000000000002,89613.77119077666,43164.53746816995,39.41336896959767,0.3115366642564196,0.15578369657131796,2.7806854544821795,-0.6597674958856012,89625.54512144298,43137.05637454744
9.700000000000003,89613.88259754649,43164.639766744454,39.564290289000795,0.33310843688535796,0.06590586809778864,3.0249936666322323,-0.6542958750267909,89625.54512144298,43137.05637454744
9.750000000000004,89614.0489352268,43164.76520440091,39.77252513942175,0.3430694638318182,-0.030768537972574617,4.166669151770626,-0.40624163310515693,89625.54512144298,43137.05637454744
9.800000000000004,89614.22416842189,43164.87788139525,39.9797012235211,0.33666035929169547,-0.10545089714524991,4.166666663625836,0.09982915433679582,89625.54512144298,43137.05637454744
9.850000000000005,89614.39741585334,43164.993588375204,40.18722728143133,0.31473211511969484,-0.0880616419965361,4.16666666362611,0.22565752973291908,89625.43063177624,43137.22053958713
9.900000000000006,89614.5659153708,43165.11610649766,40.39531859523495,0.2964096425154064,-0.04820618228801221,4.166666663626723,0.1718338113816807,89625.43063177624,43137.22053958713
9.950000000000006,89614.73064757643,43165.24364503357,40.603617890743855,0.2863705771379252,-0.018076795996452955,4.166666663626319,0.08886888765506681,89625.43063177624,43137.22053958713
10.000000000000007,89614.89338720978,43165.373716511815,40.811950515731766,0.28260478305604864,-0.002607424130007807,4.166666663626439,0.030401299220302856,89625.43063177624,43137.22053958713
10.050000000000008,89615.05543784892,43165.50464537828,41.0202831050923,0.2820615703326345,0.0026722058043215924,4.166666663626521,0.0021749066494290295,89625.3161421095,43137.38470462682
10.100000000000009,89615.21743903926,43165.63563542387,41.22861546939464,0.2826182792117215,0.0030497943593754684,4.166666663626903,-0.006408305808581403,89625.3161421095,43137.38470462682
10.15000000000001,89615.37958586468,43165.766445151035,41.436948411654775,0.28325365202728675,0.0019372260842005495,4.166666663627071,-0.006163476333455096,89625.3161421095,43137.38470462682
10.20000000000001,89615.54187257169,43165.897081296265,41.64528166650548,0.2836572405514012,0.0008671645431954644,4.166666663627263,-0.0037330962863596955,89625.3161421095,43137.38470462682
10.25000000000001,89615.70424391121,43166.02761223443,41.83885018924362,0.1291256395893832,0.37874635089719355,4.1666666636890275,-0.6238564528362732,89625.3161421095,43137.38470462682
10.300000000000011,89615.82385669867,43166.1013035269,41.97031789867778,0.1575650588961811,0.36034440633566023,2.8098131973911613,-0.6602284675487008,89625.3161421095,43137.38470462682
10.350000000000012,89615.94837097298,43166.163188703475,42.104346455934916,0.20710157962800524,0.26943863000200086,2.780904858941298,-0.6591404408166203,89625.20165244276,43137.54886966651
10.400000000000013,89616.09831886343,43166.22160451377,42.262680758874666,0.24411408327128284,0.17967003328033737,3.218495098003552,-0.5371720226724349,89625.20165244276,43137.54886966651
10.450000000000014,89616.2861080833,43166.277973679935,42.45777218913761,0.27287213000305965,0.0997987855964837,3.9213402806000626,-0.355565878038242,89625.20165244276,43137.54886966651
10.500000000000014,89616.48891065441,43166.32565983186,42.66594627085502,0.29240691511247263,0.03912439239736187,4.166670226306168,-0.2261549210182575,89625.20165244276,43137.54886966651
10.550000000000015,89616.69345564845,43166.36520882843,42.874279533649855,0.3005557578387224,-0.0008220153803026875,4.166666663624369,-0.17715960364895608,89625.20165244276,43137.54886966651
10.600000000000016,89616.89913093449,43166.398381926345,43.08250684317237,0.30038450466861727,-0.03190475618342559,4.1666666636245395,0.023999404135161075,89625.08716277602,43137.713034706205
10.650000000000016,89617.1046661906,43166.43241185737,43.29076003951674,0.2937388080467698,-0.02773739280811638,4.166666663624702,0.07025403136040823,89625.08716277602,43137.713034706205
10.700000000000017,89617.30977037549,43166.46895020786,43.49906828122134,0.28796092551535346,-0.015520406287438782,4.1666666636248895,0.05492597106669505,89625.08716277602,43137.713034706205
10.750000000000018,89617.51451645012,43166.5074446573,43.707397895540694,0.284727637352842,-0.005975046485471758,4.166666663625095,0.02880451667437481,89625.08716277602,43137.713034706205
10.800000000000018,89617.71906740832,43166.54696279506,43.91573113012895,0.2834828433951767,-0.0009728787989153886,4.1666666636256915,0.010131210008145597,89625.08716277602,43137.713034706205
10.85000000000002,89617.92354853968,43166.586840666576,44.124064398944675,0.2832801603572874,0.0007860719713406183,4.166666663625282,0.0009634744095158273,89624.97267310928,43137.87719974589
10.90000000000002,89618.1280229978,43166.626752741075,44.332397637452964,0.28344392533448787,0.0009533418996006127,4.166666663625541,-0.0019095262977899142,89624.97267310928,43137.87719974589
10.95000000000002,89618.33251067615,43166.66659702695,44.54073093035631,0.2836425382079818,0.000621826500792455,4.166666663625628,-0.0019694996111194007,89624.97267310928,43137.87719974589
11.000000000000021,89618.5370119664,43166.70637139055,44.7222471973047,-0.03009960024206218,0.5129958613184704,4.166666663644853,-0.19791379973221238,89624.97267310928,43137.87719974589
11.050000000000022,89618.67430600579,43166.72814488474,44.84411194285667,0.05671709246154638,0.5019153872150133,2.780196993080193,-0.6597633091357712,89624.97267310928,43137.87719974589
11.100000000000023,89618.8130745279,43166.73751473748,44.97155507932797,0.12359550521319582,0.412054123714622,2.781689908690617,-0.66030907522966,89624.97267310928,43137.87719974589
11.150000000000023,89618.95204635036,43166.73437458541,45.103416106526694,0.17929778375089522,0.32204324258827555,2.7801458947526276,-0.6598065953879597,89624.85817534481,43138.041359137074
11.200000000000024,89619.09354343421,43166.718394483694,45.24199192440638,0.22329434607528587,0.23217559883011774,2.8479317681191603,-0.6315265902579296,89624.85817534481,43138.041359137074
11.250000000000025,89619.26722799518,43166.68332126357,45.41731322858751,0.25605913034847505,0.14537829535189317,3.543809108375587,-0.4543265083124348,89624.85817534481,43138.041359137074
11.300000000000026,89619.46793727315,43166.627476421076,45.62508792314135,0.2817281348564669,0.07326143447959232,4.166670646769777,-0.29046179777654746,89624.85817534481,43138.041359137074
11.350000000000026,89619.66547951981,43166.561295613144,45.83337385014867,0.2969772987376894,0.0213662847900169,4.166669584059321,-0.21163745604596262,89624.85817534481,43138.041359137074
11.400000000000027,89619.86041616491,43166.48779403417,46.0416807336576,0.30142827252769,-0.015934937327028997,4.16666666362537,-0.09078109600366993,89624.74365594242,43138.205503434954
11.450000000000028,89620.05416689212,43166.411220974784,46.24990914199797,0.29810863439187807,-0.0317389829036574,4.166666663625712,0.0480221695953383,89624.74365594242,43138.205503434954
11.500000000000028,89620.24854976266,43166.33626713996,46.45818546277135,0.29149745639898944,-0.023395385899002363,4.16666666362584,0.06687399057781152,89624.74365594242,43138.205503434954
11.55000000000003,89620.44379099243,43166.26357848947,46.66650437056182,0.28662386231187953,-0.011767979870239031,4.166666663625989,0.045381866344375306,89624.74365594242,43138.205503434954
11.60000000000003,89620.63959924068,43166.19243140497,46.87483613252928,0.2841722564089091,-0.0038837703120493394,4.16666666362613,0.0213673340630956,89624.74365594242,43138.205503434954
11.65000000000003,89620.8356701085,43166.12201129062,47.08316946257136,0.28336313964590715,-0.00017359908134428892,4.166666663626324,0.006269365526657316,89624.62913654005,43138.369647732834
11.700000000000031,89621.03181750864,43166.05180463046,47.29150270857099,0.28332697315529115,0.0009148467275927885,4.166666663626879,-0.0003434410823762869,89624.62913654005,43138.369647732834
11.750000000000032,89621.22796072235,43165.98158627509,47.499835965564415,0.28351756619908464,0.0008552215373791583,4.166666663626456,-0.002112568031703178,89624.62913654005,43138.369647732834
11.800000000000033,89621.42407816918,43165.91129598582,47.70649003502367,0.22144753131154785,0.12705367164681558,4.166666663682603,-0.025581593767688555,89624.62913654005,43138.369647732834
11.850000000000033,89621.61988159522,43165.840135139064,47.89719153953715,0.09441885711991291,0.4143791025697685,4.166670025928434,-0.5500867976954665,89624.62913654005,43138.369647732834
11.900000000000034,89621.74489774833,43165.778964668054,48.02982479359582,0.17829843710333126,0.30791640485872307,2.7835851027662573,-0.6510298659538474,89624.51461713768,43138.533792030714
11.950000000000035,89621.87670266854,43165.699344572145,48.180114863719155,0.22048000865963466,0.21955721261747652,3.079733538190744,-0.5555779053854286,89624.51461713768,43138.533792030714
12.000000000000036,89622.0256827919,43165.59229344668,48.36177571919714,0.25401791987965905,0.13989396864502046,3.6690609489780015,-0.4068616760667778,89624.51461713768,43138.533792030714
12.050000000000036,89622.1864983752,43165.45985027702,48.5695387758417,0.2795982679250051,0.07401825592770761,4.166669894477617,-0.2750984357507043,89624.51461713768,43138.533792030714
12.100000000000037,89622.34063344136,43165.31968886801,48.77780707431594,0.295004672974826,0.02501563288143016,4.166669614689598,-0.20683684564674026,89624.51461713768,43138.533792030714
12.150000000000038,89622.48956115359,43165.174006630776,48.98612683552453,0.3002157233097853,-0.011414567519686614,4.166666663623765,-0.10653294222564685,89624.51461713768,43138.533792030714
12.200000000000038,89622.6357586788,43165.02558472763,49.19436654968682,0.2978377400549125,-0.029980158462383777,4.166666663623235,0.03962886986859883,89624.4000977353,43138.69793632859
12.250000000000039,89622.78297441163,43164.87817270056,49.40264431760113,0.29159280930642517,-0.02309654250802673,4.166666663623204,0.06389751913657947,89624.4000977353,43138.69793632859
12.30000000000004,89622.93181854574,43164.732405072275,49.610962680694556,0.2867814574176931,-0.011988100912287525,4.1666666636231575,0.04507723479735218,89624.4000977353,43138.69793632859
12.35000000000004,89623.08179964151,43164.587807532094,49.81929421390842,0.28428399623122336,-0.004156887176497204,4.166666663623391,0.021920563717928665,89624.4000977353,43138.69793632859
12.400000000000041,89623.2323300258,43164.44378190548,50.02762753428363,0.28341798055046746,-0.00035062405964669807,4.166666663623429,0.006816948765464709,89624.28557833293,43138.862080626466
12.450000000000042,89623.38303076131,43164.29993453487,50.23596079520339,0.2833449338702416,0.000832892322085943,4.166666663623473,-4.3133787597540424e-05,89624.28557833293,43138.862080626466
12.500000000000043,89623.53373041961,43164.15608603574,50.44429405741671,0.2835184530838559,0.0008254038172959,4.1666666636235234,-0.001915373242221692,89624.28557833293,43138.862080626466
12.550000000000043,89623.68438223557,43164.01218743234,50.65247974356978,0.2607781984732209,0.03765074934847412,4.166666663629071,0.025369347381973405,89624.28557833293,43138.862080626466
12.600000000000044,89623.83566651073,43163.868953896446,50.85881485171724,0.2082514081350496,0.1386135076811046,4.166666663623714,0.03822775805920064,89624.28557833293,43138.862080626466
12.650000000000045,89623.98789867983,43163.72672788342,51.06495450159313,0.23703683599815573,0.14525350610213916,4.166671193671091,-0.2853072568029336,89624.17105893056,43139.026224924346
12.700000000000045,89624.13269419599,43163.57693769262,51.27236175334864,0.2671917169051591,0.09433170363550447,4.1666697858597015,-0.2744408020640559,89624.17105893056,43139.026224924346
12.750000000000046,89624.26999804983,43163.42025169541,51.48048009750249,0.28681503665947367,0.045452327519823754,4.166670133396339,-0.2012267569949415,89624.17105893056,43139.026224924346
12.800000000000047,89624.40166789951,43163.25880254428,51.68880293521033,0.29628101933772233,0.010037798065607895,4.1666666636233085,-0.17474863585308723,89624.17105893056,43139.026224924346
12.850000000000048,89624.52832811023,43163.093394053765,51.89709200937887,0.29837219219775346,-0.020613140625116433,4.16666666362334,-0.026956950907207913,89624.17105893056,43139.026224924346
12.900000000000048,89624.65421263238,43162.927394460996,52.10535870010841,0.29407809197403956,-0.025294300693760263,4.1666666636233725,0.05074538871174123,89624.05653952817,43139.190369222226
12.950000000000049,89624.78155594882,43162.76251129791,52.31366375436007,0.2888090079194094,-0.016476767444817852,4.166666663623419,0.05176943326571783,89624.05653952817,43139.190369222226
13.00000000000005,89624.91037734649,43162.59878034415,52.521991257873324,0.28537650337324505,-0.0074809807596922795,4.166666663623495,0.0313983026727965,89624.05653952817,43139.190369222226
13.05000000000005,89625.04008963081,43162.43575426953,52.73032416259976,0.2838179802126193,-0.0020280944595607586,4.166666663623976,0.01326878524735785,89624.05653952817,43139.190369222226
13.100000000000051,89625.1701771409,43162.27302745111,52.93865748786609,0.28339546088180456,0.00027564921028711,4.166666663623441,0.003005230843674769,89624.05653952817,43139.190369222226
13.150000000000052,89625.30034953487,43162.110368527094,53.146990754814496,0.28345288773748334,0.0007973923260102822,4.166666663623402,-0.001002162418803737,89623.9420201258,43139.3545135201
13.200000000000053,89625.4304936264,43161.94768695728,53.35532404751289,0.28361901116708876,0.0006234056800451526,4.166666663623347,-0.0017176717912444053,89623.9420201258,43139.3545135201
13.250000000000053,89625.56058919932,43161.784966584804,53.56309310552753,0.22913403167839816,0.0736171769168994,4.166666663634171,0.17115949234343394,89623.9420201258,43139.3545135201
13.300000000000054,89625.69550851037,43161.62622290078,53.767326289690544,0.17252435157350346,0.19872398622021326,4.166666663622896,0.00815534766660168,89623.9420201258,43139.3545135201
13.350000000000055,89625.82315184176,43161.47647021021,53.960169156475935,0.2136532246057046,0.20013987664296584,3.9354129837887952,-0.3987515828738313,89623.9420201258,43139.3545135201
13.400000000000055,89625.93691559348,43161.322640901446,54.149854521384825,0.2527724924418674,0.13105330524094416,3.8265204789878937,-0.34571077892712426,89623.82750072342,43139.51865781798
13.450000000000056,89626.0509741986,43161.1483035772,54.357623636681694,0.27777468794264565,0.0736275450294066,4.1666709986716866,-0.25595235902409774,89623.82750072342,43139.51865781798
13.500000000000057,89626.15699718155,43160.968966000844,54.565874315669376,0.29309992060412765,0.028194841977501994,4.166669615203703,-0.20116187297037497,89623.82750072342,43139.51865781798
13.550000000000058,89626.25660593381,43160.78598820386,54.77420223694249,0.2989730719728376,-0.0072079499196124885,4.166666663622843,-0.11990417737096512,89623.82750072342,43139.51865781798
13.600000000000058,89626.35236582241,43160.60096706601,54.98245317818161,0.297471428748348,-0.028124985061263708,4.1666666636228085,0.03165920978781659,89623.82750072342,43139.51865781798
13.650000000000059,89626.4491415468,43160.41647523182,55.190733183414395,0.2916128292607546,-0.02262675732268793,4.166666663622732,0.06064431822359416,89623.71298132105,43139.68280211586
13.70000000000006,89626.54785667034,43160.23301378601,55.399051302763056,0.2868993237483251,-0.012085303870048136,4.166666663622938,0.04440809219956534,89623.71298132105,43139.68280211586
13.75000000000006,89626.64798421242,43160.05031936073,55.60738264623757,0.2843816134030873,-0.004370493575485579,4.166666663622947,0.02222865560204917,89623.71298132105,43139.68280211586
13.800000000000061,89626.74881616673,43159.868012765386,55.815715952248816,0.283471096803986,-0.0005107162375641572,4.16666666362296,0.007268025039283078,89623.71298132105,43139.68280211586
13.850000000000062,89626.849878081,43159.68583354814,56.02404922666173,0.28336469759846866,0.0007511158826645215,4.166666663622983,0.00026475261654652216,89623.59846191868,43139.84694641374
13.900000000000063,89626.95094836886,43159.5036589763,56.232382493662016,0.2835211800527092,0.0007970798796330669,4.166666663623042,-0.0017596016836245658,89623.59846191868,43139.84694641374
13.950000000000063,89627.05196300009,43159.321453537326,56.440715801669874,0.28368723834073944,0.000491593161166648,4.1666666636234755,-0.0016143923334812598,89623.59846191868,43139.84694641374
14.000000000000064,89627.15292655941,43159.13921979346,56.64891175499135,0.2586905695489663,0.03631792431324099,4.166666663624538,0.04599281765268605,89623.59846191868,43139.84694641374
14.050000000000065,89627.25534301868,43158.95779860786,56.85667766542086,0.24572437147847373,0.07382230649208221,4.166666663622752,0.04041981306413745,89623.59846191868,43139.84694641374
14.100000000000065,89627.35903072894,43158.77710096965,57.064330570883385,0.261090053254314,0.0808434592553855,4.166666663622671,-0.13805225582201072,89623.4839425163,43140.01109071161
14.150000000000066,89627.458330198,43158.59395496287,57.272329001930466,0.2779141005884278,0.05672262358567215,4.166669862436205,-0.1644102443671858,89623.4839425163,43140.01109071161
14.200000000000067,89627.55231393194,43158.40802522337,57.48058122271289,0.28972498702651567,0.027919161416488425,4.166668226554606,-0.17449505937132534,89623.4839425163,43140.01109071161
14.250000000000068,89627.64056402417,43158.219306652645,57.68891380415317,0.29554072550963595,-0.0026863947407003153,4.16666666362289,-0.11142785418644024,89623.4839425163,43140.01109071161
14.300000000000068,89627.72513172959,43158.0289094864,57.89719620823154,0.294981060654956,-0.02211197206180726,4.166666663622912,0.02019052836659539,89623.4839425163,43140.01109071161
14.350000000000069,89627.81036640385,43157.83880996505,58.10549348094135,0.29037477515830407,-0.01860619553671672,4.166666663622966,0.04829164735138567,89623.36942311392,43140.17523500949
14.40000000000007,89627.89719308728,43157.649432287486,58.313815943316975,0.28649870811665,-0.010215705600006508,4.166666663623397,0.03672639966168735,89623.36942311392,43140.17523500949
14.45000000000007,89627.98522603227,43157.460612324794,58.522147743117884,0.2843704731415929,-0.003836726244779598,4.166666663622834,0.01889381472771056,89623.36942311392,43140.17523500949
14.500000000000071,89628.07387793888,43157.272082175565,58.730481044078864,0.2835711570964261,-0.0005561596426719717,4.166666663622775,0.006458354903185422,89623.36942311392,43140.17523500949
14.550000000000072,89628.16274118061,43157.08365154647,58.938814343995844,0.28345529050624324,0.0005650981011067202,4.166666663622696,0.0004703162138182292,89623.36942311392,43140.17523500949
14.600000000000072,89628.25161980781,43156.89522817387,59.147147633605556,0.28357301931100637,0.000646750177231592,4.1666666636229,-0.0013579975923999428,89623.25490371155,43140.33937930737
14.650000000000073,89628.34045400916,43156.70678385216,59.355480949191914,0.2837077589166762,0.0004109865615724573,4.166666663622905,-0.0013183516616764382,89623.25490371155,43140.33937930737
14.700000000000074,89628.42924507693,43156.518319202965,59.563696341464706,0.2570382704549499,0.03365025359303386,4.166666663623868,0.0775788659304778,89623.25490371155,43140.33937930737
14.750000000000075,89628.52057143251,43156.33106997202,59.77157838047524,0.24913210337630265,0.0658330396032043,4.166666663622898,0.03649898608527157,89623.25490371155,43140.33937930737
14.800000000000075,89628.6130830012,43156.14440345822,59.97936935877355,0.26283741517299547,0.07217248444896107,4.166666663622973,-0.10346121715599807,89623.25490371155,43140.33937930737
14.850000000000076,89628.70221486379,43155.95609957839,60.18739752015949,0.27786029945228413,0.05414610218764082,4.166669657444196,-0.15671317387990796,89623.14053760309,43140.503630262014
14.900000000000077,89628.78614820748,43155.76542191443,60.39565652050583,0.2891352343251759,0.02671399733419788,4.166666663622886,-0.16654742132706615,89623.14053760309,43140.503630262014
14.950000000000077,89628.86448170383,43155.572376217606,60.60398921775017,0.2946999884616141,-0.002470829093039306,4.166666663622846,-0.10363324798198173,89623.14053760309,43140.503630262014
