x,y,yaw,speed,kappa,s
89630.0674883,43130.6945594,2.1985291773479267,4.166666666666667,0.0,0.0
89628.3148229,43133.1098699,2.184558262080359,4.166666666666667,-0.0046815991092539,2.9842186273386306
89626.5962446,43135.5491846,2.1797791597616643,4.166666666666667,-0.0016016197711309,5.968136786216238
89624.8893618,43137.9966586,2.1799603037858284,4.166666666666667,6.070741363980466e-05,8.952023156980097
89623.1819638,43140.4439264,2.1773904387128,4.166666666666667,-0.000861211373529,11.936035156843044
89621.4806511,43142.8958758,2.176604594502028,4.166666666666667,-0.0002633191325749,14.920414617185777
89619.7813115,43145.3490954,2.1689812842645804,4.166666666666667,-0.0025544725331945,17.904713778121902
89618.100974,43147.8148295,2.1590503015584708,4.166666666666667,-0.0033282412651329,20.88856678485782
89616.4459781,43150.2959718,2.1297688898982385,4.166666666666667,-0.0098178663705799,23.871028610573486
89614.8648117,43152.8237383,2.039721989823553,4.166666666666667,-0.030201286418363,26.852587039155356
89613.5157321,43155.4866665,1.8506785840059417,4.166666666666667,-0.0633276511069148,29.83775074747691
89612.6932589,43158.3481709,1.558803517423038,4.166666666666667,-0.0980315163562023,32.81511024809262
89612.7291468,43161.3404789,1.2102974467064875,4.166666666666667,-0.1164589369284433,35.80763344904444
89613.7741219,43164.1124982,0.6768977296867748,4.166666666666667,-0.1800540485913915,38.770075677878694
89616.038489,43165.9320151,0.191816290336616,4.166666666666667,-0.1669917031562329,41.674899271996594
89618.9507637,43166.4975904,-0.3446350008353361,4.166666666666667,-0.180825166021293,44.64158418082606
89621.7102618,43165.5070397,-0.7629678656836332,4.166666666666667,-0.1426833392421388,47.57348125493624
89623.8840814,43163.4286152,-0.8966831543609823,4.166666666666667,-0.0444599138631053,50.58102843753012
89625.7384085,43161.107721,-1.0650731368394657,4.166666666666667,-0.0566835385384467,53.55173186960802
89627.1816511,43158.5014474,-1.130693627705753,4.166666666666667,-0.0220262385288445,56.53092828484496
89628.4528769,43155.8019154,-1.1828489229623198,4.166666666666667,-0.0174790698610609,59.514799604723144
89629.5826044,43153.0374306,-1.210789272654377,4.166666666666667,-0.0093558235567836,62.50121224092537
89630.6338945,43150.2444985,-0.994752554307908,4.166666666666667,0.0723925732542478,65.48545093607069
89632.2522925146,43147.75284844299,-1.1673631277384582,4.166666666666667,-0.0580962019984153,68.45656724820515
89633.20967857075,43145.509917684125,-1.0906192381801632,4.166666666666667,0.0314689982049965,70.89528134575497
89634.45844299185,43143.11230204535,-1.0318510455811805,4.166666666666667,0.0217392149842386,73.59860769132865
89636.12346221996,43140.32797420675,-0.720726092742034,4.166666666666667,0.0959021902019003,76.842797966693
89638.4128636586,43138.31707076777,-0.4690269064337992,4.166666666666667,0.0826016486626834,79.88994279228949
89640.70226509725,43137.15693416836,-0.1088652375413915,4.166666666666667,0.1403280738093699,82.45651168413983
89642.82516461308,43136.92490684848,0.3227551563878663,4.166666666666667,0.2021128230818425,84.59205354312658
89644.90643864822,43137.62098880812,0.7013335229027761,4.166666666666667,0.1725051666021473,86.78664500941022
89646.73795979914,43139.16783760734,1.1743608879088183,4.166666666666667,0.1973139075448426,89.18397914004437
89647.61209489389,43141.25608348628,1.5492717655975268,4.166666666666667,0.1656098116080189,91.44779958672227
89647.6953458553,43145.12320548432,2.052177651165908,4.166666666666667,0.1300164283618077,95.3158175895619
89646.32170499211,43147.75284844299,2.0528682880645386,4.166666666666667,0.0002327883722358,98.28261911833637
89644.86481316751,43150.53717628158,2.160184008454323,4.166666666666667,0.0341502947671844,101.42507282543895
89643.1581684587,43153.08947680029,2.286443206417051,4.166666666666667,0.0411224681364975,104.4953943232546
89641.4098982692,43155.10038023927,2.3992989410819625,4.166666666666667,0.04235346176113,107.1600108616006
89639.4771382,43156.8733096,2.236952445541231,4.166666666666667,-0.0618992396266852,109.78276513967968
89637.6355434,43159.2162561,2.261906319802911,4.166666666666667,0.0083735618616286,112.76284394891732
89635.7318312,43161.5176381,2.281972868338938,4.166666666666667,0.006718596915089,115.74956108489559
89633.7847531,43163.7775397,2.292650359802425,4.166666666666667,0.0035794515056886,118.73255762682872
89631.807161,43166.0239011,2.2680785951760924,4.166666666666667,-0.0082102203996253,121.72538405904652
89629.8754824,43168.3299613,2.222071395622349,4.166666666666667,-0.0152939055918794,124.73358881599049
89628.0728391,43170.6949574,2.290197631382741,4.166666666666667,0.0229097961590532,127.70726153168906
89626.1769196,43172.8592263,2.3707652834534634,4.166666666666667,0.0280016116719192,130.58451206336176
89623.9486293,43175.0235088,2.4526462641841933,4.166666666666667,0.0263592447076077,133.69085982252565
89621.6377949354,43176.92663418808,2.015354033057436,4.166666666666667,-0.1460740691720781,136.68449335108588
89620.22252859152,43179.897633408575,1.4901245111396102,4.166666666666667,-0.1596021016937769,139.97536180672543
89620.4575395,43182.8044835,1.1962602461293157,4.166666666666667,-0.1007649340355501,142.891696420775
89621.5366302,43185.5496266,0.6698174305122717,4.166666666666667,-0.1784782925729646,145.8413145957798
89623.8589911,43187.3888367,0.2594925815951607,4.166666666666667,-0.1385090582036362,148.80375513388418
89626.7369063,43188.1528607,-0.147847984283921,4.166666666666667,-0.136801434036019,151.78135963598194
89629.6624967,43187.7171386,-0.5210563810568799,4.166666666666667,-0.1261751595416546,154.73921915546802
89632.1322734,43186.2995723,-0.625365981588737,4.166666666666667,-0.0366296555896393,157.58690087272012
89634.642422,43184.4871419,-0.5785108773520141,4.166666666666667,0.0151336560880004,160.68298710358633
89637.2185154,43182.8048442,-0.3276579028433158,4.166666666666667,0.0815318364930084,163.7597358351105
89639.9822828,43181.8654118,-0.0204737334603762,4.166666666666667,0.1052337358999068,166.6788013491878
89642.8997601,43181.8056718,0.1864493755584831,4.166666666666667,0.0709104890601555,169.596890220967
89645.8452275,43182.3613059,0.358059797389733,4.166666666666667,0.0572527724466234,172.5943070184023
89648.6392499,43183.4067994,0.4870206746166064,4.166666666666667,0.0432287123995513,175.57752974395848
89651.2792464,43184.8048551,0.4723285321203338,4.166666666666667,-0.004918151625111,178.56485986636824
89653.9579201,43186.1733861,0.3976299583185054,4.166666666666667,-0.0248331571504965,181.57287746755892
89656.6963393,43187.3235285,0.1127877033974817,4.166666666666667,-0.0959017688085471,184.5430234665307
89659.6203205,43187.6547232,-0.2919743326758871,4.166666666666667,-0.1375488535364322,187.48570183619202
89662.4651057,43186.7996826,-0.872647163472559,4.166666666666667,-0.1954795293777628,190.4562063828575
89663.84603236795,43185.15401664483,-1.3227931757114215,4.166666666666667,-0.2095363262395514,192.6045021954138
89664.6369165013,43182.03065848995,-1.6162993446539995,4.166666666666667,-0.0910962470908322,195.82643699861072
89664.5120400592,43179.28819767104,-2.166813889936078,4.166666666666667,-0.2005296530972311,198.57173943532888
89663.0135227539,43177.078993122464,-2.7426829749560286,4.166666666666667,-0.2157230859682563,201.2412223162881
89660.1639421,43175.8778704,-2.9913074026453548,4.166666666666667,-0.0803990895217546,204.33360096346235
89657.2102013,43175.4305943,-2.993340486130537,4.166666666666667,-0.0006805496956241,207.3210146648494
89654.2806368,43174.9930699,-3.0724607591315123,4.166666666666667,-0.0267112684371843,210.2830706670583
89651.40001363785,43174.7936091067,-2.777332683105078,4.166666666666667,0.1022081332592587,213.1705911276641
89648.40297902725,43173.65091709882,-2.4883577899963205,4.166666666666667,0.0900939124109209,216.37807635475397
89646.11357758859,43171.8987893534,-1.979728577753856,4.166666666666667,0.1764276070514393,219.26101072507714
89645.15619153244,43169.68958480483,-1.39504420857481,4.166666666666667,0.2428361622990565,221.66874260340833
89645.69732278158,43166.64240611715,-0.9928965620189216,4.166666666666667,0.1299407509398248,224.7635965552846
89647.23746556757,43164.280842634194,-0.8287124675346966,4.166666666666667,0.0582336800110206,227.58299753514976
89649.02619,43162.3300419,-0.4277724316764127,4.166666666666667,0.1514852816461473,230.22972355038624
89651.7586664,43161.0842303,-0.3940189952495874,4.166666666666667,0.0112396159095346,233.23280094186472
89654.5054536,43159.9422239,-0.1056189649700155,4.166666666666667,0.0969499856525415,236.20753093628852
89657.4697214,43159.6279716,0.2833188744539424,4.166666666666667,0.1304775781130631,239.18840968226687
89660.3626944,43160.4702638,0.7173221532445161,4.166666666666667,0.1440389701363227,242.20150591851336
89662.4415384,43162.2837251,1.13017585212528,4.166666666666667,0.1496570454518084,244.96017122313953
89663.7433917,43165.0445869,1.0727601163599043,4.166666666666667,-0.018809995608111,248.01257681437835
89665.2345049,43167.7868371,0.8773158682952173,4.166666666666667,-0.0626135945044787,251.13401153812202
89667.25932178558,43170.22284107518,0.2248946715184066,4.166666666666667,-0.2059638685636566,254.30166031713674
89670.25635639616,43170.9084562799,-0.4656837274342673,4.166666666666667,-0.2246180193823199,257.3761171254182
89673.1466288,43169.4559564,-0.657808122551407,4.166666666666667,-0.0593943955353458,260.61083975177786
89675.5262027,43167.6175006,-0.8767665279258187,4.166666666666667,-0.0728152534707768,263.61788010304554
89677.4284359,43165.3315296,-1.0682870960600834,4.166666666666667,-0.0644002064405693,266.59179243531435
89678.8681197,43162.7118511,-1.2903408752109975,4.166666666666667,-0.0742849868295419,269.5810071963057
89679.6925565,43159.8496954,-1.5681591320066155,4.166666666666667,-0.0932736646086878,272.55953557257516
89679.7003982,43156.8762018,-1.8816095502060648,4.166666666666667,-0.1054144956652776,275.5330395126286
89678.7977386,43154.0661426,-2.1743296275923525,4.166666666666667,-0.0991774286697024,278.4845183048561
89677.1083911,43151.6154561,-2.448188021585644,4.166666666666667,-0.0920057765916373,281.4610530849363
89674.8028642,43149.6993879,-2.6838212537060127,4.166666666666667,-0.0786021974297247,284.4588475464848
89672.1227492,43148.3789591,-2.847184022130121,4.166666666666667,-0.0546778333450808,287.44658057154993
89669.3292198,43147.5319041,-2.991391489099984,4.166666666666667,-0.0494008702509282,290.36570864029386
89666.3609214,43147.0826789,-2.9658712142577097,4.166666666666667,0.0085008104215648,293.3678076845843
89663.3324443,43146.5449646,-2.964991956741601,4.166666666666667,0.0002858590356028,296.4436506932005
89660.26624102752,43145.99777050809,-2.3338201200030677,4.166666666666667,0.2026463684327235,299.55829736375296
89658.22659247309,43143.86474542671,-1.943261820256922,4.166666666666667,0.1323359184097202,302.5095618763621
89657.0352283,43140.8154564,-1.8382220666782167,4.166666666666667,0.0320853441362181,305.78332304073547
89656.238542,43137.9077219,-1.612575989569454,4.166666666666667,0.0748436069379172,308.79822419716874
89656.10369295724,43134.68197608961,-1.4604412019669084,4.166666666666667,0.0471215145751741,312.0267873911603
89656.39507132217,43132.05233313095,-1.6006872630403348,4.166666666666667,-0.0530083184398668,314.67252423400174
89656.31182036076,43129.26800529235,-1.762176050577975,4.166666666666667,-0.0579732918421307,317.45809638983854
89655.56256170811,43125.40088329432,-2.1644297068582223,4.166666666666667,-0.1021197680922783,321.39713448006177
89654.1702684,43123.3377092,-2.2872421430323397,4.166666666666667,-0.0493418924542567,323.88614392144007
89652.2090483,43121.0855021,-2.8983781116335274,4.166666666666667,-0.2046369803383873,326.87258345739593
89649.65174344832,43120.45096713682,-3.1138675928284214,4.166666666666667,-0.0817842966054726,329.5074350137334
89646.86283624124,43120.37362469686,3.0907309360049955,4.166666666666667,2.223886830495263,332.29741445142434
89643.82417614995,43120.52830957678,2.833229410767378,4.166666666666667,-0.084632213579589,335.34000916029913
89640.91039250077,43121.45641885631,2.8927189743014745,4.166666666666667,0.0194535843720198,338.3980349922718
89638.2639728,43122.1289866,2.5049158335994464,4.166666666666667,-0.1420239977387812,341.1285815680364
89635.8697192,43123.8992766,2.3524329320787007,4.166666666666667,-0.0512092070313766,344.10622778363427
89633.7704304,43126.0144183,2.2640656948558173,4.166666666666667,-0.0296527042574672,347.08630125199693
89631.8625729,43128.3106974,2.21622444711869,4.166666666666667,-0.0160248871580621,350.07173554961435
89630.0674883,43130.6945594,2.1985291773479267,4.166666666666667,-0.0059297602597292,353.0558814502399
89628.3148229,43133.1098699,2.184558262080359,4.166666666666667,-0.0046815991092539,356.04010007757853
89626.5962446,43135.5491846,2.1797791597616643,4.166666666666667,-0.0016016197711309,359.02401823645613
89624.8893618,43137.9966586,2.1799603037858284,4.166666666666667,6.070741363980466e-05,362.00790460722
89623.1819638,43140.4439264,2.1773904387128,4.166666666666667,-0.000861211373529,364.99191660708294
89621.4806511,43142.8958758,2.176604594502028,4.166666666666667,-0.0002633191325749,367.97629606742566
89619.7813115,43145.3490954,2.1689812842645804,4.166666666666667,-0.0025544725331945,370.9605952283618
89618.100974,43147.8148295,2.1590503015584708,4.166666666666667,-0.0033282412651329,373.9444482350977
89616.4459781,43150.2959718,2.1297688898982385,4.166666666666667,-0.0098178663705799,376.9269100608134
89614.8648117,43152.8237383,2.039721989823553,4.166666666666667,-0.030201286418363,379.90846848939526
89613.5157321,43155.4866665,1.8506785840059417,4.166666666666667,-0.0633276511069148,382.89363219771684
89612.6932589,43158.3481709,1.558803517423038,4.166666666666667,-0.0980315163562023,385.87099169833255
89612.7291468,43161.3404789,1.2102974467064875,4.166666666666667,-0.1164589369284433,388.8635148992844
89613.7741219,43164.1124982,0.6768977296867748,4.166666666666667,-0.1800540485913915,391.82595712811866
89616.038489,43165.9320151,0.191816290336616,4.166666666666667,-0.1669917031562329,394.73078072223655
89618.9507637,43166.4975904,-0.3446350008353361,4.166666666666667,-0.180825166021293,397.697465631066
89621.7102618,43165.5070397,-0.7629678656836332,4.166666666666667,-0.1426833392421388,400.62936270517616
89623.8840814,43163.4286152,-0.8966831543609823,4.166666666666667,-0.0444599138631053,403.63690988777006
89625.7384085,43161.107721,-1.0650731368394657,4.166666666666667,-0.0566835385384467,406.6076133198479
89627.1816511,43158.5014474,-1.130693627705753,4.166666666666667,-0.0220262385288445,409.5868097350849
89628.4528769,43155.8019154,-1.1828489229623198,4.166666666666667,-0.0174790698610609,412.5706810549631
89629.5826044,43153.0374306,-1.210789272654377,4.166666666666667,-0.0093558235567836,415.5570936911653
89630.6338945,43150.2444985,-0.994752554307908,4.166666666666667,0.0723925732542478,418.5413323863106
89632.2522925146,43147.75284844299,-1.1673631277384582,4.166666666666667,-0.0580962019984153,421.51244869844504
89633.20967857075,43145.509917684125,-1.0906192381801632,4.166666666666667,0.0314689982049965,423.95116279599483
89634.45844299185,43143.11230204535,-1.0318510455811805,4.166666666666667,0.0217392149842386,426.65448914156855
89636.12346221996,43140.32797420675,-0.720726092742034,4.166666666666667,0.0959021902019003,429.8986794169329
89638.4128636586,43138.31707076777,-0.4690269064337992,4.166666666666667,0.0826016486626834,432.9458242425294
89640.70226509725,43137.15693416836,-0.1088652375413915,4.166666666666667,0.1403280738093699,435.51239313437975
89642.82516461308,43136.92490684848,0.3227551563878663,4.166666666666667,0.2021128230818425,437.6479349933665
89644.90643864822,43137.62098880812,0.7013335229027761,4.166666666666667,0.1725051666021473,439.8425264596501
89646.73795979914,43139.16783760734,1.1743608879088183,4.166666666666667,0.1973139075448426,442.23986059028425
89647.61209489389,43141.25608348628,1.5492717655975268,4.166666666666667,0.1656098116080189,444.5036810369622
89647.6953458553,43145.12320548432,2.052177651165908,4.166666666666667,0.1300164283618077,448.3716990398018
89646.32170499211,43147.75284844299,2.0528682880645386,4.166666666666667,0.0002327883722358,451.33850056857625
89644.86481316751,43150.53717628158,2.160184008454323,4.166666666666667,0.0341502947671844,454.4809542756788
89643.1581684587,43153.08947680029,2.286443206417051,4.166666666666667,0.0411224681364975,457.55127577349447
89641.4098982692,43155.10038023927,2.3992989410819625,4.166666666666667,0.04235346176113,460.21589231184043
89639.4771382,43156.8733096,2.236952445541231,4.166666666666667,-0.0618992396266852,462.8386465899195
89637.6355434,43159.2162561,2.261906319802911,4.166666666666667,0.0083735618616286,465.81872539915713
89635.7318312,43161.5176381,2.281972868338938,4.166666666666667,0.006718596915089,468.8054425351354
89633.7847531,43163.7775397,2.292650359802425,4.166666666666667,0.0035794515056886,471.7884390770685
89631.807161,43166.0239011,2.2680785951760924,4.166666666666667,-0.0082102203996253,474.7812655092863
89629.8754824,43168.3299613,2.222071395622349,4.166666666666667,-0.0152939055918794,477.78947026623024
89628.0728391,43170.6949574,2.290197631382741,4.166666666666667,0.0229097961590532,480.7631429819288
89626.1769196,43172.8592263,2.3707652834534634,4.166666666666667,0.0280016116719192,483.6403935136015
89623.9486293,43175.0235088,2.4526462641841933,4.166666666666667,0.0263592447076077,486.7467412727654
89621.6377949354,43176.92663418808,2.015354033057436,4.166666666666667,-0.1460740691720781,489.74037480132563
89620.22252859152,43179.897633408575,1.4901245111396102,4.166666666666667,-0.1596021016937769,493.0312432569652
89620.4575395,43182.8044835,1.1962602461293157,4.166666666666667,-0.1007649340355501,495.94757787101474
89621.5366302,43185.5496266,0.6698174305122717,4.166666666666667,-0.1784782925729646,498.8971960460196
89623.8589911,43187.3888367,0.2594925815951607,4.166666666666667,-0.1385090582036362,501.85963658412396
89626.7369063,43188.1528607,-0.147847984283921,4.166666666666667,-0.136801434036019,504.83724108622175
89629.6624967,43187.7171386,-0.5210563810568799,4.166666666666667,-0.1261751595416546,507.79510060570783
89632.1322734,43186.2995723,-0.625365981588737,4.166666666666667,-0.0366296555896393,510.64278232295993
89634.642422,43184.4871419,-0.5785108773520141,4.166666666666667,0.0151336560880004,513.7388685538261
89637.2185154,43182.8048442,-0.3276579028433158,4.166666666666667,0.0815318364930084,516.8156172853503
89639.9822828,43181.8654118,-0.0204737334603762,4.166666666666667,0.1052337358999068,519.7346827994277
89642.8997601,43181.8056718,0.1864493755584831,4.166666666666667,0.0709104890601555,522.6527716712069
89645.8452275,43182.3613059,0.358059797389733,4.166666666666667,0.0572527724466234,525.6501884686422
89648.6392499,43183.4067994,0.4870206746166064,4.166666666666667,0.0432287123995513,528.6334111941984
89651.2792464,43184.8048551,0.4723285321203338,4.166666666666667,-0.004918151625111,531.6207413166081
89653.9579201,43186.1733861,0.3976299583185054,4.166666666666667,-0.0248331571504965,534.6287589177988
89656.6963393,43187.3235285,0.1127877033974817,4.166666666666667,-0.0959017688085471,537.5989049167706
89659.6203205,43187.6547232,-0.2919743326758871,4.166666666666667,-0.1375488535364322,540.5415832864319
89662.4651057,43186.7996826,-0.872647163472559,4.166666666666667,-0.1954795293777628,543.5120878330973
89663.84603236795,43185.15401664483,-1.3227931757114215,4.166666666666667,-0.2095363262395514,545.6603836456536
89664.6369165013,43182.03065848995,-1.6162993446539995,4.166666666666667,-0.0910962470908322,548.8823184488505
89664.5120400592,43179.28819767104,-2.166813889936078,4.166666666666667,-0.2005296530972311,551.6276208855686
89663.0135227539,43177.078993122464,-2.7426829749560286,4.166666666666667,-0.2157230859682563,554.2971037665278
89660.1639421,43175.8778704,-2.9913074026453548,4.166666666666667,-0.0803990895217546,557.3894824137021
89657.2102013,43175.4305943,-2.993340486130537,4.166666666666667,-0.0006805496956241,560.3768961150892
89654.2806368,43174.9930699,-3.0724607591315123,4.166666666666667,-0.0267112684371843,563.338952117298
89651.40001363785,43174.7936091067,-2.777332683105078,4.166666666666667,0.1022081332592587,566.2264725779039
89648.40297902725,43173.65091709882,-2.4883577899963205,4.166666666666667,0.0900939124109209,569.4339578049937
89646.11357758859,43171.8987893534,-1.979728577753856,4.166666666666667,0.1764276070514393,572.3168921753169
89645.15619153244,43169.68958480483,-1.39504420857481,4.166666666666667,0.2428361622990565,574.7246240536481
89645.69732278158,43166.64240611715,-0.9928965620189216,4.166666666666667,0.1299407509398248,577.8194780055244
89647.23746556757,43164.280842634194,-0.8287124675346966,4.166666666666667,0.0582336800110206,580.6388789853895
89649.02619,43162.3300419,-0.4277724316764127,4.166666666666667,0.1514852816461473,583.285605000626
89651.7586664,43161.0842303,-0.3940189952495874,4.166666666666667,0.0112396159095346,586.2886823921044
89654.5054536,43159.9422239,-0.1056189649700155,4.166666666666667,0.0969499856525415,589.2634123865282
89657.4697214,43159.6279716,0.2833188744539424,4.166666666666667,0.1304775781130631,592.2442911325065
89660.3626944,43160.4702638,0.7173221532445161,4.166666666666667,0.1440389701363227,595.257387368753
89662.4415384,43162.2837251,1.13017585212528,4.166666666666667,0.1496570454518084,598.0160526733791
89663.7433917,43165.0445869,1.0727601163599043,4.166666666666667,-0.018809995608111,601.0684582646179
89665.2345049,43167.7868371,0.8773158682952173,4.166666666666667,-0.0626135945044787,604.1898929883616
89667.25932178558,43170.22284107518,0.2248946715184066,4.166666666666667,-0.2059638685636566,607.3575417673763
89670.25635639616,43170.9084562799,-0.4656837274342673,4.166666666666667,-0.2246180193823199,610.4319985756579
89673.1466288,43169.4559564,-0.657808122551407,4.166666666666667,-0.0593943955353458,613.6667212020176
89675.5262027,43167.6175006,-0.8767665279258187,4.166666666666667,-0.0728152534707768,616.6737615532853
89677.4284359,43165.3315296,-1.0682870960600834,4.166666666666667,-0.0644002064405693,619.6476738855541
89678.8681197,43162.7118511,-1.2903408752109975,4.166666666666667,-0.0742849868295419,622.6368886465455
89679.6925565,43159.8496954,-1.5681591320066155,4.166666666666667,-0.0932736646086878,625.6154170228149
89679.7003982,43156.8762018,-1.8816095502060648,4.166666666666667,-0.1054144956652776,628.5889209628683
89678.7977386,43154.0661426,-2.1743296275923525,4.166666666666667,-0.0991774286697024,631.5403997550959
89677.1083911,43151.6154561,-2.448188021585644,4.166666666666667,-0.0920057765916373,634.516934535176
89674.8028642,43149.6993879,-2.6838212537060127,4.166666666666667,-0.0786021974297247,637.5147289967244
89672.1227492,43148.3789591,-2.847184022130121,4.166666666666667,-0.0546778333450808,640.5024620217896
89669.3292198,43147.5319041,-2.991391489099984,4.166666666666667,-0.0494008702509282,643.4215900905335
89666.3609214,43147.0826789,-2.9658712142577097,4.166666666666667,0.0085008104215648,646.4236891348239
89663.3324443,43146.5449646,-2.964991956741601,4.166666666666667,0.0002858590356028,649.4995321434401
89660.26624102752,43145.99777050809,-2.3338201200030677,4.166666666666667,0.2026463684327235,652.6141788139926
89658.22659247309,43143.86474542671,-1.943261820256922,4.166666666666667,0.1323359184097202,655.5654433266017
89657.0352283,43140.8154564,-1.8382220666782167,4.166666666666667,0.0320853441362181,658.839204490975
89656.238542,43137.9077219,-1.612575989569454,4.166666666666667,0.0748436069379172,661.8541056474082
89656.10369295724,43134.68197608961,-1.4604412019669084,4.166666666666667,0.0471215145751741,665.0826688413998
89656.39507132217,43132.05233313095,-1.6006872630403348,4.166666666666667,-0.0530083184398668,667.7284056842412
89656.31182036076,43129.26800529235,-1.762176050577975,4.166666666666667,-0.0579732918421307,670.513977840078
89655.56256170811,43125.40088329432,-2.1644297068582223,4.166666666666667,-0.1021197680922783,674.4530159303013
89654.1702684,43123.3377092,-2.2872421430323397,4.166666666666667,-0.0493418924542567,676.9420253716795
89652.2090483,43121.0855021,-2.8983781116335274,4.166666666666667,-0.2046369803383873,679.9284649076354
89649.65174344832,43120.45096713682,-3.1138675928284214,4.166666666666667,-0.0817842966054726,682.5633164639729
89646.86283624124,43120.37362469686,3.0907309360049955,4.166666666666667,2.223886830495263,685.3532959016638
89643.82417614995,43120.52830957678,2.833229410767378,4.166666666666667,-0.084632213579589,688.3958906105386
89640.91039250077,43121.45641885631,2.8927189743014745,4.166666666666667,0.0194535843720198,691.4539164425113
89638.2639728,43122.1289866,2.5049158335994464,4.166666666666667,-0.1420239977387812,694.1844630182759
89635.8697192,43123.8992766,2.3524329320787007,4.166666666666667,-0.0512092070313766,697.1621092338737
89633.7704304,43126.0144183,2.2640656948558173,4.166666666666667,-0.0296527042574672,700.1421827022364
89631.8625729,43128.3106974,2.21622444711869,4.166666666666667,-0.0160248871580621,703.1276169998538
89630.0674883,43130.6945594,2.1985291773479267,4.166666666666667,-0.0059297602597292,706.1117629004793
89628.3148229,43133.1098699,2.184558262080359,4.166666666666667,-0.0046815991092539,709.0959815278179
89626.5962446,43135.5491846,2.1797791597616643,4.166666666666667,-0.0016016197711309,712.0798996866955
89624.8893618,43137.9966586,2.1799603037858284,4.166666666666667,6.070741363980466e-05,715.0637860574594
89623.1819638,43140.4439264,2.1773904387128,4.166666666666667,-0.000861211373529,718.0477980573223
89621.4806511,43142.8958758,2.176604594502028,4.166666666666667,-0.0002633191325749,721.0321775176651
89619.7813115,43145.3490954,2.1689812842645804,4.166666666666667,-0.0025544725331945,724.0164766786012
89618.100974,43147.8148295,2.1590503015584708,4.166666666666667,-0.0033282412651329,727.0003296853371
89616.4459781,43150.2959718,2.1297688898982385,4.166666666666667,-0.0098178663705799,729.9827915110527
89614.8648117,43152.8237383,2.039721989823553,4.166666666666667,-0.030201286418363,732.9643499396345
89613.5157321,43155.4866665,1.8506785840059417,4.166666666666667,-0.0633276511069148,735.9495136479561
89612.6932589,43158.3481709,1.558803517423038,4.166666666666667,-0.0980315163562023,738.9268731485719
89612.7291468,43161.3404789,1.2102974467064875,4.166666666666667,-0.1164589369284433,741.9193963495237
89613.7741219,43164.1124982,0.6768977296867748,4.166666666666667,-0.1800540485913915,744.8818385783579
89616.038489,43165.9320151,0.191816290336616,4.166666666666667,-0.1669917031562329,747.7866621724759
89618.9507637,43166.4975904,-0.3446350008353361,4.166666666666667,-0.180825166021293,750.7533470813054
89621.7102618,43165.5070397,-0.7629678656836332,4.166666666666667,-0.1426833392421388,753.6852441554156
89623.8840814,43163.4286152,-0.8966831543609823,4.166666666666667,-0.0444599138631053,756.6927913380094
89625.7384085,43161.107721,-1.0650731368394657,4.166666666666667,-0.0566835385384467,759.6634947700874
89627.1816511,43158.5014474,-1.130693627705753,4.166666666666667,-0.0220262385288445,762.6426911853243
89628.4528769,43155.8019154,-1.1828489229623198,4.166666666666667,-0.0174790698610609,765.6265625052025
89629.5826044,43153.0374306,-1.210789272654377,4.166666666666667,-0.0093558235567836,768.6129751414047
89630.6338945,43150.2444985,-0.994752554307908,4.166666666666667,0.0723925732542478,771.59721383655
89632.2522925146,43147.75284844299,-1.1673631277384582,4.166666666666667,-0.0580962019984153,774.5683301486845
89633.20967857075,43145.509917684125,-1.0906192381801632,4.166666666666667,0.0314689982049965,777.0070442462343
89634.45844299185,43143.11230204535,-1.0318510455811805,4.166666666666667,0.0217392149842386,779.710370591808
89636.12346221996,43140.32797420675,-0.720726092742034,4.166666666666667,0.0959021902019003,782.9545608671723
89638.4128636586,43138.31707076777,-0.4690269064337992,4.166666666666667,0.0826016486626834,786.0017056927687
89640.70226509725,43137.15693416836,-0.1088652375413915,4.166666666666667,0.1403280738093699,788.5682745846191
89642.82516461308,43136.92490684848,0.3227551563878663,4.166666666666667,0.2021128230818425,790.7038164436058
89644.90643864822,43137.62098880812,0.7013335229027761,4.166666666666667,0.1725051666021473,792.8984079098894
89646.73795979914,43139.16783760734,1.1743608879088183,4.166666666666667,0.1973139075448426,795.2957420405236
89647.61209489389,43141.25608348628,1.5492717655975268,4.166666666666667,0.1656098116080189,797.5595624872014
89647.6953458553,43145.12320548432,2.052177651165908,4.166666666666667,0.1300164283618077,801.4275804900411
89646.32170499211,43147.75284844299,2.0528682880645386,4.166666666666667,0.0002327883722358,804.3943820188156
89644.86481316751,43150.53717628158,2.160184008454323,4.166666666666667,0.0341502947671844,807.5368357259182
89643.1581684587,43153.08947680029,2.286443206417051,4.166666666666667,0.0411224681364975,810.6071572237339
89641.4098982692,43155.10038023927,2.3992989410819625,4.166666666666667,0.04235346176113,813.2717737620799
89639.4771382,43156.8733096,2.236952445541231,4.166666666666667,-0.0618992396266852,815.894528040159
89637.6355434,43159.2162561,2.261906319802911,4.166666666666667,0.0083735618616286,818.8746068493966
89635.7318312,43161.5176381,2.281972868338938,4.166666666666667,0.006718596915089,821.8613239853748
89633.7847531,43163.7775397,2.292650359802425,4.166666666666667,0.0035794515056886,824.844320527308
89631.807161,43166.0239011,2.2680785951760924,4.166666666666667,-0.0082102203996253,827.8371469595259
89629.8754824,43168.3299613,2.222071395622349,4.166666666666667,-0.0152939055918794,830.8453517164698
89628.0728391,43170.6949574,2.290197631382741,4.166666666666667,0.0229097961590532,833.8190244321685
89626.1769196,43172.8592263,2.3707652834534634,4.166666666666667,0.0280016116719192,836.6962749638411
89623.9486293,43175.0235088,2.4526462641841933,4.166666666666667,0.0263592447076077,839.802622723005
89621.6377949354,43176.92663418808,2.015354033057436,4.166666666666667,-0.1460740691720781,842.7962562515652
89620.22252859152,43179.897633408575,1.4901245111396102,4.166666666666667,-0.1596021016937769,846.0871247072047
89620.4575395,43182.8044835,1.1962602461293157,4.166666666666667,-0.1007649340355501,849.0034593212542
89621.5366302,43185.5496266,0.6698174305122717,4.166666666666667,-0.1784782925729646,851.9530774962591
89623.8589911,43187.3888367,0.2594925815951607,4.166666666666667,-0.1385090582036362,854.9155180343635
89626.7369063,43188.1528607,-0.147847984283921,4.166666666666667,-0.136801434036019,857.8931225364612
89629.6624967,43187.7171386,-0.5210563810568799,4.166666666666667,-0.1261751595416546,860.8509820559473
89632.1322734,43186.2995723,-0.625365981588737,4.166666666666667,-0.0366296555896393,863.6986637731993
89634.642422,43184.4871419,-0.5785108773520141,4.166666666666667,0.0151336560880004,866.7947500040656
89637.2185154,43182.8048442,-0.3276579028433158,4.166666666666667,0.0815318364930084,869.8714987355897
89639.9822828,43181.8654118,-0.0204737334603762,4.166666666666667,0.1052337358999068,872.7905642496671
89642.8997601,43181.8056718,0.1864493755584831,4.166666666666667,0.0709104890601555,875.7086531214463
89645.8452275,43182.3613059,0.358059797389733,4.166666666666667,0.0572527724466234,878.7060699188817
89648.6392499,43183.4067994,0.4870206746166064,4.166666666666667,0.0432287123995513,881.6892926444378
89651.2792464,43184.8048551,0.4723285321203338,4.166666666666667,-0.004918151625111,884.6766227668476
89653.9579201,43186.1733861,0.3976299583185054,4.166666666666667,-0.0248331571504965,887.6846403680382
89656.6963393,43187.3235285,0.1127877033974817,4.166666666666667,-0.0959017688085471,890.65478636701
89659.6203205,43187.6547232,-0.2919743326758871,4.166666666666667,-0.1375488535364322,893.5974647366713
89662.4651057,43186.7996826,-0.872647163472559,4.166666666666667,-0.1954795293777628,896.5679692833368
89663.84603236795,43185.15401664483,-1.3227931757114215,4.166666666666667,-0.2095363262395514,898.716265095893
89664.6369165013,43182.03065848995,-1.6162993446539995,4.166666666666667,-0.0910962470908322,901.9381998990899
89664.5120400592,43179.28819767104,-2.166813889936078,4.166666666666667,-0.2005296530972311,904.683502335808
89663.0135227539,43177.078993122464,-2.7426829749560286,4.166666666666667,-0.2157230859682563,907.3529852167673
89660.1639421,43175.8778704,-2.9913074026453548,4.166666666666667,-0.0803990895217546,910.4453638639416
89657.2102013,43175.4305943,-2.993340486130537,4.166666666666667,-0.0006805496956241,913.4327775653286
89654.2806368,43174.9930699,-3.0724607591315123,4.166666666666667,-0.0267112684371843,916.3948335675375
89651.40001363785,43174.7936091067,-2.777332683105078,4.166666666666667,0.1022081332592587,919.2823540281433
89648.40297902725,43173.65091709882,-2.4883577899963205,4.166666666666667,0.0900939124109209,922.4898392552332
89646.11357758859,43171.8987893534,-1.979728577753856,4.166666666666667,0.1764276070514393,925.3727736255563
89645.15619153244,43169.68958480483,-1.39504420857481,4.166666666666667,0.2428361622990565,927.7805055038875
89645.69732278158,43166.64240611715,-0.9928965620189216,4.166666666666667,0.1299407509398248,930.8753594557638
89647.23746556757,43164.280842634194,-0.8287124675346966,4.166666666666667,0.0582336800110206,933.694760435629
89649.02619,43162.3300419,-0.4277724316764127,4.166666666666667,0.1514852816461473,936.3414864508654
89651.7586664,43161.0842303,-0.3940189952495874,4.166666666666667,0.0112396159095346,939.3445638423439
89654.5054536,43159.9422239,-0.1056189649700155,4.166666666666667,0.0969499856525415,942.3192938367677
89657.4697214,43159.6279716,0.2833188744539424,4.166666666666667,0.1304775781130631,945.300172582746
89660.3626944,43160.4702638,0.7173221532445161,4.166666666666667,0.1440389701363227,948.3132688189925
89662.4415384,43162.2837251,1.13017585212528,4.166666666666667,0.1496570454518084,951.0719341236186
89663.7433917,43165.0445869,1.0727601163599043,4.166666666666667,-0.018809995608111,954.1243397148573
89665.2345049,43167.7868371,0.8773158682952173,4.166666666666667,-0.0626135945044787,957.2457744386011
89667.25932178558,43170.22284107518,0.2248946715184066,4.166666666666667,-0.2059638685636566,960.4134232176158
89670.25635639616,43170.9084562799,-0.4656837274342673,4.166666666666667,-0.2246180193823199,963.4878800258973
89673.1466288,43169.4559564,-0.657808122551407,4.166666666666667,-0.0593943955353458,966.722602652257
89675.5262027,43167.6175006,-0.8767665279258187,4.166666666666667,-0.0728152534707768,969.7296430035248
89677.4284359,43165.3315296,-1.0682870960600834,4.166666666666667,-0.0644002064405693,972.7035553357936
89678.8681197,43162.7118511,-1.2903408752109975,4.166666666666667,-0.0742849868295419,975.6927700967849
89679.6925565,43159.8496954,-1.5681591320066155,4.166666666666667,-0.0932736646086878,978.6712984730543
89679.7003982,43156.8762018,-1.8816095502060648,4.166666666666667,-0.1054144956652776,981.6448024131078
89678.7977386,43154.0661426,-2.1743296275923525,4.166666666666667,-0.0991774286697024,984.5962812053353
89677.1083911,43151.6154561,-2.448188021585644,4.166666666666667,-0.0920057765916373,987.5728159854154
89674.8028642,43149.6993879,-2.6838212537060127,4.166666666666667,-0.0786021974297247,990.5706104469639
89672.1227492,43148.3789591,-2.847184022130121,4.166666666666667,-0.0546778333450808,993.558343472029
89669.3292198,43147.5319041,-2.991391489099984,4.166666666666667,-0.0494008702509282,996.477471540773
89666.3609214,43147.0826789,-2.9658712142577097,4.166666666666667,0.0085008104215648,999.4795705850634
89663.3324443,43146.5449646,-2.964991956741601,4.166666666666667,0.0002858590356028,1002.5554135936795
89660.26624102752,43145.99777050809,-2.3338201200030677,4.166666666666667,0.2026463684327235,1005.670060264232
89658.22659247309,43143.86474542671,-1.943261820256922,4.166666666666667,0.1323359184097202,1008.6213247768411
89657.0352283,43140.8154564,-1.8382220666782167,4.166666666666667,0.0320853441362181,1011.8950859412145
89656.238542,43137.9077219,-1.612575989569454,4.166666666666667,0.0748436069379172,1014.9099870976477
89656.10369295724,43134.68197608961,-1.4604412019669084,4.166666666666667,0.0471215145751741,1018.1385502916393
89656.39507132217,43132.05233313095,-1.6006872630403348,4.166666666666667,-0.0530083184398668,1020.7842871344807
89656.31182036076,43129.26800529235,-1.762176050577975,4.166666666666667,-0.0579732918421307,1023.5698592903175
89655.56256170811,43125.40088329432,-2.1644297068582223,4.166666666666667,-0.1021197680922783,1027.5088973805407
89654.1702684,43123.3377092,-2.2872421430323397,4.166666666666667,-0.0493418924542567,1029.997906821919
89652.2090483,43121.0855021,-2.8983781116335274,4.166666666666667,-0.2046369803383873,1032.984346357875
89649.65174344832,43120.45096713682,-3.1138675928284214,4.166666666666667,-0.0817842966054726,1035.6191979142125
89646.86283624124,43120.37362469686,3.0907309360049955,4.166666666666667,2.223886830495263,1038.4091773519033
89643.82417614995,43120.52830957678,2.833229410767378,4.166666666666667,-0.084632213579589,1041.451772060778
89640.91039250077,43121.45641885631,2.8927189743014745,4.166666666666667,0.0194535843720198,1044.5097978927506
89638.2639728,43122.1289866,2.5049158335994464,4.166666666666667,-0.1420239977387812,1047.240344468515
89635.8697192,43123.8992766,2.3524329320787007,4.166666666666667,-0.0512092070313766,1050.217990684113
89633.7704304,43126.0144183,2.2640656948558173,4.166666666666667,-0.0296527042574672,1053.1980641524756
89631.8625729,43128.3106974,2.21622444711869,4.166666666666667,-0.0160248871580621,1056.1834984500929
89630.0674883,43130.6945594,2.1985291773479267,4.166666666666667,-0.0059297602597292,1059.1676443507185
89628.3148229,43133.1098699,2.184558262080359,4.166666666666667,-0.0046815991092539,1062.1518629780571
89626.5962446,43135.5491846,2.1797791597616643,4.166666666666667,-0.0016016197711309,1065.1357811369348
89624.8893618,43137.9966586,2.1799603037858284,4.166666666666667,6.070741363980466e-05,1068.1196675076988
89623.1819638,43140.4439264,2.1773904387128,4.166666666666667,-0.000861211373529,1071.1036795075618
89621.4806511,43142.8958758,2.176604594502028,4.166666666666667,-0.0002633191325749,1074.0880589679045
89619.7813115,43145.3490954,2.1689812842645804,4.166666666666667,-0.0025544725331945,1077.0723581288407
89618.100974,43147.8148295,2.1590503015584708,4.166666666666667,-0.0033282412651329,1080.0562111355766
89616.4459781,43150.2959718,2.1297688898982385,4.166666666666667,-0.0098178663705799,1083.0386729612924
89614.8648117,43152.8237383,2.039721989823553,4.166666666666667,-0.030201286418363,1086.0202313898742
89613.5157321,43155.4866665,1.8506785840059417,4.166666666666667,-0.0633276511069148,1089.0053950981958
89612.6932589,43158.3481709,1.558803517423038,4.166666666666667,-0.0980315163562023,1091.9827545988114
89612.7291468,43161.3404789,1.2102974467064875,4.166666666666667,-0.1164589369284433,1094.9752777997633
89613.7741219,43164.1124982,0.6768977296867748,4.166666666666667,-0.1800540485913915,1097.9377200285976
89616.038489,43165.9320151,0.191816290336616,4.166666666666667,-0.1669917031562329,1100.8425436227155
89618.9507637,43166.4975904,-0.3446350008353361,4.166666666666667,-0.180825166021293,1103.809228531545
89621.7102618,43165.5070397,-0.7629678656836332,4.166666666666667,-0.1426833392421388,1106.741125605655
89623.8840814,43163.4286152,-0.8966831543609823,4.166666666666667,-0.0444599138631053,1109.748672788249
89625.7384085,43161.107721,-1.0650731368394657,4.166666666666667,-0.0566835385384467,1112.719376220327
89627.1816511,43158.5014474,-1.130693627705753,4.166666666666667,-0.0220262385288445,1115.6985726355638
89628.4528769,43155.8019154,-1.1828489229623198,4.166666666666667,-0.0174790698610609,1118.682443955442
89629.5826044,43153.0374306,-1.210789272654377,4.166666666666667,-0.0093558235567836,1121.6688565916443
89630.6338945,43150.2444985,-0.994752554307908,4.166666666666667,0.0723925732542478,1124.6530952867895
89632.2522925146,43147.75284844299,-1.1673631277384582,4.166666666666667,-0.0580962019984153,1127.624211598924
89633.20967857075,43145.509917684125,-1.0906192381801632,4.166666666666667,0.0314689982049965,1130.0629256964737
89634.45844299185,43143.11230204535,-1.0318510455811805,4.166666666666667,0.0217392149842386,1132.7662520420474
89636.12346221996,43140.32797420675,-0.720726092742034,4.166666666666667,0.0959021902019003,1136.0104423174118
89638.4128636586,43138.31707076777,-0.4690269064337992,4.166666666666667,0.0826016486626834,1139.0575871430083
89640.70226509725,43137.15693416836,-0.1088652375413915,4.166666666666667,0.1403280738093699,1141.6241560348585
89642.82516461308,43136.92490684848,0.3227551563878663,4.166666666666667,0.2021128230818425,1143.7596978938452
89644.90643864822,43137.62098880812,0.7013335229027761,4.166666666666667,0.1725051666021473,1145.9542893601288
89646.73795979914,43139.16783760734,1.1743608879088183,4.166666666666667,0.1973139075448426,1148.351623490763
89647.61209489389,43141.25608348628,1.5492717655975268,4.166666666666667,0.1656098116080189,1150.615443937441
89647.6953458553,43145.12320548432,2.052177651165908,4.166666666666667,0.1300164283618077,1154.4834619402804
89646.32170499211,43147.75284844299,2.0528682880645386,4.166666666666667,0.0002327883722358,1157.450263469055
89644.86481316751,43150.53717628158,2.160184008454323,4.166666666666667,0.0341502947671844,1160.5927171761575
89643.1581684587,43153.08947680029,2.286443206417051,4.166666666666667,0.0411224681364975,1163.6630386739732
89641.4098982692,43155.10038023927,2.3992989410819625,4.166666666666667,0.04235346176113,1166.3276552123193
89639.4771382,43156.8733096,2.236952445541231,4.166666666666667,-0.0618992396266852,1168.9504094903984
89637.6355434,43159.2162561,2.261906319802911,4.166666666666667,0.0083735618616286,1171.9304882996362
89635.7318312,43161.5176381,2.281972868338938,4.166666666666667,0.006718596915089,1174.9172054356145
89633.7847531,43163.7775397,2.292650359802425,4.166666666666667,0.0035794515056886,1177.9002019775476
89631.807161,43166.0239011,2.2680785951760924,4.166666666666667,-0.0082102203996253,1180.8930284097653
89629.8754824,43168.3299613,2.222071395622349,4.166666666666667,-0.0152939055918794,1183.9012331667093
89628.0728391,43170.6949574,2.290197631382741,4.166666666666667,0.0229097961590532,1186.8749058824078
89626.1769196,43172.8592263,2.3707652834534634,4.166666666666667,0.0280016116719192,1189.7521564140804
89623.9486293,43175.0235088,2.4526462641841933,4.166666666666667,0.0263592447076077,1192.8585041732442
89621.6377949354,43176.92663418808,2.015354033057436,4.166666666666667,-0.1460740691720781,1195.8521377018044
89620.22252859152,43179.897633408575,1.4901245111396102,4.166666666666667,-0.1596021016937769,1199.143006157444
89620.4575395,43182.8044835,1.1962602461293157,4.166666666666667,-0.1007649340355501,1202.0593407714935
89621.5366302,43185.5496266,0.6698174305122717,4.166666666666667,-0.1784782925729646,1205.0089589464983
89623.8589911,43187.3888367,0.2594925815951607,4.166666666666667,-0.1385090582036362,1207.9713994846027
89626.7369063,43188.1528607,-0.147847984283921,4.166666666666667,-0.136801434036019,1210.9490039867005
89629.6624967,43187.7171386,-0.5210563810568799,4.166666666666667,-0.1261751595416546,1213.9068635061867
89632.1322734,43186.2995723,-0.625365981588737,4.166666666666667,-0.0366296555896393,1216.7545452234388
89634.642422,43184.4871419,-0.5785108773520141,4.166666666666667,0.0151336560880004,1219.850631454305
89637.2185154,43182.8048442,-0.3276579028433158,4.166666666666667,0.0815318364930084,1222.927380185829
89639.9822828,43181.8654118,-0.0204737334603762,4.166666666666667,0.1052337358999068,1225.8464456999063
89642.8997601,43181.8056718,0.1864493755584831,4.166666666666667,0.0709104890601555,1228.7645345716855
89645.8452275,43182.3613059,0.358059797389733,4.166666666666667,0.0572527724466234,1231.7619513691209
89648.6392499,43183.4067994,0.4870206746166064,4.166666666666667,0.0432287123995513,1234.745174094677
89651.2792464,43184.8048551,0.4723285321203338,4.166666666666667,-0.004918151625111,1237.7325042170867
89653.9579201,43186.1733861,0.3976299583185054,4.166666666666667,-0.0248331571504965,1240.7405218182773
89656.6963393,43187.3235285,0.1127877033974817,4.166666666666667,-0.0959017688085471,1243.710667817249
89659.6203205,43187.6547232,-0.2919743326758871,4.166666666666667,-0.1375488535364322,1246.6533461869103
89662.4651057,43186.7996826,-0.872647163472559,4.166666666666667,-0.1954795293777628,1249.6238507335759
89663.84603236795,43185.15401664483,-1.3227931757114215,4.166666666666667,-0.2095363262395514,1251.7721465461323
89664.6369165013,43182.03065848995,-1.6162993446539995,4.166666666666667,-0.0910962470908322,1254.9940813493292
89664.5120400592,43179.28819767104,-2.166813889936078,4.166666666666667,-0.2005296530972311,1257.7393837860475
89663.0135227539,43177.078993122464,-2.7426829749560286,4.166666666666667,-0.2157230859682563,1260.4088666670066
89660.1639421,43175.8778704,-2.9913074026453548,4.166666666666667,-0.0803990895217546,1263.5012453141808
89657.2102013,43175.4305943,-2.993340486130537,4.166666666666667,-0.0006805496956241,1266.488659015568
89654.2806368,43174.9930699,-3.0724607591315123,4.166666666666667,-0.0267112684371843,1269.450715017777
89651.40001363785,43174.7936091067,-2.777332683105078,4.166666666666667,0.1022081332592587,1272.3382354783828
89648.40297902725,43173.65091709882,-2.4883577899963205,4.166666666666667,0.0900939124109209,1275.5457207054726
89646.11357758859,43171.8987893534,-1.979728577753856,4.166666666666667,0.1764276070514393,1278.4286550757959
89645.15619153244,43169.68958480483,-1.39504420857481,4.166666666666667,0.2428361622990565,1280.836386954127
89645.69732278158,43166.64240611715,-0.9928965620189216,4.166666666666667,0.1299407509398248,1283.9312409060033
89647.23746556757,43164.280842634194,-0.8287124675346966,4.166666666666667,0.0582336800110206,1286.7506418858684
89649.02619,43162.3300419,-0.4277724316764127,4.166666666666667,0.1514852816461473,1289.3973679011049
89651.7586664,43161.0842303,-0.3940189952495874,4.166666666666667,0.0112396159095346,1292.4004452925833
89654.5054536,43159.9422239,-0.1056189649700155,4.166666666666667,0.0969499856525415,1295.375175287007
89657.4697214,43159.6279716,0.2833188744539424,4.166666666666667,0.1304775781130631,1298.3560540329854
89660.3626944,43160.4702638,0.7173221532445161,4.166666666666667,0.1440389701363227,1301.3691502692318
89662.4415384,43162.2837251,1.13017585212528,4.166666666666667,0.1496570454518084,1304.127815573858
89663.7433917,43165.0445869,1.0727601163599043,4.166666666666667,-0.018809995608111,1307.1802211650968
89665.2345049,43167.7868371,0.8773158682952173,4.166666666666667,-0.0626135945044787,1310.3016558888405
89667.25932178558,43170.22284107518,0.2248946715184066,4.166666666666667,-0.2059638685636566,1313.469304667855
89670.25635639616,43170.9084562799,-0.4656837274342673,4.166666666666667,-0.2246180193823199,1316.5437614761365
89673.1466288,43169.4559564,-0.657808122551407,4.166666666666667,-0.0593943955353458,1319.7784841024961
89675.5262027,43167.6175006,-0.8767665279258187,4.166666666666667,-0.0728152534707768,1322.7855244537639
89677.4284359,43165.3315296,-1.0682870960600834,4.166666666666667,-0.0644002064405693,1325.7594367860327
89678.8681197,43162.7118511,-1.2903408752109975,4.166666666666667,-0.0742849868295419,1328.748651547024
89679.6925565,43159.8496954,-1.5681591320066155,4.166666666666667,-0.0932736646086878,1331.7271799232935
89679.7003982,43156.8762018,-1.8816095502060648,4.166666666666667,-0.1054144956652776,1334.700683863347
89678.7977386,43154.0661426,-2.1743296275923525,4.166666666666667,-0.0991774286697024,1337.6521626555746
89677.1083911,43151.6154561,-2.448188021585644,4.166666666666667,-0.0920057765916373,1340.6286974356547
89674.8028642,43149.6993879,-2.6838212537060127,4.166666666666667,-0.0786021974297247,1343.626491897203
89672.1227492,43148.3789591,-2.847184022130121,4.166666666666667,-0.0546778333450808,1346.6142249222682
89669.3292198,43147.5319041,-2.991391489099984,4.166666666666667,-0.0494008702509282,1349.5333529910122
89666.3609214,43147.0826789,-2.9658712142577097,4.166666666666667,0.0085008104215648,1352.5354520353026
89663.3324443,43146.5449646,-2.964991956741601,4.166666666666667,0.0002858590356028,1355.6112950439187
89660.26624102752,43145.99777050809,-2.3338201200030677,4.166666666666667,0.2026463684327235,1358.7259417144712
89658.22659247309,43143.86474542671,-1.943261820256922,4.166666666666667,0.1323359184097202,1361.6772062270804
89657.0352283,43140.8154564,-1.8382220666782167,4.166666666666667,0.0320853441362181,1364.9509673914538
89656.238542,43137.9077219,-1.612575989569454,4.166666666666667,0.0748436069379172,1367.965868547887
89656.10369295724,43134.68197608961,-1.4604412019669084,4.166666666666667,0.0471215145751741,1371.1944317418788
89656.39507132217,43132.05233313095,-1.6006872630403348,4.166666666666667,-0.0530083184398668,1373.8401685847202
89656.31182036076,43129.26800529235,-1.762176050577975,4.166666666666667,-0.0579732918421307,1376.6257407405571
89655.56256170811,43125.40088329432,-2.1644297068582223,4.166666666666667,-0.1021197680922783,1380.5647788307804
89654.1702684,43123.3377092,-2.2872421430323397,4.166666666666667,-0.0493418924542567,1383.0537882721587
89652.2090483,43121.0855021,-2.8983781116335274,4.166666666666667,-0.2046369803383873,1386.0402278081147
89649.65174344832,43120.45096713682,-3.1138675928284214,4.166666666666667,-0.0817842966054726,1388.6750793644521
89646.86283624124,43120.37362469686,3.0907309360049955,4.166666666666667,2.223886830495263,1391.465058802143
89643.82417614995,43120.52830957678,2.833229410767378,4.166666666666667,-0.084632213579589,1394.5076535110177
89640.91039250077,43121.45641885631,2.8927189743014745,4.166666666666667,0.0194535843720198,1397.5656793429903
89638.2639728,43122.1289866,2.5049158335994464,4.166666666666667,-0.1420239977387812,1400.2962259187548
89635.8697192,43123.8992766,2.3524329320787007,4.166666666666667,-0.0512092070313766,1403.2738721343526
89633.7704304,43126.0144183,2.2640656948558173,4.166666666666667,-0.0296527042574672,1406.2539456027152
89631.8625729,43128.3106974,2.21622444711869,4.166666666666667,-0.0160248871580621,1409.2393799003326
89630.0674883,43130.6945594,2.1985291773479267,4.166666666666667,-0.0059297602597292,1412.2235258009582
89628.3148229,43133.1098699,2.184558262080359,4.166666666666667,-0.0046815991092539,1415.2077444282968
89626.5962446,43135.5491846,2.1797791597616643,4.166666666666667,-0.0016016197711309,1418.1916625871745
89624.8893618,43137.9966586,2.1799603037858284,4.166666666666667,6.070741363980466e-05,1421.1755489579384
89623.1819638,43140.4439264,2.1773904387128,4.166666666666667,-0.000861211373529,1424.1595609578014
89621.4806511,43142.8958758,2.176604594502028,4.166666666666667,-0.0002633191325749,1427.1439404181442
89619.7813115,43145.3490954,2.1689812842645804,4.166666666666667,-0.0025544725331945,1430.1282395790804
89618.100974,43147.8148295,2.1590503015584708,4.166666666666667,-0.0033282412651329,1433.1120925858163
89616.4459781,43150.2959718,2.1297688898982385,4.166666666666667,-0.0098178663705799,1436.094554411532
89614.8648117,43152.8237383,2.039721989823553,4.166666666666667,-0.030201286418363,1439.0761128401139
89613.5157321,43155.4866665,1.8506785840059417,4.166666666666667,-0.0633276511069148,1442.0612765484354
89612.6932589,43158.3481709,1.558803517423038,4.166666666666667,-0.0980315163562023,1445.038636049051
89612.7291468,43161.3404789,1.2102974467064875,4.166666666666667,-0.1164589369284433,1448.031159250003
89613.7741219,43164.1124982,0.6768977296867748,4.166666666666667,-0.1800540485913915,1450.9936014788373
89616.038489,43165.9320151,0.191816290336616,4.166666666666667,-0.1669917031562329,1453.8984250729552
89618.9507637,43166.4975904,-0.3446350008353361,4.166666666666667,-0.180825166021293,1456.8651099817846
89621.7102618,43165.5070397,-0.7629678656836332,4.166666666666667,-0.1426833392421388,1459.7970070558947
89623.8840814,43163.4286152,-0.8966831543609823,4.166666666666667,-0.0444599138631053,1462.8045542384887
89625.7384085,43161.107721,-1.0650731368394657,4.166666666666667,-0.0566835385384467,1465.7752576705666
89627.1816511,43158.5014474,-1.130693627705753,4.166666666666667,-0.0220262385288445,1468.7544540858034
89628.4528769,43155.8019154,-1.1828489229623198,4.166666666666667,-0.0174790698610609,1471.7383254056817
89629.5826044,43153.0374306,-1.210789272654377,4.166666666666667,-0.0093558235567836,1474.724738041884
89630.6338945,43150.2444985,-0.994752554307908,4.166666666666667,0.0723925732542478,1477.7089767370292
89632.2522925146,43147.75284844299,-1.1673631277384582,4.166666666666667,-0.0580962019984153,1480.6800930491636
89633.20967857075,43145.509917684125,-1.0906192381801632,4.166666666666667,0.0314689982049965,1483.1188071467134
89634.45844299185,43143.11230204535,-1.0318510455811805,4.166666666666667,0.0217392149842386,1485.822133492287
89636.12346221996,43140.32797420675,-0.720726092742034,4.166666666666667,0.0959021902019003,1489.0663237676515
89638.4128636586,43138.31707076777,-0.4690269064337992,4.166666666666667,0.0826016486626834,1492.113468593248
89640.70226509725,43137.15693416836,-0.1088652375413915,4.166666666666667,0.1403280738093699,1494.6800374850982
89642.82516461308,43136.92490684848,0.3227551563878663,4.166666666666667,0.2021128230818425,1496.8155793440849
89644.90643864822,43137.62098880812,0.7013335229027761,4.166666666666667,0.1725051666021473,1499.0101708103684
89646.73795979914,43139.16783760734,1.1743608879088183,4.166666666666667,0.1973139075448426,1501.4075049410026
89647.61209489389,43141.25608348628,1.5492717655975268,4.166666666666667,0.1656098116080189,1503.6713253876806
89647.6953458553,43145.12320548432,2.052177651165908,4.166666666666667,0.1300164283618077,1507.5393433905201
89646.32170499211,43147.75284844299,2.0528682880645386,4.166666666666667,0.0002327883722358,1510.5061449192947
89644.86481316751,43150.53717628158,2.160184008454323,4.166666666666667,0.0341502947671844,1513.6485986263972
89643.1581684587,43153.08947680029,2.286443206417051,4.166666666666667,0.0411224681364975,1516.718920124213
89641.4098982692,43155.10038023927,2.3992989410819625,4.166666666666667,0.04235346176113,1519.383536662559
89639.4771382,43156.8733096,2.236952445541231,4.166666666666667,-0.0618992396266852,1522.006290940638
89637.6355434,43159.2162561,2.261906319802911,4.166666666666667,0.0083735618616286,1524.9863697498758
89635.7318312,43161.5176381,2.281972868338938,4.166666666666667,0.006718596915089,1527.9730868858542
89633.7847531,43163.7775397,2.292650359802425,4.166666666666667,0.0035794515056886,1530.9560834277872
89631.807161,43166.0239011,2.2680785951760924,4.166666666666667,-0.0082102203996253,1533.948909860005
89629.8754824,43168.3299613,2.222071395622349,4.166666666666667,-0.0152939055918794,1536.957114616949
89628.0728391,43170.6949574,2.290197631382741,4.166666666666667,0.0229097961590532,1539.9307873326475
89626.1769196,43172.8592263,2.3707652834534634,4.166666666666667,0.0280016116719192,1542.80803786432
89623.9486293,43175.0235088,2.4526462641841933,4.166666666666667,0.0263592447076077,1545.914385623484
89621.6377949354,43176.92663418808,2.015354033057436,4.166666666666667,-0.1460740691720781,1548.908019152044
89620.22252859152,43179.897633408575,1.4901245111396102,4.166666666666667,-0.1596021016937769,1552.1988876076837
89620.4575395,43182.8044835,1.1962602461293157,4.166666666666667,-0.1007649340355501,1555.1152222217331
89621.5366302,43185.5496266,0.6698174305122717,4.166666666666667,-0.1784782925729646,1558.064840396738
89623.8589911,43187.3888367,0.2594925815951607,4.166666666666667,-0.1385090582036362,1561.0272809348423
89626.7369063,43188.1528607,-0.147847984283921,4.166666666666667,-0.136801434036019,1564.0048854369402
89629.6624967,43187.7171386,-0.5210563810568799,4.166666666666667,-0.1261751595416546,1566.9627449564264
89632.1322734,43186.2995723,-0.625365981588737,4.166666666666667,-0.0366296555896393,1569.8104266736784
89634.642422,43184.4871419,-0.5785108773520141,4.166666666666667,0.0151336560880004,1572.9065129045446
89637.2185154,43182.8048442,-0.3276579028433158,4.166666666666667,0.0815318364930084,1575.9832616360686
89639.9822828,43181.8654118,-0.0204737334603762,4.166666666666667,0.1052337358999068,1578.902327150146
89642.8997601,43181.8056718,0.1864493755584831,4.166666666666667,0.0709104890601555,1581.8204160219252
89645.8452275,43182.3613059,0.358059797389733,4.166666666666667,0.0572527724466234,1584.8178328193605
89648.6392499,43183.4067994,0.4870206746166064,4.166666666666667,0.0432287123995513,1587.8010555449166
89651.2792464,43184.8048551,0.4723285321203338,4.166666666666667,-0.004918151625111,1590.7883856673263
89653.9579201,43186.1733861,0.3976299583185054,4.166666666666667,-0.0248331571504965,1593.796403268517
89656.6963393,43187.3235285,0.1127877033974817,4.166666666666667,-0.0959017688085471,1596.7665492674887
89659.6203205,43187.6547232,-0.2919743326758871,4.166666666666667,-0.1375488535364322,1599.70922763715
89662.4651057,43186.7996826,-0.872647163472559,4.166666666666667,-0.1954795293777628,1602.6797321838155
89663.84603236795,43185.15401664483,-1.3227931757114215,4.166666666666667,-0.2095363262395514,1604.828027996372
89664.6369165013,43182.03065848995,-1.6162993446539995,4.166666666666667,-0.0910962470908322,1608.049962799569
89664.5120400592,43179.28819767104,-2.166813889936078,4.166666666666667,-0.2005296530972311,1610.7952652362872
89663.0135227539,43177.078993122464,-2.7426829749560286,4.166666666666667,-0.2157230859682563,1613.4647481172462
89660.1639421,43175.8778704,-2.9913074026453548,4.166666666666667,-0.0803990895217546,1616.5571267644204
89657.2102013,43175.4305943,-2.993340486130537,4.166666666666667,-0.0006805496956241,1619.5445404658076
89654.2806368,43174.9930699,-3.0724607591315123,4.166666666666667,-0.0267112684371843,1622.5065964680166
89651.40001363785,43174.7936091067,-2.777332683105078,4.166666666666667,0.1022081332592587,1625.3941169286225
89648.40297902725,43173.65091709882,-2.4883577899963205,4.166666666666667,0.0900939124109209,1628.6016021557123
89646.11357758859,43171.8987893534,-1.979728577753856,4.166666666666667,0.1764276070514393,1631.4845365260355
89645.15619153244,43169.68958480483,-1.39504420857481,4.166666666666667,0.2428361622990565,1633.8922684043666
89645.69732278158,43166.64240611715,-0.9928965620189216,4.166666666666667,0.1299407509398248,1636.987122356243
89647.23746556757,43164.280842634194,-0.8287124675346966,4.166666666666667,0.0582336800110206,1639.806523336108
89649.02619,43162.3300419,-0.4277724316764127,4.166666666666667,0.1514852816461473,1642.4532493513445
89651.7586664,43161.0842303,-0.3940189952495874,4.166666666666667,0.0112396159095346,1645.456326742823
89654.5054536,43159.9422239,-0.1056189649700155,4.166666666666667,0.0969499856525415,1648.4310567372468
89657.4697214,43159.6279716,0.2833188744539424,4.166666666666667,0.1304775781130631,1651.411935483225
89660.3626944,43160.4702638,0.7173221532445161,4.166666666666667,0.1440389701363227,1654.4250317194715
89662.4415384,43162.2837251,1.13017585212528,4.166666666666667,0.1496570454518084,1657.1836970240977
89663.7433917,43165.0445869,1.0727601163599043,4.166666666666667,-0.018809995608111,1660.2361026153364
89665.2345049,43167.7868371,0.8773158682952173,4.166666666666667,-0.0626135945044787,1663.3575373390802
89667.25932178558,43170.22284107518,0.2248946715184066,4.166666666666667,-0.2059638685636566,1666.5251861180948
89670.25635639616,43170.9084562799,-0.4656837274342673,4.166666666666667,-0.2246180193823199,1669.5996429263762
89673.1466288,43169.4559564,-0.657808122551407,4.166666666666667,-0.0593943955353458,1672.8343655527358
89675.5262027,43167.6175006,-0.8767665279258187,4.166666666666667,-0.0728152534707768,1675.8414059040035
89677.4284359,43165.3315296,-1.0682870960600834,4.166666666666667,-0.0644002064405693,1678.8153182362723
89678.8681197,43162.7118511,-1.2903408752109975,4.166666666666667,-0.0742849868295419,1681.8045329972638
89679.6925565,43159.8496954,-1.5681591320066155,4.166666666666667,-0.0932736646086878,1684.7830613735332
89679.7003982,43156.8762018,-1.8816095502060648,4.166666666666667,-0.1054144956652776,1687.7565653135866
89678.7977386,43154.0661426,-2.1743296275923525,4.166666666666667,-0.0991774286697024,1690.7080441058142
89677.1083911,43151.6154561,-2.448188021585644,4.166666666666667,-0.0920057765916373,1693.6845788858943
89674.8028642,43149.6993879,-2.6838212537060127,4.166666666666667,-0.0786021974297247,1696.6823733474428
89672.1227492,43148.3789591,-2.847184022130121,4.166666666666667,-0.0546778333450808,1699.670106372508
89669.3292198,43147.5319041,-2.991391489099984,4.166666666666667,-0.0494008702509282,1702.5892344412518
89666.3609214,43147.0826789,-2.9658712142577097,4.166666666666667,0.0085008104215648,1705.5913334855422
89663.3324443,43146.5449646,-2.964991956741601,4.166666666666667,0.0002858590356028,1708.6671764941584
89660.26624102752,43145.99777050809,-2.3338201200030677,4.166666666666667,0.2026463684327235,1711.7818231647109
89658.22659247309,43143.86474542671,-1.943261820256922,4.166666666666667,0.1323359184097202,1714.73308767732
89657.0352283,43140.8154564,-1.8382220666782167,4.166666666666667,0.0320853441362181,1718.0068488416935
89656.238542,43137.9077219,-1.612575989569454,4.166666666666667,0.0748436069379172,1721.0217499981268
89656.10369295724,43134.68197608961,-1.4604412019669084,4.166666666666667,0.0471215145751741,1724.2503131921185
89656.39507132217,43132.05233313095,-1.6006872630403348,4.166666666666667,-0.0530083184398668,1726.89605003496
89656.31182036076,43129.26800529235,-1.762176050577975,4.166666666666667,-0.0579732918421307,1729.6816221907968
89655.56256170811,43125.40088329432,-2.1644297068582223,4.166666666666667,-0.1021197680922783,1733.62066028102
89654.1702684,43123.3377092,-2.2872421430323397,4.166666666666667,-0.0493418924542567,1736.1096697223984
89652.2090483,43121.0855021,-2.8983781116335274,4.166666666666667,-0.2046369803383873,1739.0961092583543
89649.65174344832,43120.45096713682,-3.1138675928284214,4.166666666666667,-0.0817842966054726,1741.7309608146918
89646.86283624124,43120.37362469686,3.0907309360049955,4.166666666666667,2.223886830495263,1744.5209402523826
89643.82417614995,43120.52830957678,2.833229410767378,4.166666666666667,-0.084632213579589,1747.5635349612573
89640.91039250077,43121.45641885631,2.8927189743014745,4.166666666666667,0.0194535843720198,1750.62156079323
89638.2639728,43122.1289866,2.5049158335994464,4.166666666666667,-0.1420239977387812,1753.3521073689944
89635.8697192,43123.8992766,2.3524329320787007,4.166666666666667,-0.0512092070313766,1756.3297535845923
89633.7704304,43126.0144183,2.2640656948558173,4.166666666666667,-0.0296527042574672,1759.309827052955
89631.8625729,43128.3106974,2.21622444711869,4.166666666666667,-0.0160248871580621,1762.2952613505722
89630.0674883,43130.6945594,2.1985291773479267,4.166666666666667,-0.0059297602597292,1765.2794072511979
89628.3148229,43133.1098699,2.184558262080359,4.166666666666667,-0.0046815991092539,1768.2636258785365
89626.5962446,43135.5491846,2.1797791597616643,4.166666666666667,-0.0016016197711309,1771.2475440374142
89624.8893618,43137.9966586,2.1799603037858284,4.166666666666667,6.070741363980466e-05,1774.231430408178
89623.1819638,43140.4439264,2.1773904387128,4.166666666666667,-0.000861211373529,1777.215442408041
89621.4806511,43142.8958758,2.176604594502028,4.166666666666667,-0.0002633191325749,1780.1998218683839
89619.7813115,43145.3490954,2.1689812842645804,4.166666666666667,-0.0025544725331945,1783.18412102932
89618.100974,43147.8148295,2.1590503015584708,4.166666666666667,-0.0033282412651329,1786.167974036056
89616.4459781,43150.2959718,2.1297688898982385,4.166666666666667,-0.0098178663705799,1789.1504358617717
89614.8648117,43152.8237383,2.039721989823553,4.166666666666667,-0.030201286418363,1792.1319942903535
89613.5157321,43155.4866665,1.8506785840059417,4.166666666666667,-0.0633276511069148,1795.117157998675
89612.6932589,43158.3481709,1.558803517423038,4.166666666666667,-0.0980315163562023,1798.0945174992908
89612.7291468,43161.3404789,1.2102974467064875,4.166666666666667,-0.1164589369284433,1801.0870407002426
89613.7741219,43164.1124982,0.6768977296867748,4.166666666666667,-0.1800540485913915,1804.049482929077
89616.038489,43165.9320151,0.191816290336616,4.166666666666667,-0.1669917031562329,1806.9543065231949
89618.9507637,43166.4975904,-0.3446350008353361,4.166666666666667,-0.180825166021293,1809.9209914320243
89621.7102618,43165.5070397,-0.7629678656836332,4.166666666666667,-0.1426833392421388,1812.8528885061344
89623.8840814,43163.4286152,-0.8966831543609823,4.166666666666667,-0.0444599138631053,1815.8604356887283
89625.7384085,43161.107721,-1.0650731368394657,4.166666666666667,-0.0566835385384467,1818.8311391208063
89627.1816511,43158.5014474,-1.130693627705753,4.166666666666667,-0.0220262385288445,1821.810335536043
89628.4528769,43155.8019154,-1.1828489229623198,4.166666666666667,-0.0174790698610609,1824.7942068559214
89629.5826044,43153.0374306,-1.210789272654377,4.166666666666667,-0.0093558235567836,1827.7806194921236
89630.6338945,43150.2444985,-0.994752554307908,4.166666666666667,0.0723925732542478,1830.7648581872688
89632.2522925146,43147.75284844299,-1.1673631277384582,4.166666666666667,-0.0580962019984153,1833.7359744994033
89633.20967857075,43145.509917684125,-1.0906192381801632,4.166666666666667,0.0314689982049965,1836.174688596953
89634.45844299185,43143.11230204535,-1.0318510455811805,4.166666666666667,0.0217392149842386,1838.8780149425268
89636.12346221996,43140.32797420675,-0.720726092742034,4.166666666666667,0.0959021902019003,1842.1222052178912
89638.4128636586,43138.31707076777,-0.4690269064337992,4.166666666666667,0.0826016486626834,1845.1693500434876
89640.70226509725,43137.15693416836,-0.1088652375413915,4.166666666666667,0.1403280738093699,1847.7359189353378
89642.82516461308,43136.92490684848,0.3227551563878663,4.166666666666667,0.2021128230818425,1849.8714607943245
89644.90643864822,43137.62098880812,0.7013335229027761,4.166666666666667,0.1725051666021473,1852.066052260608
89646.73795979914,43139.16783760734,1.1743608879088183,4.166666666666667,0.1973139075448426,1854.4633863912422
89647.61209489389,43141.25608348628,1.5492717655975268,4.166666666666667,0.1656098116080189,1856.7272068379202
89647.6953458553,43145.12320548432,2.052177651165908,4.166666666666667,0.1300164283618077,1860.5952248407598
89646.32170499211,43147.75284844299,2.0528682880645386,4.166666666666667,0.0002327883722358,1863.5620263695344
89644.86481316751,43150.53717628158,2.160184008454323,4.166666666666667,0.0341502947671844,1866.7044800766369
89643.1581684587,43153.08947680029,2.286443206417051,4.166666666666667,0.0411224681364975,1869.7748015744526
89641.4098982692,43155.10038023927,2.3992989410819625,4.166666666666667,0.04235346176113,1872.4394181127986
89639.4771382,43156.8733096,2.236952445541231,4.166666666666667,-0.0618992396266852,1875.0621723908778
89637.6355434,43159.2162561,2.261906319802911,4.166666666666667,0.0083735618616286,1878.0422512001155
89635.7318312,43161.5176381,2.281972868338938,4.166666666666667,0.006718596915089,1881.0289683360938
89633.7847531,43163.7775397,2.292650359802425,4.166666666666667,0.0035794515056886,1884.011964878027
89631.807161,43166.0239011,2.2680785951760924,4.166666666666667,-0.0082102203996253,1887.0047913102446
89629.8754824,43168.3299613,2.222071395622349,4.166666666666667,-0.0152939055918794,1890.0129960671886
89628.0728391,43170.6949574,2.290197631382741,4.166666666666667,0.0229097961590532,1892.9866687828871
89626.1769196,43172.8592263,2.3707652834534634,4.166666666666667,0.0280016116719192,1895.8639193145598
89623.9486293,43175.0235088,2.4526462641841933,4.166666666666667,0.0263592447076077,1898.9702670737236
89621.6377949354,43176.92663418808,2.015354033057436,4.166666666666667,-0.1460740691720781,1901.9639006022837
89620.22252859152,43179.897633408575,1.4901245111396102,4.166666666666667,-0.1596021016937769,1905.2547690579233
89620.4575395,43182.8044835,1.1962602461293157,4.166666666666667,-0.1007649340355501,1908.1711036719728
89621.5366302,43185.5496266,0.6698174305122717,4.166666666666667,-0.1784782925729646,1911.1207218469776
89623.8589911,43187.3888367,0.2594925815951607,4.166666666666667,-0.1385090582036362,1914.083162385082
89626.7369063,43188.1528607,-0.147847984283921,4.166666666666667,-0.136801434036019,1917.0607668871799
89629.6624967,43187.7171386,-0.5210563810568799,4.166666666666667,-0.1261751595416546,1920.018626406666
89632.1322734,43186.2995723,-0.625365981588737,4.166666666666667,-0.0366296555896393,1922.866308123918
89634.642422,43184.4871419,-0.5785108773520141,4.166666666666667,0.0151336560880004,1925.9623943547842
89637.2185154,43182.8048442,-0.3276579028433158,4.166666666666667,0.0815318364930084,1929.0391430863083
89639.9822828,43181.8654118,-0.0204737334603762,4.166666666666667,0.1052337358999068,1931.9582086003857
89642.8997601,43181.8056718,0.1864493755584831,4.166666666666667,0.0709104890601555,1934.8762974721649
89645.8452275,43182.3613059,0.358059797389733,4.166666666666667,0.0572527724466234,1937.8737142696002
89648.6392499,43183.4067994,0.4870206746166064,4.166666666666667,0.0432287123995513,1940.8569369951563
89651.2792464,43184.8048551,0.4723285321203338,4.166666666666667,-0.004918151625111,1943.844267117566
89653.9579201,43186.1733861,0.3976299583185054,4.166666666666667,-0.0248331571504965,1946.8522847187567
89656.6963393,43187.3235285,0.1127877033974817,4.166666666666667,-0.0959017688085471,1949.8224307177284
89659.6203205,43187.6547232,-0.2919743326758871,4.166666666666667,-0.1375488535364322,1952.7651090873896
89662.4651057,43186.7996826,-0.872647163472559,4.166666666666667,-0.1954795293777628,1955.7356136340552
89663.84603236795,43185.15401664483,-1.3227931757114215,4.166666666666667,-0.2095363262395514,1957.8839094466116
89664.6369165013,43182.03065848995,-1.6162993446539995,4.166666666666667,-0.0910962470908322,1961.1058442498086
89664.5120400592,43179.28819767104,-2.166813889936078,4.166666666666667,-0.2005296530972311,1963.8511466865268
89663.0135227539,43177.078993122464,-2.7426829749560286,4.166666666666667,-0.2157230859682563,1966.520629567486
89660.1639421,43175.8778704,-2.9913074026453548,4.166666666666667,-0.0803990895217546,1969.61300821466
89657.2102013,43175.4305943,-2.993340486130537,4.166666666666667,-0.0006805496956241,1972.6004219160473
89654.2806368,43174.9930699,-3.0724607591315123,4.166666666666667,-0.0267112684371843,1975.5624779182563
89651.40001363785,43174.7936091067,-2.777332683105078,4.166666666666667,0.1022081332592587,1978.4499983788621
89648.40297902725,43173.65091709882,-2.4883577899963205,4.166666666666667,0.0900939124109209,1981.657483605952
89646.11357758859,43171.8987893534,-1.979728577753856,4.166666666666667,0.1764276070514393,1984.5404179762752
89645.15619153244,43169.68958480483,-1.39504420857481,4.166666666666667,0.2428361622990565,1986.9481498546063
89645.69732278158,43166.64240611715,-0.9928965620189216,4.166666666666667,0.1299407509398248,1990.0430038064826
89647.23746556757,43164.280842634194,-0.8287124675346966,4.166666666666667,0.0582336800110206,1992.8624047863477
89649.02619,43162.3300419,-0.4277724316764127,4.166666666666667,0.1514852816461473,1995.5091308015842
89651.7586664,43161.0842303,-0.3940189952495874,4.166666666666667,0.0112396159095346,1998.5122081930626
89654.5054536,43159.9422239,-0.1056189649700155,4.166666666666667,0.0969499856525415,2001.4869381874864
89657.4697214,43159.6279716,0.2833188744539424,4.166666666666667,0.1304775781130631,2004.4678169334647
89660.3626944,43160.4702638,0.7173221532445161,4.166666666666667,0.1440389701363227,2007.4809131697111
89662.4415384,43162.2837251,1.13017585212528,4.166666666666667,0.1496570454518084,2010.2395784743373
89663.7433917,43165.0445869,1.0727601163599043,4.166666666666667,-0.018809995608111,2013.2919840655761
89665.2345049,43167.7868371,0.8773158682952173,4.166666666666667,-0.0626135945044787,2016.4134187893198
89667.25932178558,43170.22284107518,0.2248946715184066,4.166666666666667,-0.2059638685636566,2019.5810675683344
89670.25635639616,43170.9084562799,-0.4656837274342673,4.166666666666667,-0.2246180193823199,2022.6555243766159
89673.1466288,43169.4559564,-0.657808122551407,4.166666666666667,-0.0593943955353458,2025.8902470029755
89675.5262027,43167.6175006,-0.8767665279258187,4.166666666666667,-0.0728152534707768,2028.8972873542432
89677.4284359,43165.3315296,-1.0682870960600834,4.166666666666667,-0.0644002064405693,2031.871199686512
89678.8681197,43162.7118511,-1.2903408752109975,4.166666666666667,-0.0742849868295419,2034.8604144475034
89679.6925565,43159.8496954,-1.5681591320066155,4.166666666666667,-0.0932736646086878,2037.8389428237729
89679.7003982,43156.8762018,-1.8816095502060648,4.166666666666667,-0.1054144956652776,2040.8124467638263
89678.7977386,43154.0661426,-2.1743296275923525,4.166666666666667,-0.0991774286697024,2043.763925556054
89677.1083911,43151.6154561,-2.448188021585644,4.166666666666667,-0.0920057765916373,2046.740460336134
89674.8028642,43149.6993879,-2.6838212537060127,4.166666666666667,-0.0786021974297247,2049.7382547976827
89672.1227492,43148.3789591,-2.847184022130121,4.166666666666667,-0.0546778333450808,2052.725987822748
89669.3292198,43147.5319041,-2.991391489099984,4.166666666666667,-0.0494008702509282,2055.645115891492
89666.3609214,43147.0826789,-2.9658712142577097,4.166666666666667,0.0085008104215648,2058.6472149357824
89663.3324443,43146.5449646,-2.964991956741601,4.166666666666667,0.0002858590356028,2061.7230579443985
89660.26624102752,43145.99777050809,-2.3338201200030677,4.166666666666667,0.2026463684327235,2064.8377046149512
89658.22659247309,43143.86474542671,-1.943261820256922,4.166666666666667,0.1323359184097202,2067.7889691275604
89657.0352283,43140.8154564,-1.8382220666782167,4.166666666666667,0.0320853441362181,2071.062730291934
89656.238542,43137.9077219,-1.612575989569454,4.166666666666667,0.0748436069379172,2074.077631448367
89656.10369295724,43134.68197608961,-1.4604412019669084,4.166666666666667,0.0471215145751741,2077.3061946423586
89656.39507132217,43132.05233313095,-1.6006872630403348,4.166666666666667,-0.0530083184398668,2079.9519314852
89656.31182036076,43129.26800529235,-1.762176050577975,4.166666666666667,-0.0579732918421307,2082.7375036410367
89655.56256170811,43125.40088329432,-2.1644297068582223,4.166666666666667,-0.1021197680922783,2086.67654173126
89654.1702684,43123.3377092,-2.2872421430323397,4.166666666666667,-0.0493418924542567,2089.165551172638
89652.2090483,43121.0855021,-2.8983781116335274,4.166666666666667,-0.2046369803383873,2092.151990708594
89649.65174344832,43120.45096713682,-3.1138675928284214,4.166666666666667,-0.0817842966054726,2094.7868422649312
89646.86283624124,43120.37362469686,3.0907309360049955,4.166666666666667,2.223886830495263,2097.576821702622
89643.82417614995,43120.52830957678,2.833229410767378,4.166666666666667,-0.084632213579589,2100.619416411497
89640.91039250077,43121.45641885631,2.8927189743014745,4.166666666666667,0.0194535843720198,2103.6774422434696
89638.2639728,43122.1289866,2.5049158335994464,4.166666666666667,-0.1420239977387812,2106.407988819234
89635.8697192,43123.8992766,2.3524329320787007,4.166666666666667,-0.0512092070313766,2109.385635034832
89633.7704304,43126.0144183,2.2640656948558173,4.166666666666667,-0.0296527042574672,2112.3657085031946
89631.8625729,43128.3106974,2.21622444711869,4.166666666666667,-0.0160248871580621,2115.351142800812
89630.0674883,43130.6945594,2.1985291773479267,4.166666666666667,-0.0059297602597292,2118.3352887014375
89628.3148229,43133.1098699,2.184558262080359,4.166666666666667,-0.0046815991092539,2121.319507328776
89626.5962446,43135.5491846,2.1797791597616643,4.166666666666667,-0.0016016197711309,2124.303425487654
89624.8893618,43137.9966586,2.1799603037858284,4.166666666666667,6.070741363980466e-05,2127.2873118584175
89623.1819638,43140.4439264,2.1773904387128,4.166666666666667,-0.000861211373529,2130.2713238582805
89621.4806511,43142.8958758,2.176604594502028,4.166666666666667,-0.0002633191325749,2133.255703318623
89619.7813115,43145.3490954,2.1689812842645804,4.166666666666667,-0.0025544725331945,2136.2400024795593
89618.100974,43147.8148295,2.1590503015584708,4.166666666666667,-0.0033282412651329,2139.223855486295
89616.4459781,43150.2959718,2.1297688898982385,4.166666666666667,-0.0098178663705799,2142.206317312011
89614.8648117,43152.8237383,2.039721989823553,4.166666666666667,-0.030201286418363,2145.187875740593
89613.5157321,43155.4866665,1.8506785840059417,4.166666666666667,-0.0633276511069148,2148.1730394489146
89612.6932589,43158.3481709,1.558803517423038,4.166666666666667,-0.0980315163562023,2151.1503989495304
89612.7291468,43161.3404789,1.2102974467064875,4.166666666666667,-0.1164589369284433,2154.1429221504823
89613.7741219,43164.1124982,0.6768977296867748,4.166666666666667,-0.1800540485913915,2157.1053643793166
89616.038489,43165.9320151,0.191816290336616,4.166666666666667,-0.1669917031562329,2160.0101879734343
89618.9507637,43166.4975904,-0.3446350008353361,4.166666666666667,-0.180825166021293,2162.9768728822637
89621.7102618,43165.5070397,-0.7629678656836332,4.166666666666667,-0.1426833392421388,2165.908769956374
89623.8840814,43163.4286152,-0.8966831543609823,4.166666666666667,-0.0444599138631053,2168.9163171389678
89625.7384085,43161.107721,-1.0650731368394657,4.166666666666667,-0.0566835385384467,2171.8870205710455
89627.1816511,43158.5014474,-1.130693627705753,4.166666666666667,-0.0220262385288445,2174.8662169862823
89628.4528769,43155.8019154,-1.1828489229623198,4.166666666666667,-0.0174790698610609,2177.8500883061606
89629.5826044,43153.0374306,-1.210789272654377,4.166666666666667,-0.0093558235567836,2180.836500942363
89630.6338945,43150.2444985,-0.994752554307908,4.166666666666667,0.0723925732542478,2183.8207396375083
89632.2522925146,43147.75284844299,-1.1673631277384582,4.166666666666667,-0.0580962019984153,2186.791855949643
89633.20967857075,43145.509917684125,-1.0906192381801632,4.166666666666667,0.0314689982049965,2189.230570047193
89634.45844299185,43143.11230204535,-1.0318510455811805,4.166666666666667,0.0217392149842386,2191.9338963927667
89636.12346221996,43140.32797420675,-0.720726092742034,4.166666666666667,0.0959021902019003,2195.178086668131
89638.4128636586,43138.31707076777,-0.4690269064337992,4.166666666666667,0.0826016486626834,2198.2252314937277
89640.70226509725,43137.15693416836,-0.1088652375413915,4.166666666666667,0.1403280738093699,2200.791800385578
89642.82516461308,43136.92490684848,0.3227551563878663,4.166666666666667,0.2021128230818425,2202.927342244565
89644.90643864822,43137.62098880812,0.7013335229027761,4.166666666666667,0.1725051666021473,2205.1219337108487
89646.73795979914,43139.16783760734,1.1743608879088183,4.166666666666667,0.1973139075448426,2207.519267841483
89647.61209489389,43141.25608348628,1.5492717655975268,4.166666666666667,0.1656098116080189,2209.783088288161
89647.6953458553,43145.12320548432,2.052177651165908,4.166666666666667,0.1300164283618077,2213.6511062910004
89646.32170499211,43147.75284844299,2.0528682880645386,4.166666666666667,0.0002327883722358,2216.6179078197747
89644.86481316751,43150.53717628158,2.160184008454323,4.166666666666667,0.0341502947671844,2219.760361526877
89643.1581684587,43153.08947680029,2.286443206417051,4.166666666666667,0.0411224681364975,2222.830683024693
89641.4098982692,43155.10038023927,2.3992989410819625,4.166666666666667,0.04235346176113,2225.4952995630388
89639.4771382,43156.8733096,2.236952445541231,4.166666666666667,-0.0618992396266852,2228.1180538411177
89637.6355434,43159.2162561,2.261906319802911,4.166666666666667,0.0083735618616286,2231.098132650355
89635.7318312,43161.5176381,2.281972868338938,4.166666666666667,0.006718596915089,2234.0848497863335
89633.7847531,43163.7775397,2.292650359802425,4.166666666666667,0.0035794515056886,2237.0678463282666
89631.807161,43166.0239011,2.2680785951760924,4.166666666666667,-0.0082102203996253,2240.0606727604845
89629.8754824,43168.3299613,2.222071395622349,4.166666666666667,-0.0152939055918794,2243.0688775174285
89628.0728391,43170.6949574,2.290197631382741,4.166666666666667,0.0229097961590532,2246.0425502331273
89626.1769196,43172.8592263,2.3707652834534634,4.166666666666667,0.0280016116719192,2248.9198007648
89623.9486293,43175.0235088,2.4526462641841933,4.166666666666667,0.0263592447076077,2252.026148523964
89621.6377949354,43176.92663418808,2.015354033057436,4.166666666666667,-0.1460740691720781,2255.019782052524
89620.22252859152,43179.897633408575,1.4901245111396102,4.166666666666667,-0.1596021016937769,2258.3106505081637
89620.4575395,43182.8044835,1.1962602461293157,4.166666666666667,-0.1007649340355501,2261.226985122213
89621.5366302,43185.5496266,0.6698174305122717,4.166666666666667,-0.1784782925729646,2264.1766032972178
89623.8589911,43187.3888367,0.2594925815951607,4.166666666666667,-0.1385090582036362,2267.1390438353224
89626.7369063,43188.1528607,-0.147847984283921,4.166666666666667,-0.136801434036019,2270.11664833742
89629.6624967,43187.7171386,-0.5210563810568799,4.166666666666667,-0.1261751595416546,2273.074507856906
89632.1322734,43186.2995723,-0.625365981588737,4.166666666666667,-0.0366296555896393,2275.9221895741584
89634.642422,43184.4871419,-0.5785108773520141,4.166666666666667,0.0151336560880004,2279.0182758050246
89637.2185154,43182.8048442,-0.3276579028433158,4.166666666666667,0.0815318364930084,2282.095024536549
89639.9822828,43181.8654118,-0.0204737334603762,4.166666666666667,0.1052337358999068,2285.0140900506262
89642.8997601,43181.8056718,0.1864493755584831,4.166666666666667,0.0709104890601555,2287.9321789224055
89645.8452275,43182.3613059,0.358059797389733,4.166666666666667,0.0572527724466234,2290.9295957198406
89648.6392499,43183.4067994,0.4870206746166064,4.166666666666667,0.0432287123995513,2293.9128184453966
89651.2792464,43184.8048551,0.4723285321203338,4.166666666666667,-0.004918151625111,2296.9001485678064
89653.9579201,43186.1733861,0.3976299583185054,4.166666666666667,-0.0248331571504965,2299.908166168997
89656.6963393,43187.3235285,0.1127877033974817,4.166666666666667,-0.0959017688085471,2302.878312167969
89659.6203205,43187.6547232,-0.2919743326758871,4.166666666666667,-0.1375488535364322,2305.82099053763
89662.4651057,43186.7996826,-0.872647163472559,4.166666666666667,-0.1954795293777628,2308.7914950842955
89663.84603236795,43185.15401664483,-1.3227931757114215,4.166666666666667,-0.2095363262395514,2310.9397908968517
89664.6369165013,43182.03065848995,-1.6162993446539995,4.166666666666667,-0.0910962470908322,2314.1617257000485
89664.5120400592,43179.28819767104,-2.166813889936078,4.166666666666667,-0.2005296530972311,2316.9070281367667
89663.0135227539,43177.078993122464,-2.7426829749560286,4.166666666666667,-0.2157230859682563,2319.576511017726
89660.1639421,43175.8778704,-2.9913074026453548,4.166666666666667,-0.0803990895217546,2322.6688896649002
89657.2102013,43175.4305943,-2.993340486130537,4.166666666666667,-0.0006805496956241,2325.6563033662874
89654.2806368,43174.9930699,-3.0724607591315123,4.166666666666667,-0.0267112684371843,2328.6183593684964
89651.40001363785,43174.7936091067,-2.777332683105078,4.166666666666667,0.1022081332592587,2331.505879829102
89648.40297902725,43173.65091709882,-2.4883577899963205,4.166666666666667,0.0900939124109209,2334.713365056192
89646.11357758859,43171.8987893534,-1.979728577753856,4.166666666666667,0.1764276070514393,2337.596299426515
89645.15619153244,43169.68958480483,-1.39504420857481,4.166666666666667,0.2428361622990565,2340.004031304846
89645.69732278158,43166.64240611715,-0.9928965620189216,4.166666666666667,0.1299407509398248,2343.0988852567225
89647.23746556757,43164.280842634194,-0.8287124675346966,4.166666666666667,0.0582336800110206,2345.918286236588
89649.02619,43162.3300419,-0.4277724316764127,4.166666666666667,0.1514852816461473,2348.5650122518246
89651.7586664,43161.0842303,-0.3940189952495874,4.166666666666667,0.0112396159095346,2351.568089643303
89654.5054536,43159.9422239,-0.1056189649700155,4.166666666666667,0.0969499856525415,2354.542819637727
89657.4697214,43159.6279716,0.2833188744539424,4.166666666666667,0.1304775781130631,2357.5236983837053
89660.3626944,43160.4702638,0.7173221532445161,4.166666666666667,0.1440389701363227,2360.5367946199517
89662.4415384,43162.2837251,1.13017585212528,4.166666666666667,0.1496570454518084,2363.2954599245777
89663.7433917,43165.0445869,1.0727601163599043,4.166666666666667,-0.018809995608111,2366.3478655158165
89665.2345049,43167.7868371,0.8773158682952173,4.166666666666667,-0.0626135945044787,2369.46930023956
89667.25932178558,43170.22284107518,0.2248946715184066,4.166666666666667,-0.2059638685636566,2372.636949018575
89670.25635639616,43170.9084562799,-0.4656837274342673,4.166666666666667,-0.2246180193823199,2375.711405826856
89673.1466288,43169.4559564,-0.657808122551407,4.166666666666667,-0.0593943955353458,2378.946128453216
89675.5262027,43167.6175006,-0.8767665279258187,4.166666666666667,-0.0728152534707768,2381.9531688044835
89677.4284359,43165.3315296,-1.0682870960600834,4.166666666666667,-0.0644002064405693,2384.9270811367523
89678.8681197,43162.7118511,-1.2903408752109975,4.166666666666667,-0.0742849868295419,2387.9162958977436
89679.6925565,43159.8496954,-1.5681591320066155,4.166666666666667,-0.0932736646086878,2390.894824274013
89679.7003982,43156.8762018,-1.8816095502060648,4.166666666666667,-0.1054144956652776,2393.8683282140664
89678.7977386,43154.0661426,-2.1743296275923525,4.166666666666667,-0.0991774286697024,2396.819807006294
89677.1083911,43151.6154561,-2.448188021585644,4.166666666666667,-0.0920057765916373,2399.7963417863743
89674.8028642,43149.6993879,-2.6838212537060127,4.166666666666667,-0.0786021974297247,2402.794136247923
89672.1227492,43148.3789591,-2.847184022130121,4.166666666666667,-0.0546778333450808,2405.781869272988
89669.3292198,43147.5319041,-2.991391489099984,4.166666666666667,-0.0494008702509282,2408.700997341732
89666.3609214,43147.0826789,-2.9658712142577097,4.166666666666667,0.0085008104215648,2411.7030963860225
89663.3324443,43146.5449646,-2.964991956741601,4.166666666666667,0.0002858590356028,2414.7789393946387
89660.26624102752,43145.99777050809,-2.3338201200030677,4.166666666666667,0.2026463684327235,2417.8935860651914
89658.22659247309,43143.86474542671,-1.943261820256922,4.166666666666667,0.1323359184097202,2420.8448505778006
89657.0352283,43140.8154564,-1.8382220666782167,4.166666666666667,0.0320853441362181,2424.118611742174
89656.238542,43137.9077219,-1.612575989569454,4.166666666666667,0.0748436069379172,2427.133512898607
89656.10369295724,43134.68197608961,-1.4604412019669084,4.166666666666667,0.0471215145751741,2430.3620760925987
89656.39507132217,43132.05233313095,-1.6006872630403348,4.166666666666667,-0.0530083184398668,2433.00781293544
89656.31182036076,43129.26800529235,-1.762176050577975,4.166666666666667,-0.0579732918421307,2435.793385091277
89655.56256170811,43125.40088329432,-2.1644297068582223,4.166666666666667,-0.1021197680922783,2439.7324231815
89654.1702684,43123.3377092,-2.2872421430323397,4.166666666666667,-0.0493418924542567,2442.221432622878
89652.2090483,43121.0855021,-2.8983781116335274,4.166666666666667,-0.2046369803383873,2445.207872158834
89649.65174344832,43120.45096713682,-3.1138675928284214,4.166666666666667,-0.0817842966054726,2447.8427237151714
89646.86283624124,43120.37362469686,3.0907309360049955,4.166666666666667,2.223886830495263,2450.632703152862
89643.82417614995,43120.52830957678,2.833229410767378,4.166666666666667,-0.084632213579589,2453.675297861737
89640.91039250077,43121.45641885631,2.8927189743014745,4.166666666666667,0.0194535843720198,2456.7333236937097
89638.2639728,43122.1289866,2.5049158335994464,4.166666666666667,-0.1420239977387812,2459.4638702694742
89635.8697192,43123.8992766,2.3524329320787007,4.166666666666667,-0.0512092070313766,2462.441516485072
89633.7704304,43126.0144183,2.2640656948558173,4.166666666666667,-0.0296527042574672,2465.4215899534347
89631.8625729,43128.3106974,2.21622444711869,4.166666666666667,-0.0160248871580621,2468.407024251052
89630.0674883,43130.6945594,2.1985291773479267,4.166666666666667,-0.0059297602597292,2471.3911701516777
